,error,freq,rate
1,24.4098252557,15271.2082647,267.396238346
2,17.0501781094,15271.2363449,230.019478281
3,18.556323287,15271.2787321,176.040739756
4,18.7698031566,15271.3138519,253.2184885
5,20.9821572808,15271.3480751,222.054280539
6,18.0694922325,15271.3821614,231.402407345
7,25.0618919998,15271.4151346,239.075212403
8,21.683563423,15271.4468273,242.429609041
9,16.8426790229,15271.4802111,200.703684089
10,18.6699012669,15271.521121,134.630572651
11,19.587017727,15271.5415775,197.819182262
12,17.3444245564,15271.5744833,214.538683385
13,24.0753753652,15271.6101998,229.664443497
14,22.2717590352,15271.637199,248.007812508
15,18.0457623978,15271.6740864,228.975055461
16,18.869614399,15271.7081651,205.843191193
17,14.2744989508,15271.7323421,89.1442173757
18,18.157680098,15271.7740209,231.821740754
19,21.4797186698,15271.8074755,235.298528886
20,19.8024956343,15271.8432644,265.678358174
21,22.9803073833,15271.8765546,200.337675151
22,20.1911269339,15271.9093979,229.327118512
23,18.3836723963,15271.9375878,236.14254758
24,23.0715845455,15271.9744804,254.833980543
25,17.2505639031,15272.0118548,213.377691222
26,20.6161464148,15272.046113,219.152642486
27,16.4637865188,15272.0828602,190.582107544
28,27.0761116768,15272.1110581,297.837228444
29,22.1836187711,15272.1505311,250.978996229
30,14.9755918581,15272.182377,154.183154914
31,19.7820738179,15272.2090831,271.23813075
32,22.4874102683,15272.2486023,213.334305379
33,22.9558570793,15272.2786866,254.592770974
34,17.0365044999,15272.3111953,204.438053999
35,22.197606587,15272.3457735,254.063219894
36,15.9848968163,15272.3769838,183.65248232
37,20.0324902938,15272.4179642,183.600806259
38,22.8285924556,15272.4459148,236.140796528
39,18.9804076049,15272.4743566,289.100955551
40,21.2903954018,15272.5130655,215.0224535
41,22.1226380155,15272.5410116,219.002943019
42,16.7644358409,15272.5785204,225.542417165
43,22.7538488835,15272.6121249,202.240632619
44,25.1030107798,15272.6330931,256.001483632
45,15.0263567739,15272.6754983,182.184893695
46,20.5678022853,15272.71187,260.164406742
47,22.7156875416,15272.7421336,258.000615121
48,23.9428891091,15272.7693712,229.652124697
49,19.394598127,15272.8038582,246.852933372
50,17.3276711129,15272.8362243,168.889246812
51,19.9977659112,15272.8780194,280.682020021
52,19.3420674413,15272.9101221,187.528301472
53,14.5521376078,15272.9414955,149.823426571
54,26.6427055852,15272.9697392,278.158012537
55,17.0052304477,15273.0060145,206.877557173
56,20.7847775576,15273.039825,216.001744523
57,19.531542502,15273.0754009,272.04290762
58,21.7329092145,15273.1118648,169.739447149
59,18.0590448267,15273.1347629,175.088935702
60,19.2565730738,15273.1615574,179.613356322
61,17.1704996945,15273.2006088,216.511762964
62,18.863800502,15273.2412876,222.400927929
63,20.8325854474,15273.2708168,257.684850763
64,20.5088455495,15273.3029842,212.145147947
65,18.0147426781,15273.3421342,201.410946127
66,19.0106546096,15273.3779604,250.04612183
67,20.6175249164,15273.4100766,223.963647439
68,21.3542271451,15273.4386651,228.00075424
69,17.2894069016,15273.4797947,182.155204708
70,20.2856306616,15273.5144062,248.447221157
71,20.0210140174,15273.5400837,240.252168209
72,18.5495962084,15273.5828107,213.118634974
73,23.4964430994,15273.6222659,287.771481819
74,16.7750166293,15273.6506216,172.709366824
75,23.8734506854,15273.6768836,282.474477905
76,19.6587782194,15273.717728,265.211417771
77,21.5019842186,15273.7545671,202.84931342
78,19.5694086085,15273.7849879,229.054055193
79,20.4965319957,15273.8117804,256.001602574
80,18.4677084047,15273.8537537,209.752846774
81,24.075129096,15273.8838354,229.662094239
82,14.9767021972,15273.9147834,179.720426366
83,26.7951168943,15273.9431125,153.926227621
84,19.2078108397,15273.9731518,224.82166182
85,19.7057142659,15274.0042942,198.039977398
86,20.2693303511,15274.0330771,239.829951014
87,20.3291813424,15274.0681483,204.30574397
88,18.4687903206,15274.1026419,253.903888915
89,19.3605058596,15274.1328969,183.669885508
90,18.9991067861,15274.1723854,225.601893326
91,19.4900922313,15274.2078829,195.873002769
92,16.2100652759,15274.2381598,157.162413851
93,20.4546215925,15274.2721424,255.478141807
94,17.6726315601,15274.3116978,195.200595705
95,20.4204481629,15274.3429786,236.383777415
96,18.3036710628,15274.3740468,176.514211373
97,19.726200059,15274.4041552,243.200927738
98,19.2091586531,15274.4466287,220.69643054
99,19.4688214375,15274.4774482,235.242664482
100,22.1837309028,15274.5059381,250.980264854
101,20.9052327017,15274.5448783,261.941814965
102,18.5496399434,15274.5810189,213.119137451
103,19.3165529342,15274.6102651,225.267781867
104,21.2466487896,15274.6413585,230.797681976
105,20.8197428844,15274.6806354,261.700110081
106,21.4486693368,15274.7173133,282.927380152
107,19.7374076782,15274.751257,235.198357102
108,17.6631130713,15274.7847072,191.870520085
109,24.554715474,15274.819499,235.520557033
110,19.6718462027,15274.8477743,177.046615824
111,16.1220844648,15274.8777143,227.429988987
112,27.1670834127,15274.9162978,250.468133298
113,18.7479692905,15274.9473131,195.734545813
114,21.1033346797,15274.9768496,264.424025635
115,16.9530382601,15275.0120775,211.063624219
116,22.4212959604,15275.0482458,152.068627853
117,20.688300208,15275.0670117,214.001441369
118,18.4935197073,15275.1028357,208.411382698
119,21.8342990078,15275.1401791,243.136463806
120,18.4752883908,15275.1687513,192.000829064
121,19.9266331669,15275.2043575,260.574540779
122,18.2002242367,15275.2416092,198.54100662
123,21.7572142023,15275.2714742,246.154779235
124,19.8808915344,15275.3120905,236.90816458
125,19.3994644029,15275.3433819,235.206005898
126,21.6067037594,15275.3771509,223.501481575
127,17.6214954558,15275.4088967,195.43183865
128,16.8565936356,15275.4424886,171.904199762
129,21.740303841,15275.4770698,285.949051966
130,26.5036507902,15275.5105719,336.293628157
131,18.2719211717,15275.5444831,209.131696625
132,19.7910211918,15275.5797465,244.801412438
133,22.260041909,15275.6177253,301.949899331
134,20.0134850455,15275.6510806,241.823859896
135,26.2814989344,15275.6842083,280.609620704
136,16.3928089902,15275.7200455,194.653821717
137,24.1661956572,15275.7485027,292.001253133
138,35.8405436226,15275.7726268,260.923096064
139,12.8331918623,15275.8118545,166.337177585
140,24.2226591502,15275.8502305,296.665775657
141,25.2421056631,15275.8775718,195.524509713
142,22.0911743334,15275.9033734,244.004995806
143,21.5352583551,15275.9393568,320.868122813
144,17.1079908725,15275.978368,253.17514495
145,28.9190439933,15276.0104242,222.131391802
146,22.1121045671,15276.0413522,252.116782246
147,21.026656389,15276.0745698,182.096185895
148,18.6220507004,15276.1038528,262.035480256
149,19.1145403107,15276.1395532,235.659879903
150,22.2158597755,15276.1825362,252.323662976
151,19.8965103579,15276.2141424,241.232367833
152,18.4935296563,15276.241767,208.411494817
153,20.9778480557,15276.2796833,226.910120441
154,23.0699045043,15276.3135268,321.326587454
155,17.5060596765,15276.3453852,180.235915656
156,19.7243671826,15276.3804639,204.981636645
157,21.0448347203,15276.4154819,276.801583871
158,23.4463014788,15276.4517855,263.184081362
159,17.3529013405,15276.4819084,218.122587596
160,21.5405764158,15276.5200873,231.99910808
161,19.9198621533,15276.5543366,248.000283814
162,21.0316160079,15276.5903665,179.694205942
163,15.7404150061,15276.6169488,178.082467032
164,34.5641701446,15276.6461768,224.001424163
165,19.9784896924,15276.6660177,183.105882573
166,17.3586020214,15276.704524,199.435153536
167,19.2781384422,15276.7356015,226.466849247
168,18.9797838556,15276.7741406,213.891301345
169,24.4670895391,15276.8037815,292.583836333
170,18.5361111223,15276.837794,220.104124429
171,18.2738347873,15276.8738871,196.815223976
172,19.4949269187,15276.9069734,199.763556322
173,18.2001740114,15276.9451019,198.540458727
174,17.0246623879,15276.9780466,140.388962531
175,19.8963400717,15277.0107284,241.230303222
176,17.4929197356,15277.0489692,226.058342527
177,19.6416673837,15277.0836757,238.951196789
178,19.547290358,15277.1119102,191.523548925
179,15.9728521721,15277.1529481,154.036608004
180,18.1796101844,15277.1844889,203.254220884
181,19.3908494554,15277.2179587,188.001260647
182,18.755011495,15277.2511292,208.846969253
183,20.8014544613,15277.2860134,268.007992938
184,21.8759627121,15277.3221974,294.310977996
185,23.6103869292,15277.3584187,226.462875826
186,19.5378614776,15277.3739319,105.214604036
187,16.2837691721,15277.4094933,194.72555764
188,22.0272808564,15277.4399841,250.181818182
189,18.2752842248,15277.4746315,196.830834895
190,20.2849430243,15277.5018342,158.430469682
191,21.9648661384,15277.5402258,309.073062894
192,17.357014159,15277.5760816,219.550792489
193,18.5933285033,15277.6068912,169.393284344
194,24.123160456,15277.6496822,284.407867303
195,20.8841202732,15277.6794544,270.68913641
196,20.4081734114,15277.7121201,249.113503762
197,19.3564525318,15277.7444321,197.397858348
198,17.7612325574,15277.7808068,190.467999741
199,19.4688096925,15277.8180427,185.720607706
200,19.1326443825,15277.8453809,230.387546875
201,20.6372058127,15277.880912,255.268138151
202,20.2125352047,15277.9215232,212.952272384
203,18.692963494,15277.9524095,243.726425141
204,18.962613972,15277.9853475,221.140179742
205,35.084955826,15278.0188579,255.422333874
206,20.8807113402,15278.0361595,218.001026516
207,14.7827467013,15278.0781928,219.761328736
208,32.4486899984,15278.1102038,236.230028952
209,23.3974971879,15278.1363171,267.796595535
210,18.5166412921,15278.1713248,211.932646426
211,19.629160028,15278.2097934,231.424383662
212,20.0774315552,15278.2371496,209.614539348
213,18.8226807069,15278.2771174,217.888281936
214,20.1398247386,15278.3121736,246.661470593
215,19.8409059165,15278.346119,193.385229583
216,19.1063846452,15278.3746136,221.996128611
217,23.1356986083,15278.412402,276.662716432
218,20.4746507336,15278.4453278,246.547443276
219,16.8143156518,15278.4754403,179.527763969
220,17.2789748406,15278.5161714,166.632398871
221,21.6167457064,15278.5547363,257.593254339
222,19.0672928728,15278.5845353,221.541923261
223,20.9076207495,15278.6212031,264.462808094
224,21.1804503493,15278.6532568,179.722080847
225,16.4031492863,15278.6797301,193.390277947
226,19.8115369965,15278.7224966,235.248967567
227,34.582069328,15278.7528233,278.809556392
228,21.8023450769,15278.7716115,223.407556586
229,18.648553351,15278.8038738,213.442448948
230,16.2156299797,15278.841923,184.886628054
231,21.067386245,15278.8735098,226.902693969
232,21.155408634,15278.9097598,246.712340121
233,17.572190171,15278.9440684,236.409640244
234,16.5058118161,15278.9670905,109.487169308
235,18.4792207893,15279.0131132,211.504349195
236,17.4218605578,15279.0473066,180.213126899
237,19.9678360933,15279.0728981,205.581455133
238,18.7517196465,15279.110841,216.255380581
239,19.3872414996,15279.1499619,226.92184385
240,20.7571331988,15279.1766588,262.559274415
241,22.2886292733,15279.2120193,251.180095449
242,21.2611693766,15279.2471457,228.000640734
243,18.9500819115,15279.2863462,215.231556641
244,18.1047773607,15279.3207715,237.441929077
245,23.2382775195,15279.3499694,270.004385483
246,24.0173569252,15279.3892376,227.848653782
247,29.9997555546,15279.4038376,263.246786622
248,16.4344021491,15279.4438334,275.490780778
249,33.6786718434,15279.4792282,260.873870344
250,22.4641547734,15279.5033187,197.122158129
251,19.0203633106,15279.5377943,252.333633911
252,21.3553687912,15279.5720828,239.713420154
253,14.7836473916,15279.6068627,151.487306963
254,20.888096696,15279.6404367,224.971686431
255,17.9015957967,15279.6790436,195.283354939
256,23.2688730365,15279.7109392,265.30597206
257,20.5727488423,15279.7439762,307.904710688
258,23.597243107,15279.781793,261.706086129
259,16.5201139426,15279.8161834,174.832452491
260,17.7355111915,15279.8447766,188.53107003
261,19.1034733958,15279.8896641,226.035345488
262,21.2990833379,15279.9146065,231.367266963
263,23.0121588572,15279.9453869,204.536541885
264,17.8699530328,15279.9781727,264.451155198
265,25.3179340945,15280.0196219,246.768696854
266,16.3339241717,15280.0497066,193.265597142
267,21.30384228,15280.08415,269.474658071
268,19.6682466832,15280.122602,233.547489368
269,20.2117950314,15280.1568629,212.944474175
270,19.3535409741,15280.1896745,224.033433808
271,19.3201764397,15280.2220744,177.07234195
272,19.0809568762,15280.2524116,233.693040753
273,30.4810833263,15280.2713898,192.779297721
274,14.6288120817,15280.3155502,214.001071458
275,37.1683666015,15280.341238,280.615014071
276,21.1567413848,15280.3742229,230.79280105
277,18.4972030614,15280.4080003,243.994866074
278,25.5341947863,15280.4384105,325.998775844
279,16.3968208846,15280.4764485,162.320245323
280,20.1250530825,15280.5098514,251.361832435
281,19.6412815323,15280.5445856,229.054735536
282,22.0655995145,15280.5754585,240.70727274
283,22.9795339715,15280.6125964,266.998057126
284,17.4778551488,15280.6511689,192.256406637
285,18.5662310231,15280.6823516,210.05292572
286,20.7713453444,15280.7157714,258.601164052
287,22.5085216125,15280.7560368,248.614747173
288,17.7511077382,15280.7921112,192.007587439
289,20.9505607079,15280.8125866,278.729081607
290,26.7030941259,15280.8583148,208.557832243
291,19.9301540199,15280.8774328,283.260710176
292,16.1514642692,15280.9180189,209.346903656
293,22.3434046715,15280.9555866,251.797382837
294,26.2389391648,15280.9891455,208.265123089
295,21.4214640764,15281.0100348,236.60780424
296,18.7817711226,15281.0474758,281.099810631
297,20.2946104259,15281.0870105,255.09929743
298,30.0181799197,15281.1112221,281.595488354
299,27.4113526888,15281.1370475,305.239905275
300,16.8724852275,15281.1750099,198.923667088
301,19.9000098639,15281.2064627,201.963042253
302,19.4341713387,15281.2437574,241.953481937
303,18.1898664207,15281.2792001,182.805895092
304,19.1048537158,15281.3083781,230.052902933
305,19.4931369302,15281.3457039,219.676496689
306,17.959906642,15281.3814863,201.599452058
307,21.5978126623,15281.4113452,230.601535869
308,20.5013727985,15281.4486929,251.925086643
309,24.3425869485,15281.4800417,317.388502767
310,21.4146940361,15281.5146156,181.709704439
311,18.5663333123,15281.5454516,276.63213597
312,22.9747812998,15281.5799655,216.743653295
313,14.5654660269,15281.6151759,173.567559419
314,21.7512512675,15281.6560696,229.163652045
315,18.6499968085,15281.6890051,199.127475324
316,23.7556245468,15281.72269,191.523968068
317,27.2100375714,15281.735524,238.767110669
318,16.3483907966,15281.7741663,238.036163025
319,31.2382310467,15281.801924,289.691437201
320,18.1674195278,15281.8378814,242.383608252
321,21.31144786,15281.8732363,224.530035625
322,22.5963905045,15281.9031838,303.162391285
323,23.3780618875,15281.9380758,259.275248812
324,18.2795029715,15281.9743077,259.156682348
325,21.5626693851,15282.0070705,203.421816135
326,18.2870978788,15282.0451599,223.222477309
327,24.0833039957,15282.0767879,290.001382834
328,17.708871495,15282.1218713,225.397136183
329,20.8232481676,15282.148281,189.708819333
330,22.4761070672,15282.1761303,236.800481772
331,16.9025626219,15282.216773,202.125251059
332,19.7679440899,15282.2513067,193.685505137
333,17.3219898045,15282.2818958,215.657033904
334,21.7259248679,15282.3243793,236.003952808
335,21.817277933,15282.3587307,237.998404096
336,18.5274442048,15282.3847388,239.427344979
337,18.9317441814,15282.4235303,224.003418021
338,24.8656711914,15282.4572271,264.325710497
339,31.4682273327,15282.4759651,288.411067477
340,19.9776961126,15282.5070549,232.977970005
341,18.3621360682,15282.5401497,206.93076428
342,18.5119922997,15282.5718163,212.686598956
343,18.4389581279,15282.6146143,169.998794207
344,20.6797828098,15282.6520575,255.794786519
345,18.1070658746,15282.6766664,198.352968595
346,24.8420994592,15282.7145315,185.901249889
347,14.1335494894,15282.7446177,165.428955447
348,24.4265667632,15282.7819571,230.439769965
349,18.5973693546,15282.8089878,243.192160897
350,21.2268931068,15282.8496043,281.606559601
351,22.7102354943,15282.8848257,311.387060885
352,22.6360863082,15282.9198378,259.081849691
353,20.7388528208,15282.9512236,268.806255028
354,18.315193613,15282.9883441,200.632893738
355,21.816811137,15283.0274905,285.291825049
356,20.1875588247,15283.0555116,207.843639108
357,18.509217988,15283.0887537,201.911730498
358,22.7829315907,15283.1209288,267.638846428
359,18.7045151446,15283.1531193,178.429702399
360,19.38150213,15283.1725538,152.610100382
361,24.015358673,15283.2074012,294.126873694
362,18.7279805299,15283.2430394,210.221060067
363,22.0007035361,15283.2713714,242.007738897
364,15.0373064854,15283.3143547,161.257146907
365,21.4215161054,15283.3404203,213.141394086
366,23.460001682,15283.3753583,249.383238647
367,17.6287331255,15283.4108393,254.245204822
368,20.5646874858,15283.4484881,215.684261949
369,21.693923739,15283.4807551,289.433042759
370,22.1321890277,15283.5166293,239.396227133
371,20.1133999402,15283.5477502,290.776049814
372,20.1383201588,15283.5894901,207.336696016
373,20.8946469552,15283.6203653,256.757720388
374,24.1732357623,15283.6495244,298.02766606
375,18.9323274846,15283.6885303,250.45115132
376,24.1278216484,15283.7228839,244.870645612
377,24.3524840955,15283.7498752,297.259951493
378,24.127178557,15283.7804284,299.410411891
379,21.8140598785,15283.8029969,183.808535697
380,19.781748183,15283.8469889,240.655353263
381,18.2377673794,15283.8790599,198.950553956
382,20.9228336527,15283.9155118,273.601552514
383,20.836873036,15283.9407027,219.5300796
384,21.7860218385,15283.9764026,234.642636184
385,17.201407,15284.007384,211.374428017
386,21.1661524186,15284.0417007,224.001502047
387,21.2704052279,15284.0859995,275.695961664
388,21.0671034968,15284.1166577,228.847320871
389,16.027701115,15284.1466672,180.623018426
390,19.7057862366,15284.1806615,198.040700694
391,16.3860638747,15284.217023,166.300385443
392,20.1985283063,15284.2544363,203.995136377
393,17.9892940193,15284.2866519,226.121919528
394,22.8908927891,15284.3238445,261.998243165
395,21.5866162375,15284.3588682,242.309166302
396,18.278629116,15284.3935937,184.605105023
397,17.1508388497,15284.4218591,199.274739715
398,23.850985174,15284.4637722,213.329696717
399,25.1962893353,15284.4769362,264.26091196
400,24.9805056828,15284.505521,312.006415976
401,22.7382195426,15284.539541,315.070012171
402,17.3469479953,15284.5755536,155.155819679
403,16.6160916519,15284.6080442,169.451551146
404,18.6039430652,15284.6434205,195.119800976
405,17.3809986885,15284.6840115,188.805973471
406,22.8996686418,15284.7143412,278.586492741
407,20.1671494425,15284.7453633,236.910363842
408,20.6346044623,15284.7813639,264.251871925
409,21.5077652295,15284.8210947,272.054102022
410,20.4070793813,15284.8541812,225.403559073
411,25.3427998458,15284.8863658,250.880918753
412,18.0472639495,15284.9150273,266.464658936
413,25.2193034837,15284.9539189,318.003317033
414,18.5495123091,15284.9950574,213.117671045
415,22.5530925644,15285.0241024,294.056350581
416,51.3068211503,15285.0634447,261.614482226
417,17.1310729429,15285.0733845,244.680662652
418,23.6794355339,15285.1063191,224.642849983
419,19.103871878,15285.1386497,226.040060393
420,21.4477639959,15285.1745705,230.0016451
421,20.250483689,15285.21194,290.649119155
422,21.5691830672,15285.2451099,237.261013739
423,20.0697411079,15285.2802189,239.158566971
424,21.3931242467,15285.3143552,231.402019242
425,20.4387784584,15285.3545099,256.911461499
426,17.808562066,15285.3846814,183.350368374
427,25.6572330265,15285.4136973,288.001726433
428,16.8555886147,15285.4511175,196.568252743
429,17.9269964986,15285.4809684,164.303636876
430,18.0870581418,15285.5198685,235.131755843
431,21.4794174234,15285.5606204,235.295228897
432,20.2975660281,15285.5946224,246.930548184
433,22.5383401492,15285.6192158,253.994194104
434,19.131790256,15285.656671,251.639412499
435,24.5123007562,15285.6901434,206.544317457
436,29.3652846847,15285.7041494,256.000616778
437,17.6134674049,15285.744392,247.216795754
438,22.3798790739,15285.7744862,213.490439716
439,21.103936203,15285.805548,266.946023986
440,24.6030254494,15285.8470541,283.735931013
441,17.9785826137,15285.8799722,239.189484729
442,21.2604037743,15285.9117681,226.001192159
443,27.5525866021,15285.945817,311.721933209
444,19.1303662483,15285.9772074,255.946856574
445,23.5335794033,15286.0121819,349.059391933
446,20.043932117,15286.0507412,211.175928631
447,22.6099838077,15286.0860928,290.430500609
448,21.9111568005,15286.1223651,289.85735916
449,21.1855425136,15286.1509309,235.912217229
450,20.5423143937,15286.1890209,303.30363727
451,49.2315267969,15286.2145294,202.986785094
452,17.8122466161,15286.2412491,195.123385429
453,22.8744924045,15286.2724298,288.436374335
454,18.2495821069,15286.3035339,176.936263171
455,19.5506524755,15286.3443617,241.036631774
456,21.7901254054,15286.3754732,247.488250042
457,18.4290954554,15286.4121878,240.286006837
458,21.6042042455,15286.4469498,238.626235381
459,28.0435136893,15286.4768936,307.201300787
460,19.0438447024,15286.5132776,296.252698036
461,22.8173312898,15286.5473936,255.105519146
462,22.37149923,15286.5851062,309.988586463
463,21.3541781418,15286.6185153,228.000231028
464,17.5278097065,15286.6579253,214.670950448
465,20.0000756982,15286.6911204,200.000756982
466,18.590433972,15286.7226955,216.001323517
467,25.8951824939,15286.7541947,240.142043319
468,19.245478184,15286.7881847,241.911909637
469,21.328316202,15286.8160143,236.542469459
470,28.2267498891,15286.8397025,227.571333003
471,15.8025840279,15286.872078,179.482852642
472,23.9352353726,15286.9109591,274.994918115
473,19.0516095122,15286.9480273,234.110097125
474,21.5288585952,15286.9786301,273.170591642
475,23.3810718262,15287.015675,333.128995297
476,20.688280478,15287.0480455,214.00123728
477,18.5473508583,15287.0793847,172.001055962
478,18.3930308605,15287.1122274,212.914725389
479,20.9508690934,15287.1499302,267.482790606
480,18.854634789,15287.1891904,216.623261447
481,20.5899839329,15287.2231465,211.986859183
482,18.8464242634,15287.2563151,214.882297961
483,22.8658451746,15287.2866943,263.701790757
484,30.6715107678,15287.3171017,196.393493996
485,16.5528136716,15287.3432692,218.346608487
486,25.9848969876,15287.3776576,267.530888636
487,18.479270138,15287.4085667,211.504914017
488,23.0334306523,15287.4411288,270.581544106
489,20.0606772005,15287.4796973,249.753417014
490,21.0358914853,15287.5089669,262.73820044
491,23.9931229885,15287.5442921,233.856035458
492,17.9897780876,15287.5772313,228.9724934
493,15.9912564898,15287.6122295,123.86774014
494,20.3180480808,15287.6479424,256.200837961
495,22.3661186582,15287.6828025,257.938663425
496,21.0360620094,15287.7186651,262.740330285
497,18.5417728164,15287.7499036,205.638208314
498,20.7673993362,15287.7867453,276.292278048
499,20.9029696499,15287.8291299,204.806439005
500,33.5936292041,15287.84531,246.861750475
501,17.268399516,15287.8809392,304.531542526
502,31.7755318247,15287.9198541,210.775033153
503,19.067547456,15287.9422431,221.544881251
504,24.0824649848,15287.9763136,289.991279805
505,23.4393218598,15288.0090347,334.780478951
506,20.6271076461,15288.0417772,259.278722682
507,18.4901391024,15288.0851739,199.144892746
508,22.9761384605,15288.1186711,280.459511953
509,26.0992012701,15288.1448808,273.730732223
510,20.3890989115,15288.1742982,287.623635207
511,20.8781182977,15288.2161315,229.659301274
512,18.5274315388,15288.2555443,239.427181297
513,21.9732118836,15288.285517,238.690177378
514,19.1010168021,15288.3253306,224.386141098
515,22.7061906076,15288.3560888,254.876357437
516,18.1230912076,15288.3864826,203.431194264
517,21.3010007611,15288.417944,271.952972494
518,27.8049161913,15288.4522206,169.130702367
519,20.0989676488,15288.4711425,246.161075481
520,21.9090165646,15288.5074772,240.001251704
521,19.6520859393,15288.5396414,273.721883419
522,26.6506584787,15288.5766403,284.551166045
523,18.9038529867,15288.6146838,251.499406402
524,21.7696335407,15288.6532634,244.363530435
525,23.7879555235,15288.679342,233.073412226
526,17.4927946696,15288.7160772,212.088863938
527,21.4474360925,15288.7528724,229.998128727
528,17.597486274,15288.7893762,228.767321563
529,24.5621230541,15288.8248721,289.583160009
530,20.7778261036,15288.8587268,271.705332756
531,27.9828571463,15288.8850738,229.049557308
532,19.9676346976,15288.9096991,205.579381637
533,20.1616100236,15288.9444551,277.176312196
534,25.8189064834,15288.9754032,267.072845351
535,17.8138198073,15289.0074413,190.19954805
536,22.1877233527,15289.0446522,258.751095052
537,19.7144148932,15289.0740251,239.024577655
538,21.7751391622,15289.1119553,278.857842686
539,21.5100772385,15289.148448,291.776883588
540,23.4096014453,15289.1789234,274.002359947
541,27.2274994518,15289.2122928,297.016953121
542,16.2181263632,15289.243853,190.51984657
543,19.1676937025,15289.2854224,220.220034527
544,21.4802401582,15289.3282117,285.77600836
545,24.147417427,15289.3580718,285.716096108
546,20.8223376102,15289.390502,264.20584534
547,41.995035733,15289.4112061,330.669242031
548,23.0539066524,15289.4398938,282.351539381
549,18.4925644534,15289.4761749,233.182365263
550,22.2812902552,15289.5118482,255.992535433
551,20.2443363119,15289.5435757,252.039954511
552,21.2603822315,15289.5768234,226.000963156
553,18.5422245886,15289.6209556,205.64321871
554,18.9285544427,15289.6491423,222.360167103
555,20.0977417336,15289.6818607,233.514657092
556,22.927772977,15289.7269614,284.526180073
557,25.6018116443,15289.750552,228.989564735
558,14.285501769,15289.7807633,157.140519459
559,24.4739418711,15289.8198425,287.503719347
560,21.2464669443,15289.8556664,298.208374212
561,21.5283289911,15289.8913267,273.163871719
562,54.4372934605,15289.9088157,261.072088022
563,20.8069573373,15289.9407964,300.082206264
564,19.7995569332,15289.9727256,196.005613607
565,21.9584388824,15290.0109058,303.471663071
566,20.2985483226,15290.0456614,251.079176342
567,21.461905495,15290.0775166,271.474017166
568,21.04545901,15290.120816,235.29538482
569,18.7893329354,15290.1518498,204.104399253
570,18.8236138899,15290.1782716,188.236138899
571,22.8465595843,15290.2216105,309.90581216
572,21.0788699614,15290.25511,270.762987149
573,20.1543778851,15290.2867254,249.295886517
574,21.7486307477,15290.3249628,219.650403639
575,22.9713070156,15290.3570167,230.858778362
576,28.8150342198,15290.3814935,340.944082794
577,18.9727855372,15290.4159284,275.595628974
578,24.1043879265,15290.4555181,251.657198162
579,23.610959166,15290.4745126,284.313597894
580,22.2907455813,15290.5128694,258.995059232
581,18.3791109407,15290.5528076,237.510456756
582,21.6336796642,15290.5855916,234.004023919
583,15.5374989451,15290.6205777,145.754659841
584,23.8480692782,15290.6563627,281.164590148
585,21.2889477254,15290.6869889,290.342537216
586,24.738543468,15290.7231321,293.753927874
587,17.6128589288,15290.7580582,192.13360757
588,19.5467067119,15290.7905582,184.403262314
589,21.6289618005,15290.8221932,284.484576071
590,32.4605371987,15290.8399544,231.814603156
591,20.5497260342,15290.8774617,261.555311346
592,21.6464439341,15290.9160243,285.536206265
593,20.8435404811,15290.9444529,221.569874568
594,17.1068474109,15290.9871613,207.409502111
595,23.6802387846,15291.0119833,224.650470288
596,20.8497459862,15291.0512067,256.205968044
597,18.9631489187,15291.0844348,228.346551216
598,21.9342902572,15291.1192088,243.26304684
599,22.6454353951,15291.1552084,298.713808681
600,20.5697111902,15291.1863763,253.600431396
601,21.4513187174,15291.2276333,290.188060872
602,22.0003160284,15291.2585535,242.003476312
603,21.121853262,15291.2922415,259.549678228
604,22.6245392457,15291.3225395,218.183155114
605,22.7808460687,15291.3491037,270.507559252
606,24.2484236875,15291.3767801,293.996512812
607,23.2833826499,15291.4077372,276.474850528
608,20.1587915772,15291.4442473,243.5796054
609,21.072081198,15291.4764298,222.008151354
610,21.0225670829,15291.5177791,313.229194903
611,24.9802309681,15291.546032,312.002984791
612,24.7472236302,15291.5813138,258.368599944
613,19.3517047912,15291.6149866,257.457687133
614,21.9410566937,15291.6520944,248.234719592
615,20.6105018068,15291.684834,260.704517714
616,26.5987750082,15291.7237425,342.701243216
617,20.7845695683,15291.757313,306.175828691
618,25.8652731667,15291.7928345,341.186385927
619,28.5472496551,15291.8211029,178.277516956
620,23.0918303976,15291.8427273,324.930855661
621,20.3611958095,15291.878004,209.631341283
622,18.1242046206,15291.9112056,232.809623654
623,21.5409686585,15291.9439862,232.003332663
624,22.7979092065,15291.982305,316.718676727
625,24.3777594275,15292.0189143,306.423684534
626,26.9668080268,15292.0427477,302.701669354
627,16.0217508992,15292.0780056,204.552022248
628,25.1144487516,15292.1249793,259.785877911
629,19.0740354256,15292.1523882,253.763536492
630,24.5752204244,15292.1837892,295.924841035
631,17.848124859,15292.2247088,227.169542147
632,22.2905200009,15292.2603809,258.992438225
633,18.999471571,15292.2893758,204.630571317
634,20.6205227653,15292.3268408,225.886509322
635,31.3162819219,15292.3597206,280.101340719
636,21.5754438346,15292.3715694,252.534095524
637,28.4210003686,15292.4093577,370.564507922
638,19.4143237676,15292.4409957,282.676820908
639,25.7855672557,15292.4780987,336.202664146
640,20.0215938865,15292.5139375,246.029464669
641,21.2961645603,15292.5468438,274.381886695
642,23.3576663723,15292.5782063,264.261828553
643,24.3403236284,15292.6151789,286.968183345
644,23.3596045298,15292.6518084,289.885068714
645,20.6286381934,15292.6805259,301.065062771
646,19.8726536799,15292.7165628,203.634103847
647,18.5536143714,15292.7569034,208.263804792
648,23.8646361586,15292.7901593,296.152346408
649,17.2927038053,15292.8242933,208.948535087
650,20.8886120087,15292.8589017,220.075183501
651,40.4041735554,15292.8779951,171.420390656
652,15.2176105177,15292.9163699,256.902833601
653,36.0668257108,15292.9591622,269.899409677
654,21.2956106729,15292.9769083,274.374750355
655,23.3545872918,15293.0150552,271.355782916
656,20.1495248048,15293.05058,248.42002572
657,21.2411569617,15293.0747032,234.616247065
658,23.9055573634,15293.116086,330.38137586
659,22.4998872384,15293.1503919,314.193826355
660,20.0203221371,15293.1908445,233.475070601
661,23.1904428387,15293.2182607,288.718684975
662,28.1605854614,15293.2517442,309.766440075
663,20.6610374811,15293.2843798,309.226094039
664,23.8098983609,15293.3256204,274.58914322
665,21.9558218754,15293.3620487,293.748876503
666,31.0243951353,15293.3809884,300.792670772
667,24.7161358797,15293.4069675,250.841382951
668,17.0940294499,15293.4452906,264.819565516
669,25.9659384267,15293.4725208,207.727507413
670,22.1705073472,15293.5120712,345.604006394
671,24.5314823238,15293.5454942,310.301434093
672,19.1289769914,15293.5792934,217.263414167
673,22.5216236595,15293.6128046,245.681908855
674,18.4500599574,15293.650125,246.154501915
675,22.1973679515,15293.6860481,254.060488586
676,18.5395803663,15293.7208178,211.383739253
677,20.328555721,15293.7507135,204.299456553
678,20.1474347747,15293.7911022,294.042130084
679,22.4507157739,15293.8257674,252.008659541
680,22.4501591873,15293.8580204,259.879381193
681,21.1896590985,15293.8965937,262.101607902
682,32.9644272049,15293.9183357,237.709865107
683,17.4310274196,15293.9525702,278.896438714
684,32.0008969029,15293.9826803,288.008072126
685,22.3728343415,15294.0085937,260.909841593
686,22.6789262268,15294.0445178,307.631922666
687,24.342528247,15294.0773989,308.872057193
688,22.8760847501,15294.1124979,313.661071312
689,21.7807072393,15294.1512516,293.837805306
690,22.628421149,15294.1828515,256.011360673
691,20.9894008504,15294.2185501,272.862211055
692,21.3275035917,15294.256447,265.525278392
693,20.552967002,15294.2874004,213.592698563
694,18.3394514196,15294.3248736,232.701551387
695,23.4775771964,15294.3587897,290.401591843
696,23.2996552244,15294.3910907,285.361332413
697,21.2382038606,15294.4266622,267.803560866
698,18.4676372593,15294.4615469,209.752038718
700,20.5054568008,15294.5117894,335.061924947
701,24.3286529933,15294.538178,237.126377412
702,20.5437127627,15294.5747785,299.120972893
703,22.1577575106,15294.6114723,242.726072245
704,20.0214674777,15294.6466453,240.257609732
705,20.1606081138,15294.6794182,255.809439315
706,21.3010081751,15294.7192086,271.95306715
707,25.233309061,15294.7525976,331.892362533
708,19.6678811484,15294.7908884,233.543148883
709,24.5245663685,15294.8180063,297.344564887
710,19.2953391444,15294.8560395,265.967895455
711,30.2417685063,15294.895165,275.515623293
712,20.6449065997,15294.9165961,257.854800784
713,19.5523490703,15294.9496738,268.800358887
714,28.3827305372,15294.9881566,239.157138478
715,20.9616714012,15295.0156242,233.419294026
716,18.9250314676,15295.0460779,218.254110006
717,29.0026458289,15295.0746781,336.980292874
718,21.629300258,15295.1115604,331.570894332
719,22.4499443206,15295.1488127,252.0
720,17.1331550803,15295.1842549,177.226734218
721,20.0207910281,15295.2151034,240.249492337
722,21.644100029,15295.2524341,292.795958117
723,22.5253718959,15295.2907976,250.831925803
724,22.5081149688,15295.3208418,303.651072087
725,20.6130604802,15295.356042,263.169938945
726,22.8035846172,15295.3964551,260.000867847
727,25.0136342679,15295.4254301,326.137889364
728,20.0716917231,15295.456845,281.003684124
729,34.1957912697,15295.489099,353.724015357
730,26.2641551504,15295.5095769,258.671929361
731,18.5177207699,15295.5488694,255.24916587
732,23.7486728498,15295.5840208,281.999865532
733,20.9962043787,15295.6188254,317.730226785
734,28.3504992792,15295.6462387,321.999773928
735,20.4937738826,15295.6825089,209.998691984
736,19.2814302546,15295.7159741,222.364301326
737,21.6179735762,15295.7499569,290.035550713
738,18.8122676189,15295.7881567,213.666287168
739,21.7547394446,15295.8215737,239.30213389
740,18.802897036,15295.8531189,246.597682785
741,22.6995032208,15295.8922727,268.584144182
742,16.3291649934,15295.9234245,158.317128454
743,20.7072625212,15295.9554377,221.093062325
744,20.4199264177,15295.9924033,247.578450296
745,18.7959808124,15296.0247677,220.802779576
746,24.1185473787,15296.0621673,236.312537659
747,20.6273670466,15296.0894281,296.776131376
748,25.7683564205,15296.1265917,332.002048147
749,29.8203699324,15296.1505007,282.900868966
750,21.8303104659,15296.1769108,282.953162991
751,20.823191588,15296.2185631,311.652994486
752,24.9606898744,15296.2424294,249.606898744
753,24.3310726,15296.2795286,296.000273466
754,19.1707529289,15296.3153301,226.01984367
755,19.7372211043,15296.348826,235.196133817
756,22.8761296797,15296.3833664,313.661687355
757,22.1664560341,15296.418377,252.736484317
758,18.5816292834,15296.4483959,248.605256344
759,24.6154135078,15296.4879387,246.154135078
760,20.1639590423,15296.5190604,285.873458187
761,24.3778946916,15296.554265,306.425384778
762,28.8955942993,15296.5888217,334.490686818
763,17.868278251,15296.6186966,256.45803894
764,29.9377841172,15296.6581512,340.027864156
765,21.261999011,15296.6896452,287.626991354
766,26.4263683782,15296.7202492,290.690052161
767,20.047233469,15296.7548956,236.353396838
768,24.9204778447,15296.7774633,284.137164202
769,21.1891545292,15296.8075444,206.526331537
770,17.1027069261,15296.8444159,199.450122716
771,22.7367315226,15296.8848311,277.53717785
772,19.6591945649,15296.9159306,267.3939551
773,20.3029699048,15296.9492884,214.866436977
774,22.0078459131,15296.9804041,290.303425784
775,22.1784328908,15297.0135275,255.774165565
776,20.2392677171,15297.0484506,286.22646898
777,26.9665850049,15297.0847869,366.785210666
778,23.8968589436,15297.1199165,351.210665202
779,24.1668755564,15297.1519035,292.009468386
780,24.0722329177,15297.1833101,232.144207295
781,19.5744341864,15297.2168148,315.628267375
782,27.0762099956,15297.2591051,297.838309952
783,20.3851682254,15297.2882498,293.999077183
784,23.5792692868,15297.323042,330.109770015
785,22.1513454995,15297.3645047,304.53065249
786,22.8912434438,15297.3909538,262.002256592
787,22.2548307156,15297.4223253,306.761671553
788,25.8766882952,15297.4558659,254.855823401
789,23.7033286239,15297.4802152,237.033286239
790,17.7670115772,15297.5175429,289.225993994
791,23.2147535212,15297.5623682,319.993294304
792,26.348333888,15297.5907173,275.08468179
793,31.51655987,15297.6085276,310.402116561
794,20.6768927301,15297.6471837,302.476863736
795,18.6085841816,15297.6877949,269.021180757
796,28.4192823902,15297.7112562,260.467025498
797,23.7306689908,15297.7484297,293.532164447
798,19.02588877,15297.7878014,260.175115897
799,27.2030204674,15297.8127262,370.001080635
800,23.1477533894,15297.8523802,214.663433961
801,19.8022859151,15297.882998,312.474801126
802,19.6587769272,15297.918046,201.442519292
803,20.7529662892,15297.9523171,260.033922285
804,24.980111108,15297.9856637,312.001487739
805,18.7696284352,15298.0203429,253.216131379
806,22.977864914,15298.0484829,252.756514054
807,22.7978300442,15298.0835691,316.71757697
808,26.6870523996,15298.1192189,378.354267745
809,20.188613891,15298.1551814,284.795445956
810,23.7620836823,15298.1869046,296.788330067
811,18.0784678392,15298.2263396,227.960805637
812,26.4345757034,15298.261467,335.417163562
813,19.7650068381,15298.2850462,243.679369843
814,25.7346674322,15298.32373,324.501809159
815,22.9644318338,15298.3613913,283.124530333
816,19.5530433427,15298.3926357,266.667957836
817,23.8974967718,15298.4290435,288.754552148
818,19.8344172298,15298.4604583,272.678154962
819,32.2260141466,15298.4972251,334.902562964
820,18.2096072361,15298.5254325,240.201216588
821,24.248781405,15298.5566976,294.000849905
822,35.8078152421,15298.5779451,380.642297259
823,25.9547739523,15298.6100696,402.926445037
824,22.2679164922,15298.6489498,307.748728733
825,18.3135659827,15298.678048,197.243142047
826,23.6740752973,15298.7153416,288.978916767
827,23.6985330004,15298.7467196,333.46791801
828,18.8299478319,15298.7816874,210.525216824
829,21.8326744207,15298.8217334,290.464841259
830,24.2898310877,15298.8516426,310.111803654
831,23.7315811123,15298.8844288,351.996231882
832,23.4339533248,15298.9205286,332.233628422
833,20.5585234832,15298.959441,250.948760275
834,24.2488045305,15298.9870099,294.001130287
835,20.7123256331,15299.0213915,223.078574147
836,21.7623655484,15299.0534587,323.520822346
837,18.6444103077,15299.0894717,180.764264604
838,20.8226802881,15299.1266879,269.088331968
839,18.5425424129,15299.1565256,205.646743552
840,19.0119159792,15299.1921045,207.395518164
841,24.2734788376,15299.2262953,301.225950627
842,20.289714825,15299.2613767,261.414688943
843,28.8947892903,15299.2887529,334.481368166
844,18.936004869,15299.3226073,293.355326005
845,39.6924224752,15299.3543593,320.010540649
846,18.2802903272,15299.3874692,308.064928388
847,22.4428524922,15299.4262906,256.870187578
848,24.2954146998,15299.4578876,292.555533939
849,23.7238110157,15299.4937993,280.703917457
850,21.5313274073,15299.5106899,196.159728215
851,21.0709153579,15299.5546074,309.677946242
852,20.7850959545,15299.5832177,216.0050534
853,27.6830047294,15299.6134097,307.019374558
854,23.6512978897,15299.6444761,396.467998222
855,23.0219600833,15299.6864031,276.263520999
856,21.6160020952,15299.7131729,328.534788508
857,21.9421130881,15299.7473576,248.246671331
858,23.0311400769,15299.7825866,314.946103764
859,19.2078249305,15299.8193202,224.821826749
860,22.3060621084,15299.8533141,297.599987244
861,23.7298115073,15299.8841046,293.521557962
862,23.1784848768,15299.9192903,322.005802912
863,22.0168157566,15299.9561064,295.38658008
864,24.6873713594,15299.9894426,339.395243892
865,24.4399479104,15300.0198627,335.993733841
866,18.7815301337,15300.0617235,240.52094163
867,21.5568405937,15300.0910299,244.838643914
868,22.6275464738,15300.1202252,256.001464852
869,22.0828120743,15300.1651761,347.760472307
870,21.2096808009,15300.1912305,229.417774991
871,24.6452826007,15300.2228705,351.141226228
872,23.82079017,15300.2570125,307.83245021
873,20.9241713486,15300.2966137,305.378227173
874,19.899673424,15300.3218401,197.999250594
875,23.6573358819,15300.3620824,337.894342022
876,21.8450584589,15300.3947584,241.28655712
877,20.3210095545,15300.429029,294.479405317
878,20.0724646295,15300.4630508,203.713266969
879,27.5751019217,15300.4934114,313.192952879
880,34.0662620566,15300.5136265,446.774838378
881,21.6005923988,15300.5498647,288.996230017
882,23.3978785967,15300.5824112,388.009920977
883,23.7380378924,15300.6077533,228.921347185
884,26.6251396721,15300.6442276,287.994918913
885,20.4779622912,15300.6826516,338.351465951
886,26.3339615364,15300.7092345,278.692453042
887,21.5988445867,15300.7463988,335.304236601
888,20.6834113289,15300.7899124,307.481014745
889,24.9806955298,15300.8168922,312.008787164
890,22.6772630493,15300.8520722,241.062612848
891,24.283217217,15300.8900233,377.75820639
892,24.331084202,15300.9252322,296.00041461
893,22.4931420954,15300.9564262,302.614277389
894,23.0135509994,15300.9891454,328.699254697
895,19.0293364156,15301.0271854,218.630430322
896,24.7749405832,15301.0644209,303.429814183
897,20.1635752981,15301.0905431,285.868017675
898,24.717152986,15301.1337578,318.458239315
899,34.0779865513,15301.1615577,240.967753796
900,18.2236366275,15301.1869756,306.569019532
901,19.899843632,15301.227636,198.000944142
902,33.3921378893,15301.2604088,342.167592921
903,26.0130732008,15301.2762761,342.148558497
904,19.8935729529,15301.3236179,356.422660041
905,36.1216787018,15301.341783,387.361849318
906,23.7305156704,15301.378858,293.530267978
907,23.1930230377,15301.4203642,363.768352301
908,25.0955964943,15301.4518839,318.427422042
909,23.3047580502,15301.4808696,344.878924788
910,23.062956897,15301.517193,262.958166841
911,21.9164408197,15301.5525816,345.835602812
912,21.5402490228,15301.5820439,231.995581949
913,22.3208940321,15301.6200471,303.596981906
914,23.1519939578,15301.654343,268.00370603
915,21.6007372463,15301.6899558,325.447921879
916,28.2791389514,15301.7178943,407.847542061
917,25.3483841175,15301.7535104,268.262082049
918,21.356808809,15301.7873862,325.997538063
919,24.2931675361,15301.8265213,353.713858443
920,23.042195906,15301.8618658,325.865859571
921,25.3277039685,15301.8955328,324.352870318
922,23.0695122004,15301.9289981,321.321123292
923,24.0554157433,15301.9578629,343.5800597
924,20.0604532286,15301.9970291,249.750628586
925,23.722842563,15302.0250625,213.505583067
926,18.8889888348,15302.0575374,301.040944719
927,28.8122295274,15302.0998013,337.238500377
928,27.3714645103,15302.127339,301.086109613
929,19.742126347,15302.1518858,259.667130414
930,28.4237892356,15302.1784926,269.651741151
931,18.4604750425,15302.2162708,281.786921875
932,25.7724153447,15302.2451454,260.288636047
933,21.5218758296,15302.2833544,282.25675536
934,20.9290802413,15302.3174053,268.838903357
935,20.5024156567,15302.3549109,251.937901499
936,22.8911881843,15302.3838496,262.001624117
937,22.3011704189,15302.4158055,238.111341674
938,19.2063911666,15302.4510898,272.974107292
939,25.3908133495,15302.4855848,325.161064733
940,21.0438649132,15302.5222529,316.358658186
941,28.8950816248,15302.5501649,334.484752182
942,23.192086597,15302.5845506,367.43175293
943,24.0545323096,15302.6192409,309.920969102
944,23.4336104834,15302.6525837,332.228767806
945,22.0537702124,15302.6897798,290.909208898
946,23.8883262209,15302.7213702,344.522340298
947,26.0242115831,15302.7540393,356.826011722
948,27.9072608834,15302.7888595,312.012662005
949,19.8020959542,15302.8194881,312.471803593
950,22.2723809492,15302.8565349,263.53036531
951,19.4569118236,15302.8934185,226.904633732
952,22.4699274416,15302.9201906,299.786223471
953,25.476217872,15302.960853,395.497256845
954,26.312267641,15302.9976218,350.061952843
955,21.814439555,15303.0278858,339.353039017
956,24.1910362746,15303.0644015,305.037360876
957,24.3395952807,15303.0957866,342.488463876
958,23.4352208175,15303.1306864,291.766146235
959,35.1655972808,15303.153869,367.139614181
960,29.0506154612,15303.1763085,408.778393776
961,22.1976086549,15303.214392,305.166665724
962,22.7748386895,15303.2479052,321.278636372
963,22.3608497083,15303.2788218,250.001899912
964,21.5453586665,15303.3160948,321.740816582
965,21.6075366176,15303.3519972,245.41444006
966,21.3949645164,15303.3861721,269.780237525
967,23.7871487126,15303.4157682,294.230780023
968,27.2586441346,15303.4530039,298.603485591
969,18.9874783321,15303.4821611,292.924548907
970,26.1959115986,15303.5146652,332.388855561
971,23.7248646636,15303.5556859,360.586724608
972,27.3497337476,15303.5877766,374.001984011
973,21.5751009295,15303.6208092,329.32962267
974,24.0433344842,15303.6575463,286.509396885
975,25.064306461,15303.6901669,389.102672141
976,22.5081597353,15303.7250058,303.651676021
977,22.1170793223,15303.7593234,292.58145807
978,26.0231501963,15303.7931785,352.995183663
979,27.411628191,15303.8222473,152.621486569
980,19.4101549719,15303.8537865,378.871110285
981,29.2237785252,15303.892101,350.685342303
982,26.981126147,15303.9188744,363.995292009
983,25.9237340953,15303.9472453,276.78973752
984,18.0404116003,15303.9919417,328.71194325
985,23.7379148725,15304.0332195,226.445275568
986,45.0036845886,15304.0438663,400.001498119
987,19.2647043653,15304.0817738,301.540319691
988,31.426800842,15304.1112007,401.230533758
989,20.6885033535,15304.1441407,303.353006853
990,24.987481632,15304.1847233,321.941180279
991,22.8012942793,15304.2184875,310.968194308
992,22.6374549663,15304.252585,302.021319427
993,22.0162209226,15304.2848146,305.065705829
994,23.8760354317,15304.3265833,291.44415438
995,25.3804635431,15304.3580359,365.161281409
996,20.4946524969,15304.3841776,270.343033735
997,22.6801360218,15304.4290775,313.445715977
998,28.1292623212,15304.4624644,386.713421491
999,25.0127869373,15304.4863342,326.126841525
1000,20.0037751154,15304.5255403,283.602459073
1001,26.1598325997,15304.5610061,349.015698519
1002,25.351138192,15304.6002407,375.162585382
1003,24.0147860979,15304.628606,294.11986111
1004,22.6842265265,15304.6603453,321.604416565
1005,42.940873034,15304.6816356,335.378939697
1006,19.3699597284,15304.7232395,386.91464254
1007,29.2909951884,15304.7614399,420.404869406
1008,33.0840638339,15304.7908215,363.924702173
1009,26.5340908199,15304.8115184,355.992184767
1010,20.3237156725,15304.8552771,331.469771449
1011,28.3029360233,15304.8825956,328.850399601
1012,29.0164565825,15304.9177847,394.666478475
1013,21.9732695902,15304.9541822,304.470554708
1014,24.1181649076,15304.9851877,354.463185335
1015,30.2215703277,15305.0145724,375.039824837
1016,24.1508821491,15305.0506728,413.396512822
1017,23.9181181929,15305.0849035,286.019093834
1018,22.8509864228,15305.1157992,378.251129616
1019,26.7581404351,15305.1463925,357.999519885
1020,23.3230086633,15305.189108,331.482234951
1021,26.8337753806,15305.2241619,360.012875064
1022,21.1002731379,15305.2536114,320.00148608
1023,24.7387517173,15305.2921703,306.001459129
1024,22.4064778461,15305.3290089,298.09879932
1025,23.7864086779,15305.357737,353.610386658
1026,23.2267395267,15305.396749,322.676177933
1027,27.0450364882,15305.4336042,369.835311656
1028,29.3804220505,15305.458078,315.069925548
1029,17.3339548028,15305.4865685,256.519105748
1030,23.4841960687,15305.5311045,278.859377759
1031,27.767503629,15305.5648827,316.598252542
1032,29.5464423874,15305.5819582,350.844564363
1033,23.6338684957,15305.6204542,384.004910619
1034,27.6595086527,15305.6436358,314.151629057
1035,27.6624189413,15305.6792977,391.205680349
1036,20.4844254311,15305.7198868,340.928785544
1037,31.426929948,15305.7439676,401.232182073
1038,23.0207953466,15305.7865474,372.624125383
1039,24.6467808064,15305.8222166,309.805230832
1040,23.2288284877,15305.8490945,334.204643733
1041,25.7603065427,15305.8853177,328.8855775
1042,24.6747677402,15305.9213468,428.091220505
1043,24.3327280043,15305.9537876,301.961213449
1044,23.0330451036,15305.9907099,323.284193626
1045,28.4550205644,15306.0209443,409.396453857
1046,32.2829447884,15306.053806,423.386851667
1047,19.356058979,15306.0867073,306.046164491
1048,23.7494089485,15306.1216729,282.00860622
1049,26.1862765118,15306.1611967,414.868642422
1050,26.4878576967,15306.1939077,419.646586958
1051,23.8297553389,15306.229578,340.356984444
1052,26.8586109786,15306.2641451,376.0205537
1053,23.0704955477,15306.2970568,321.334819735
1054,23.3372257728,15306.3280866,334.952202553
1055,41.9948721966,15306.3633431,330.667954344
1056,19.6579268865,15306.3813171,269.535913788
1057,19.4306198627,15306.4213585,269.238566598
1058,23.7706651871,15306.4522835,244.733976972
1059,22.8029125105,15306.4827674,259.993204652
1060,23.1667106852,15306.5166247,321.007359608
1061,27.5234512708,15306.5482822,387.289288816
1062,22.6169369599,15306.588161,305.956252189
1063,27.0148381535,15306.6174375,444.72036293
1064,30.5068703525,15306.6521335,363.531315977
1065,24.4666719565,15306.6864241,436.988734047
1066,27.2130958667,15306.7136607,366.114760948
1067,23.2465992674,15306.7591195,393.822366484
1068,31.1990631821,15306.7902708,436.786884549
1069,23.4990368012,15306.8250575,364.803152496
1070,22.3816297064,15306.8575661,295.23397265
1071,23.2976110294,15306.8949086,341.610035173
1072,29.3082631565,15306.9278055,425.727113339
1073,28.385238002,15306.9593558,473.276497122
1074,26.6002930933,15306.9941777,378.995838115
1075,24.6539872442,15307.0284634,421.287518702
1076,34.0589408141,15307.065396,453.124736182
1077,23.0285785351,15307.0963589,369.893742542
1078,28.4251687093,15307.1309531,269.664827988
1079,32.336582579,15307.1466887,402.58720645
1080,21.3978150077,15307.1885736,379.170247976
1081,30.8063535287,15307.2157217,376.039467666
1082,23.4504856565,15307.2615909,338.207713877
1083,28.7055627324,15307.2838826,412.002332939
1084,26.9229634409,15307.3122777,305.786083557
1085,19.9689295782,15307.3480361,319.502873251
1086,25.612522139,15307.3901757,328.000322581
1087,20.9617729213,15307.4197787,315.820953626
1088,26.0549670994,15307.4578525,332.647551652
1089,21.5106732729,15307.4970622,284.559460068
1090,24.8372220102,15307.5269065,318.071636488
1091,19.5550157098,15307.5618495,233.024905958
1092,24.9386571154,15307.593236,307.464414275
1093,37.719621461,15307.6182853,297.004596389
1094,20.072510814,15307.6545357,406.93272017
1095,30.22686681,15307.6946392,376.321456947
1096,27.6314132028,15307.7200603,310.161843952
1097,22.6194995446,15307.7524284,311.788284471
1098,20.5342004503,15307.7931213,379.743938388
1099,66.7517768725,15307.8170206,442.781195951
1100,23.7984174013,15307.8543215,398.223690688
1101,25.0947743024,15307.884111,320.388630663
1102,28.073872526,15307.9139537,402.935872855
1103,24.5725559631,15307.9488714,365.297306244
1104,20.4224416358,15307.9866639,258.325723804
1105,25.2349079344,15308.0199785,371.733406523
1106,23.7860536606,15308.0555559,353.605108945
1107,25.763551718,15308.0906663,394.106558849
1108,29.2240362156,15308.128755,360.298116141
1109,21.8559242062,15308.1584158,385.433421649
1110,32.0221108426,15308.1890641,406.315036435
1111,28.1472716644,15308.2289861,334.23033256
1112,22.22985367,15308.261976,388.227704096
1113,27.8482807937,15308.2949233,315.067331098
1114,22.7447973948,15308.3240294,369.559215083
1115,26.452414723,15308.3636324,356.862584942
1116,19.1319698121,15308.3977745,251.641774191
1117,26.0234224768,15308.4322452,352.998877056
1118,57.8248839307,15308.4438122,365.716677312
1119,22.2591681402,15308.4794083,350.53773041
1120,27.2758179497,15308.5132529,371.992561131
1121,23.1739171838,15308.5478937,372.228226913
1122,23.9585725711,15308.5847044,304.942844387
1123,23.950205057,15308.6222298,349.541735196
1124,24.2852241269,15308.6544007,346.862379947
1125,23.7359663273,15308.6853128,349.65261783
1126,29.6073060109,15308.7298468,447.060516913
1127,22.7103240554,15308.7599387,311.388275174
1128,27.6879016079,15308.7867346,387.630622511
1129,28.7123744872,15308.8244473,338.51390277
1130,22.8418853333,15308.8570874,418.698674222
1131,26.8906193673,15308.8987507,369.684896205
1132,21.8511340603,15308.9318109,337.810334764
1133,28.3451355377,15308.9658541,410.760037998
1134,26.65596811,15309.0055614,428.987208077
1135,28.2844330923,15309.0347095,400.002288831
1136,24.7217398442,15309.0664654,433.159874901
1137,46.224368559,15309.0930059,221.68428388
1138,26.6690393508,15309.1130811,362.738152226
1139,19.6431852701,15309.1574401,391.880315361
1140,46.9345056841,15309.1894649,459.862361023
1141,27.3025635985,15309.2160647,435.131261435
1142,26.4514383837,15309.251059,352.906204929
1143,22.3420590334,15309.2893447,364.387955471
1144,28.142253012,15309.3224795,395.996601134
1145,28.9865876497,15309.3605913,512.005220907
1146,25.5342906696,15309.3889784,326.0
1147,27.9343957374,15309.4147416,405.770536338
1148,22.5365475885,15309.4558068,352.032126998
1149,25.5959888886,15309.4913635,344.35881162
1150,24.2921160602,15309.5291386,357.01973472
1151,22.4933387898,15309.5583398,302.616923641
1152,22.4921683069,15309.59665,312.471188405
1153,26.3818614497,15309.6327417,348.000653387
1154,21.4280337449,15309.658155,322.845881264
1155,30.1983025167,15309.7014751,379.586776683
1156,22.0846207742,15309.7297714,345.678993159
1157,26.1632771086,15309.7654372,346.107623559
1158,27.4955189047,15309.7951201,378.000889959
1159,28.9637456361,15309.8248469,327.687375166
1160,26.0189556935,15309.8494938,349.080921806
1161,24.22991935,15309.8924102,354.453162245
1162,27.6367834342,15309.9181914,401.447467923
1163,23.8375369434,15309.9590498,393.860749167
1164,27.7107313612,15309.9858645,367.624394366
1165,24.4289771128,15310.0210328,320.383031257
1166,25.6067693848,15310.0492628,403.255807528
1167,29.2568786656,15310.0863107,427.991237224
1168,26.3080212377,15310.1196781,421.749664173
1169,24.5810243596,15310.1533218,355.363746801
1170,27.3050033729,15310.1930134,461.769507255
1171,25.5773302938,15310.2245145,334.466993989
1172,23.6338449319,15310.258696,384.004527752
1173,29.09109741,15310.2935682,436.366461149
1174,26.8710554587,15310.3298026,447.223493508
1175,26.1537802652,15310.3647505,342.005055502
1176,27.9577190332,15310.3963651,317.538647894
1177,20.8108266895,15310.4263743,356.22397266
1178,29.1061517851,15310.4656309,335.668517351
1179,32.3000586554,15310.4986709,429.724331028
1180,22.2093273294,15310.5242692,449.155848401
1181,48.0003512653,15310.5651517,516.979604728
1182,23.4989399415,15310.5837379,324.761811286
1183,27.0322570463,15310.6192834,373.593225198
1184,23.3139003468,15310.6481106,319.664096332
1185,24.9125076171,15310.6821241,320.00695446
1186,21.8324706602,15310.716156,330.385231971
1187,25.6401757098,15310.7508953,335.288804441
1188,22.5898282454,15310.786116,313.82792363
1189,23.8303038203,15310.8208256,342.858366814
1190,26.2186852269,15310.859056,422.763596241
1191,26.2283653194,15310.8946326,346.968659655
1192,31.0934431348,15310.9217529,398.190358723
1193,23.5847669399,15310.9551424,391.109113539
1194,25.327609172,15310.988912,324.351656331
1195,22.3065553498,15311.0255892,349.864649896
1196,25.390992638,15311.0602546,325.163360746
1197,27.8046755523,15311.0982873,483.193744512
1198,24.9433440422,15311.1279443,363.180571267
1199,24.053356786,15311.1658793,361.601241459
1200,35.8380379721,15311.2019579,408.616501795
1201,32.2813384218,15311.2185214,407.05218933
1202,25.2830540242,15311.2505004,442.272815309
1203,26.5146480287,15311.2872278,366.439726253
1204,29.5172300164,15311.3178508,522.21310749
1205,26.160274389,15311.3529981,349.021592723
1206,23.0576624644,15311.3857225,318.663235218
1207,29.8011182578,15311.4196664,452.937783823
1208,25.2024414228,15311.4547541,443.018491243
1209,27.117851585,15311.4913826,371.821247944
1210,29.8345859435,15311.5196374,366.613529867
1211,23.2965293763,15311.5514391,387.031013681
1212,25.0201315897,15311.589438,309.481935934
1213,20.8652692476,15311.6263016,317.810312766
1214,24.9752092098,15311.661424,304.861280234
1215,25.0143505447,15311.6948722,388.32714777
1216,26.6077745759,15311.7266325,353.993416909
1217,21.3737292997,15311.7633864,328.349459853
1218,26.7497983679,15311.7974718,342.564564552
1219,24.6675848732,15311.8348217,383.737563865
1220,29.164227992,15311.8661982,437.46341988
1221,45.4315465913,15311.8848111,398.660203403
1222,23.9898380957,15311.9167911,402.142966185
1223,27.0130939595,15311.9501199,376.248861236
1224,20.3532522541,15311.9905373,373.081276372
1225,42.0296142315,15312.0196498,368.808368097
1226,25.1139851229,15312.0573829,432.806582528
1227,25.6065110337,15312.0873879,352.031325287
1228,29.8665675369,15312.1185824,446.002964099
1229,26.3197087541,15312.1530919,426.021703734
1230,25.4509041885,15312.1896025,398.36966298
1231,26.5564359423,15312.2257057,419.894120569
1232,29.841104261,15312.2573773,412.41226603
1233,23.1127328943,15312.2883955,348.2284333
1234,25.7290974485,15312.3251474,341.335049725
1235,23.0352131145,15312.3645916,367.120886058
1236,26.0227563801,15312.4000544,346.210256032
1237,25.7314970571,15312.4332382,379.048621095
1238,27.9389436666,15312.4652167,419.084154999
1239,28.8447394459,15312.4956283,416.004748399
1240,34.4410732089,15312.525102,487.070328347
1241,26.0290682226,15312.5558422,409.906176277
1242,20.6594820462,15312.593435,341.97527742
1243,39.3225984834,15312.6173652,338.265782499
1244,27.8004404539,15312.6489408,395.118497245
1245,22.3522031712,15312.6849363,351.292447531
1246,29.866427792,15312.7205678,446.000877263
1247,23.4427393501,15312.7545794,337.282285104
1248,23.2238138828,15312.7914137,331.702409363
1249,25.9545013957,15312.824742,403.757286663
1250,28.3910771488,15312.859873,398.487757088
1251,25.8984588446,15312.8933014,419.203178277
1252,28.9429167628,15312.9238467,401.044818819
1253,23.4275137055,15312.9617336,397.578091381
1254,29.5347773548,15312.9934224,441.048280086
1255,31.6207634579,15313.0347366,394.943209005
1256,21.6247628208,15313.0607189,382.581108902
1257,33.2010313412,15313.0985812,454.017275174
1258,24.1945785527,15313.130169,414.14447477
1259,28.8988213688,15313.1677946,317.887035057
1260,20.8341661295,15313.1973064,366.231219038
1261,32.5231148986,15313.2354213,318.66014539
1262,29.8574881594,15313.2519952,344.333351118
1263,22.8698993756,15313.2878512,329.834379454
1264,30.8096891593,15313.3176811,469.279204199
1265,27.7163644705,15313.3503508,463.783484667
1266,25.9474297227,15313.3852872,347.152949792
1267,24.4794706373,15313.425437,424.702942405
1268,28.8433520375,15313.456279,415.98473891
1269,25.9653360072,15313.485441,414.633165414
1270,28.073990498,15313.5268669,401.958372483
1271,25.8491606754,15313.5655177,463.12578588
1272,29.4771073942,15313.5935438,443.138091834
1273,28.9140221972,15313.630039,418.005169873
1274,28.3348692194,15313.6694028,497.274936644
1275,26.6010069774,15313.6967055,428.102692357
1276,25.4780045926,15313.7376841,402.036131196
1277,34.9845810606,15313.7654739,337.379081768
1278,35.5418907338,15313.7813991,414.486110241
1279,21.5929877547,15313.8188083,323.17424854
1280,26.6701489779,15313.849929,362.753244786
1281,24.5521645478,15313.8841211,370.729554726
1282,25.3688361603,15313.9216723,392.192689506
1283,27.1153076905,15313.9510708,443.896717929
1284,30.2661709223,15313.9829984,453.992563834
1285,25.3982355891,15314.0216818,395.919310166
1286,25.5789579103,15314.0565811,406.053368561
1287,25.9282372432,15314.0880206,399.160138679
1288,30.8434790975,15314.1222242,479.811930956
1289,24.6462570158,15314.1652066,433.942133603
1290,29.4743069486,15314.1957194,438.167073378
1291,32.9042161453,15314.2274786,429.018490071
1292,25.1213504178,15314.2590661,447.272928133
1293,28.5404151233,15314.3024678,416.533645606
1294,26.3966868758,15314.3347879,420.693962183
1295,26.255308637,15314.3639449,409.279756749
1296,51.4449276839,15314.3887837,304.352296614
1297,21.7049397739,15314.4173659,382.770782184
1298,26.5303475315,15314.4578439,435.938094044
1299,33.0232695363,15314.480809,415.096061505
1300,27.5059331597,15314.5225291,464.353596208
1301,25.426069916,15314.555785,401.216615822
1302,27.1430713218,15314.5834478,360.093532929
1303,27.5579372736,15314.6198504,462.776461923
1304,30.926820573,15314.6553894,488.99596899
1305,23.8155791781,15314.6853695,407.657050467
1306,29.4380607708,15314.7225803,423.539939489
1307,26.1134058747,15314.7611193,408.739454619
1308,28.1056570363,15314.8006447,407.289664813
1309,24.5688446317,15314.8272762,307.846740873
1310,24.0412870382,15314.8586509,401.568663624
1311,28.3468498622,15314.8998477,422.358550474
1312,26.2567492647,15314.9351501,420.107988236
1313,25.3025985255,15314.9627796,383.73290606
1314,76.9174369284,15314.9891488,554.659525645
1315,25.115304685,15315.0152666,459.685552694
1316,20.1880975492,15315.0619429,405.775738794
1317,66.5705730465,15315.0938261,484.641087171
1318,29.3461400713,15315.114105,439.212807084
1319,27.5676283348,15315.150997,458.816776683
1320,27.776063989,15315.1862036,458.094582762
1321,28.9860999886,15315.2197418,511.996607094
1322,28.9614614741,15315.2549635,432.48684825
1323,31.8102576954,15315.289088,411.079124508
1324,24.6299094126,15315.3202588,480.756652323
1325,30.9801171468,15315.3577373,414.485718523
1326,22.3854781293,15315.3950029,341.699493767
1327,28.0649557333,15315.4330873,410.554907932
1328,26.1088038688,15315.4613088,479.29392704
1329,28.2190796604,15315.5015667,418.55659177
1330,29.0992057925,15315.5358449,419.67471424
1331,27.6879570397,15315.5619572,539.026997233
1332,29.3781238303,15315.6027435,511.381922262
1333,38.5708769781,15315.6328525,327.28474401
1334,33.6739105613,15315.6503711,459.250910684
1335,26.6457590453,15315.6857224,499.208135712
1336,27.1033602662,15315.7184058,375.555176296
1337,27.5227717451,15315.7533709,458.070214241
1338,24.2317042,15315.7921914,348.633512597
1339,24.6155688057,15315.8241936,369.233532085
1340,30.3559079813,15315.8585373,475.145116355
1341,31.905335943,15315.8944153,413.540418284
1342,23.8725948045,15315.9285388,412.104881365
1343,28.3189936176,15315.9555315,397.476016514
1344,23.5240596561,15315.9955593,391.518381444
1345,28.305164832,15316.03464,413.100280638
1346,23.925148243,15316.0643939,396.753698878
1347,30.273049262,15316.1022852,477.70065982
1348,30.8163178541,15316.1385051,484.316451489
1349,36.8195115795,15316.1558298,394.845273227
1350,18.8969683741,15316.1942996,353.529906523
1351,60.2797271936,15316.2260046,413.256989045
1352,27.9696661512,15316.2486558,395.550812061
1353,24.5361229012,15316.2898576,432.699240471
1354,27.3139804217,15316.3210361,381.41897916
1355,23.714902155,15316.3583816,339.545725589
1356,30.8304381279,15316.3894638,480.598967314
1357,24.592713514,15316.431995,425.247769937
1358,29.4764386736,15316.4590083,448.003081372
1359,32.563322387,15316.49678,430.772264491
1360,23.267727002,15316.5295675,383.035128255
1361,29.5035109097,15316.56369,426.527309329
1362,24.2079246407,15316.5994587,417.893571849
1363,28.8407783324,15316.6343046,433.571968455
1364,27.4174337197,15316.6718376,446.323484728
1365,29.0257343181,15316.7009692,434.417412871
1366,29.6652466041,15316.7348928,440.00671397
1367,36.5132994062,15316.7520204,403.302573871
1368,30.3131038049,15316.7867417,468.62921237
1369,25.0419278464,15316.8236923,444.450129186
1370,26.4466303116,15316.8576035,348.855013354
1371,27.5023606656,15316.8929806,461.843171969
1372,30.4070281136,15316.9271135,461.145413618
1373,26.7886273723,15316.9617273,516.68033349
1374,30.2060590565,15316.9966144,451.072653606
1375,30.5771347826,15317.029729,389.183388372
1376,24.35629181,15317.0604915,411.18153042
1377,25.3798144706,15317.0952461,335.743387051
1378,23.3949520261,15317.1350762,386.548046203
1379,26.616340752,15317.1711412,355.10627693
1380,23.5255924719,15317.2045264,392.250013792
1381,35.8396562738,15317.2383638,521.833272135
1382,42.6633852309,15317.256659,359.488073787
1383,27.2519654617,15317.2866091,530.539147055
1384,28.9137214615,15317.320411,418.000822188
1385,25.9165195187,15317.3506513,412.227478393
1386,32.6776895791,15317.3888939,539.924042038
1387,28.4481298118,15317.426495,488.612675325
1388,27.4039543875,15317.4538212,379.72033062
1389,22.9394923261,15317.4939414,367.031877218
1390,30.6170689464,15317.5290044,480.209962489
1391,28.022125338,15317.5631267,482.92456348
1392,29.0209225904,15317.594102,508.487641969
1393,28.3285481116,15317.6335699,489.026561812
1394,31.7216450801,15317.66597,514.438633476
1395,29.0190572468,15317.702833,403.145627428
1396,28.2769142983,15317.7335375,504.24961532
1397,45.6703856048,15317.7586876,421.060150465
1398,30.773014633,15317.7784922,379.395204635
1399,19.6478256292,15317.8241466,430.910457044
1400,63.9745780806,15317.8538541,419.509362882
1401,25.679002895,15317.8910958,463.64646859
1402,30.5835576194,15317.9197726,468.837060411
1403,24.9970908349,15317.9558671,435.839171328
1404,30.4867891849,15317.9922964,388.033476646
1405,26.9108504704,15318.0258006,515.537730342
1406,31.9616798715,15318.0588142,522.258152369
1407,27.3607771667,15318.0918892,452.901449372
1408,27.8569625197,15318.1272585,388.002590197
1409,24.926117627,15318.1657434,439.576872373
1410,26.3058819003,15318.2007897,345.999855638
1411,31.330028362,15318.2330227,398.766159172
1412,32.9383012964,15318.2618518,547.212159105
1413,34.5445585794,15318.283841,498.208708985
1414,23.2443142623,15318.329028,484.241050674
1415,36.2042797955,15318.3562595,409.604668022
1416,32.5152900729,15318.3843358,418.930207427
1417,25.1210883149,15318.4212761,456.347231591
1418,30.4479111399,15318.4551654,468.739633902
1419,25.6337208225,15318.4890164,400.411519493
1420,27.9455838246,15318.5249454,475.896144171
1421,26.604731448,15318.5582449,427.33526386
1422,33.4066021065,15318.5921938,558.000266075
1423,30.9630513987,15318.6282884,584.209685372
1424,32.0211487379,15318.662926,524.208797161
1425,26.9334431326,15318.7004447,500.99100212
1426,31.4363734193,15318.7345959,510.780609922
1427,38.5333066048,15318.7671517,464.002455915
1428,25.5602991638,15318.7906266,459.374827945
1429,39.2553854645,15318.8232443,466.131875764
1430,33.4784810067,15318.8475915,455.356572089
1431,25.4747119804,15318.8852807,462.771124489
1432,31.3221199028,15318.9209912,486.250061228
1433,27.1511759421,15318.955846,521.55705825
1434,30.7264613082,15318.9895996,486.798697159
1435,25.6062282007,15319.0237598,396.689981522
1436,28.2546795815,15319.0599708,481.988727266
1437,27.0628812982,15319.1002005,450.41611176
1438,31.4957151725,15319.1307927,495.995018532
1439,25.1563181479,15319.1671896,385.639054749
1440,33.413570975,15319.202362,563.095506984
1441,25.1206574736,15319.2383406,447.260590611
1442,49.0871344958,15319.2665171,502.993450421
1443,33.8198416156,15319.2878773,534.738648058
1444,26.3944863017,15319.3233579,447.150954764
1445,27.735009239,15319.3579645,399.999991747
1446,26.8272190834,15319.3936985,424.17557796
1447,30.0526126669,15319.4217764,432.381801557
1448,27.0825394679,15319.4543945,389.649889534
1449,22.654407129,15319.4941027,365.993147993
1450,32.2564492327,15319.5329009,526.08676618
1451,28.4609530871,15319.5645851,485.507489677
1452,28.361386656,15319.6003116,493.683684838
1453,28.5830776587,15319.6367791,502.44465316
1454,32.6810172859,15319.6720147,534.01222257
1455,80.4979103745,15319.6937459,643.983282996
1456,21.7978903524,15319.7235423,432.675769351
1457,40.4191029821,15319.7525783,485.029235785
1458,26.7190445093,15319.7859839,439.038701782
1459,30.575435806,15319.8217903,472.684766689
1460,29.479477275,15319.8581046,614.843246265
1461,32.1348514082,15319.8935195,522.129533936
1462,27.8510860826,15319.9321349,484.800936243
1463,34.452610037,15319.9579834,581.626999401
1464,39.4668033426,15319.9937798,624.024952643
1465,24.8422280901,15320.0252607,437.392560418
1466,27.361504502,15320.0626488,456.207448596
1467,31.5316917766,15320.1099327,491.530429851
1468,31.8676268716,15320.1302909,523.638542752
1469,28.3285176318,15320.1672428,489.026035648
1470,43.0537279249,15320.186489,579.228669327
1471,27.9526385249,15320.2177555,389.335202747
1472,27.704037376,15320.251549,467.697980299
1473,26.2050165105,15320.2907826,418.460556123
1474,27.5742864376,15320.3250048,454.766782134
1475,34.1755260964,15320.3585821,583.991645932
1476,27.534000796,15320.3953987,470.501211849
1477,34.9647947219,15320.4309937,616.610871257
1478,26.3953720008,15320.4651966,493.812193118
1479,32.064228901,15320.5013258,514.028692953
1480,31.7129270589,15320.5352607,424.290046941
1481,28.1309095463,15320.5634223,551.96830315
1482,36.4199039298,15320.6034313,676.469691692
1483,29.8440805732,15320.6352133,538.848904011
1484,55.0416006114,15320.6520411,615.383802787
1485,33.2989938619,15320.6833554,548.170622061
1486,27.1573390441,15320.724859,530.09011061
1487,31.1127883138,15320.7552395,484.001399163
1488,29.7167146611,15320.7925412,543.092777988
1489,32.6192607537,15320.8254487,532.004043014
1490,26.1690210567,15320.8621135,485.363035361
1491,33.6466832062,15320.8998856,571.003148629
1492,27.907873334,15320.9314361,485.789425976
1493,31.5008970592,15320.9650752,493.067030236
1494,24.5703763158,15321.0015932,430.507771633
1495,33.5046772408,15321.0397386,567.605228079
1496,35.7086925092,15321.068936,490.913359174
1497,36.9844349628,15321.0950088,569.368139077
1498,30.3480602016,15321.1220787,561.234021809
1499,29.0517897823,15321.1604399,422.001622385
1500,31.9441540317,15321.1878034,500.00509929
1501,27.8284869267,15321.2293569,548.863555286
1502,29.6663042877,15321.2574465,457.669451898
1503,33.4498387334,15321.2955296,570.611503552
1504,28.7235853555,15321.3309799,499.162694333
1505,32.6939709963,15321.3628659,545.117432837
1506,27.8974795571,15321.3985829,474.257152471
1507,31.6118286049,15321.4328537,598.958652229
1508,27.2573271849,15321.4705069,456.916064239
1509,36.8061803609,15321.505142,554.541022105
1510,28.7129290408,15321.5330761,577.122731156
1511,44.9157357893,15321.561411,619.120691855
1512,36.5737601947,15321.5830676,530.004138007
1513,27.3352527095,15321.621333,532.862173045
1514,33.0434935073,15321.6553742,556.858850643
1515,31.1870315117,15321.6929357,588.435733693
1516,31.4736376121,15321.7235423,499.628507857
1517,39.9707329938,15321.7528461,658.001309598
1518,25.171265168,15321.7904988,514.011780115
1519,33.5920310386,15321.8303948,581.831044883
1520,32.132313907,15321.8645499,613.045477362
1521,30.4284213725,15321.8957007,473.355148052
1522,28.9458992209,15321.9356719,502.192582177
1523,29.133219757,15321.9665218,521.964541309
1524,31.351900348,15322.0070299,598.97721512
1525,30.9959718854,15322.037254,479.186096706
1526,49.8993498186,15322.059474,508.875516881
1527,29.8889737379,15322.0813357,525.400211355
1528,29.1965897521,15322.123569,537.566227751
1529,29.074075603,15322.154079,501.896361718
1530,27.8673296876,15322.1901904,403.835973413
1531,26.5502331058,15322.2313341,426.459890865
1532,33.0437725267,15322.2616593,556.863552762
1533,32.6389373868,15322.2927444,537.304721125
1534,26.069737434,15322.3328998,477.866180556
1535,30.940656067,15322.3637777,488.235317513
1536,27.8719479823,15322.4014006,478.716427415
1537,31.35136983,15322.4341798,598.967079587
1538,36.4294518333,15322.471915,648.607949841
1539,40.2894947717,15322.4956202,514.381835216
1540,30.920102968,15322.5227882,478.013191706
1541,28.8006874635,15322.5547029,511.161494526
1542,33.4711118396,15322.5882069,565.057402763
1543,30.2250134102,15322.6200465,537.291590912
1544,30.7217246794,15322.6558967,497.274556182
1545,29.250911984,15322.6946182,601.602447927
1546,34.4182890004,15322.7264801,469.402879087
1547,32.8044839904,15322.7608723,559.602576329
1548,28.4798148316,15322.7966973,566.74115937
1549,35.320316201,15322.8324527,609.723192513
1550,28.755619248,15322.8687515,516.801761977
1551,31.8277982354,15322.9016965,604.728166472
1552,28.8816501627,15322.9418918,516.650664528
1553,39.6915299934,15322.9710328,640.006690462
1554,42.8128902139,15322.9925041,572.797432568
1555,27.5275667446,15323.0245039,608.103825239
1556,47.0348680798,15323.0513835,691.268561488
1557,27.4270798836,15323.0863665,524.710933948
1558,34.5133508377,15323.1283118,583.673724275
1559,27.3541344889,15323.1572262,460.167767927
1560,34.9101562825,15323.1936582,628.382813085
1561,29.396264623,15323.227338,521.731940504
1562,27.2138200642,15323.2641248,451.290151326
1563,30.030924485,15323.3041931,540.55664073
1564,31.0080734486,15323.3333688,499.990160842
1565,31.8513704088,15323.3640562,491.379010202
1566,29.6745168916,15323.4031322,536.608482555
1567,44.7914934005,15323.425208,438.865214594
1568,29.8457222364,15323.4512223,464.290476821
1569,27.9508683424,15323.4864669,540.544067925
1570,31.0165887787,15323.5229726,497.233744152
1571,31.5004195831,15323.5526525,593.513381516
1572,34.8780378093,15323.5896393,615.080896439
1573,27.3362232026,15323.6252786,517.947493994
1574,34.2445390228,15323.6592355,598.055163115
1575,29.2683383243,15323.6957348,526.830089838
1576,30.6913000569,15323.7323118,480.394832716
1577,33.2166509561,15323.766415,655.134761243
1578,31.0656965147,15323.7993396,492.173193587
1579,27.9350353519,15323.8378073,553.08548204
1580,33.7222070605,15323.8720018,579.197926848
1581,36.5817376213,15323.9035348,551.159451264
1582,27.7259091793,15323.9342073,536.193564762
1583,33.9645686983,15323.9691451,455.682506615
1584,35.690587971,15323.9938059,531.777783925
1585,32.8335912381,15324.0246755,650.900585682
1586,40.1541457332,15324.052921,673.106137913
1587,28.7244431866,15324.0861294,567.262301046
1588,32.179454283,15324.1249652,538.465261485
1589,26.8899034488,15324.1572396,516.538177546
1590,31.9201529365,15324.1955216,519.622443053
1591,32.5704798266,15324.2294158,629.883102167
1592,33.8232767011,15324.2641833,572.003511689
1593,30.8524113527,15324.2975884,585.383347099
1594,32.3975804316,15324.3350025,535.295879365
1595,28.0774354258,15324.3664308,558.733910296
1596,32.5750884724,15324.4036231,541.178014484
1597,59.2651557906,15324.4336993,693.680863691
1598,24.3521347957,15324.4634993,546.704070253
1599,52.2503716513,15324.4853614,484.550012942
1600,30.6366959672,15324.5242039,577.239581651
1601,31.6995524817,15324.5561074,615.493975261
1602,32.1124510638,15324.598909,625.162703263
1603,36.5045613864,15324.627198,672.120255372
1604,30.8542823398,15324.6596712,500.372373617
1605,31.9105807321,15324.6939192,604.619197011
1606,31.3615786596,15324.7307667,595.044117496
1607,32.0321470512,15324.7673948,619.472241768
1608,35.3484423948,15324.8016425,637.253107811
1609,31.3740165008,15324.8360067,601.039691269
1610,37.2795490073,15324.8676961,679.265710183
1611,37.4500269056,15324.9005822,583.788144107
1612,36.6608899053,15324.9192238,553.56729807
1613,31.20743457,15324.9560388,587.993120892
1614,31.7948609487,15324.9878362,611.586361536
1615,30.2938526577,15325.02277,473.205105804
1616,29.8460300478,15325.0578409,533.902016363
1617,29.7353473052,15325.0905356,537.70848752
1618,28.9634561238,15325.133346,514.865658051
1619,32.4770960498,15325.1584346,528.688820078
1620,32.9850180182,15325.1934301,544.002853409
1621,28.9500763993,15325.2357581,594.005904689
1622,32.9859609604,15325.2669322,554.909753561
1623,33.0577467924,15325.3039843,661.154935849
1624,35.5537757984,15325.3338556,632.017743132
1625,29.0605392681,15325.3690835,523.089706826
1626,30.6293882477,15325.4002221,478.446339269
1627,35.4528023557,15325.4321129,380.188949616
1628,23.8518585984,15325.4606951,509.894498382
1629,42.6283267774,15325.5010559,586.042602621
1630,32.7625466663,15325.5250215,642.012176052
1631,34.5323641504,15325.5536683,485.913435104
1632,28.1214730272,15325.5956995,558.903222268
1633,35.7811731384,15325.6231152,652.94513777
1634,36.2577471949,15325.6508087,541.443629253
1635,28.2715261414,15325.6914874,554.006506369
1636,30.8094431867,15325.727844,573.088770749
1637,32.7696412392,15325.7616848,681.892062242
1638,32.9404738156,15325.7969363,520.834622313
1639,32.8952095173,15325.831664,674.953268507
1640,34.5253704952,15325.8646338,596.000301957
1641,28.7981078435,15325.9013788,583.117240612
1642,36.6086498128,15325.9366276,706.082067253
1643,30.5813495897,15325.9665594,560.565397395
1644,32.8047473736,15326.0028079,532.003600941
1645,36.6395366079,15326.0345821,698.076928678
1646,29.6952389695,15326.0661384,615.057148799
1647,35.4071494488,15326.105802,628.414563094
1648,29.5391434144,15326.1407157,531.704581459
1649,38.4264103586,15326.1679027,606.35852781
1650,57.1507753862,15326.1836395,649.108030619
1651,26.65423496,15326.220788,577.234982629
1652,33.3401939967,15326.2567855,579.390798851
1653,33.5096261874,15326.2930888,654.081809096
1654,34.0771048929,15326.3271055,603.847837171
1655,28.0628695766,15326.3609202,559.148715105
1656,30.5659317094,15326.3973123,476.475720312
1657,30.9827373694,15326.4315873,583.759501241
1658,31.8126241804,15326.4620458,512.963151585
1659,28.3743592546,15326.5032493,569.611286786
1660,34.6892183668,15326.5342422,613.714922087
1661,31.7558227767,15326.5669302,615.768249721
1662,29.8665283726,15326.6025808,446.002379251
1663,32.4402123181,15326.634641,618.91980465
1664,29.7932679914,15326.6754333,559.764685039
1665,36.9490877624,15326.7081268,539.25418257
1666,28.8119291614,15326.7366594,588.356242642
1667,53.9080347493,15326.7624315,619.356165539
1668,34.3276958762,15326.786976,602.44861763
1669,32.9176986303,15326.8218142,643.370503947
1670,28.6410822589,15326.8541716,503.464280982
1671,30.8344193083,15326.8936487,575.208633541
1672,30.8547179312,15326.9273885,476.003404642
1673,28.9178629161,15326.9604049,601.046493805
1674,32.9855908669,15326.9989444,554.903527623
1675,30.4510215824,15327.0339838,559.835220228
1676,36.521830223,15327.0620216,674.418884854
1677,31.311332241,15327.0931425,500.001879306
1678,27.8639731193,15327.1320293,550.269378775
1679,31.9192109696,15327.1671041,519.607108942
1680,33.8744966749,15327.2022627,694.220599299
1681,29.4433890712,15327.2333892,523.397132738
1682,30.497311545,15327.2741518,561.5150558
1683,32.3761439103,15327.3068582,535.920541025
1684,30.9426836765,15327.3368183,578.057035174
1685,31.9896104811,15327.3723182,617.821998368
1686,44.8235774986,15327.4071687,648.00694275
1687,29.7117081137,15327.4272814,616.831089669
1688,41.684755224,15327.4580235,525.624763568
1689,22.805326591,15327.495504,479.454534913
1690,37.414425087,15327.5367147,568.650029685
1691,35.5555248302,15327.5580348,598.136508587
1692,32.5584782475,15327.5862418,552.535698095
1693,29.2223771726,15327.6266754,514.51304314
1694,30.6824135617,15327.6565044,570.725883137
1695,37.5739523629,15327.6872666,573.541490921
1696,27.6522427222,15327.7198674,549.577454405
1697,32.9458918914,15327.7566342,541.356244982
1698,29.2482623936,15327.7950395,592.953970052
1699,32.8204620934,15327.8258606,567.518842749
1700,31.394202324,15327.859737,600.606455076
1701,34.4674734642,15327.8938165,594.00168175
1702,29.445516266,15327.9275758,613.428624883
1703,36.3148115687,15327.9640844,672.559722233
1704,32.0921882,15327.9942952,628.875886555
1705,32.7190506708,15328.0314719,640.324444336
1706,28.1859891039,15328.0691721,493.053439721
1707,30.265720104,15328.097177,458.00345334
1708,36.3455703135,15328.131718,536.635914702
1709,26.9082191122,15328.1616995,588.30007502
1710,37.8018532367,15328.1997602,710.232340977
1711,30.9091416793,15328.241901,592.940144096
1712,28.2835332818,15328.273681,474.961290931
1713,29.492288399,15328.309198,530.04132785
1714,31.4990423496,15328.3416177,484.921593187
1715,44.8188918133,15328.3677019,448.188918133
1716,26.3155165351,15328.3926444,564.404951108
1717,35.2698622885,15328.4277657,503.754394436
1718,29.2551041853,15328.4600523,516.748168568
1719,30.062472895,15328.4896248,447.920757944
1720,30.2059666521,15328.5247028,565.101891243
1721,28.973103116,15328.559826,506.822311541
1722,28.9148962603,15328.5916337,495.787192622
1723,33.3402845445,15328.6296508,579.392372403
1724,30.2241435947,15328.6627452,551.538864505
1725,30.9800590549,15328.6918667,590.24939935
1726,33.161415992,15328.7318933,423.376617477
1727,26.7142877996,15328.7649588,520.07168009
1728,32.7210613281,15328.7981567,530.646441349
1729,28.0658279154,15328.8347774,495.741361329
1730,35.4584250371,15328.8660162,609.018449888
1731,26.6899600935,15328.8998004,512.00220789
1732,32.9700028209,15328.9379745,560.490047955
1733,31.6121077424,15328.9701201,577.732350553
1734,30.4808162208,15329.0052237,566.156033556
1735,29.4182545958,15329.0417755,536.02610902
1736,33.1537149551,15329.0715146,544.77112638
1737,35.8480540645,15329.1026535,529.290175315
1738,38.7641974926,15329.121718,640.489657198
1739,26.5662961642,15329.1613548,555.356332594
1740,40.55733754,15329.2008675,684.686661237
1741,31.6484485416,15329.2229796,485.161529128
1742,31.2089531321,15329.2561663,416.379368481
1743,26.5020083511,15329.2873709,559.688283961
1744,33.8992232295,15329.3226233,491.246415222
1745,27.1268523888,15329.3607707,513.2641339
1746,29.8492143017,15329.3953531,547.958735055
1747,28.1980505065,15329.4296023,467.611766748
1748,29.918612402,15329.4631969,461.561871907
1749,28.3590660078,15329.4965193,573.52661626
1750,32.7515872668,15329.5277314,547.05936123
1751,29.5847635682,15329.5620532,533.346910089
1752,33.8201789234,15329.5943577,566.929506357
1753,28.2907607321,15329.6335392,570.744625134
1754,29.2679613974,15329.6673919,433.126275577
1755,33.8554854443,15329.7022632,464.20302907
1756,24.0683264598,15329.7319896,462.337453528
1757,35.5509250641,15329.7654534,526.105646964
1758,27.8986376794,15329.803203,543.844567923
1759,33.9052577613,15329.8380821,586.276713383
1760,27.3072962305,15329.8721543,543.408333815
1761,34.5475042894,15329.9070096,572.905545856
1762,28.5321191724,15329.9425046,508.800570145
1763,30.7898582264,15329.9720509,474.003842385
1764,27.1578362092,15330.003121,530.099814887
1765,34.4665870017,15330.0409938,593.98640473
1766,28.3515958456,15330.0751287,485.301148968
1767,52.0383770623,15330.0935686,522.979217001
1768,24.951726867,15330.129775,505.849725579
1769,34.9080385632,15330.1671009,380.801743172
1770,29.6266749528,15330.1931991,524.98601771
1771,31.3486888829,15330.2304053,608.681436462
1772,31.3160857519,15330.256811,506.895130601
1773,33.4221990591,15330.2931578,575.98774884
1774,27.7978400519,15330.3301404,543.303788145
1775,31.4955077353,15330.3553257,495.991751808
1776,29.7441434559,15330.399656,520.310008935
1777,27.467562911,15330.4278529,393.275650804
1778,29.4156538275,15330.4635342,621.916769731
1779,33.0445903027,15330.4953852,556.877334167
1780,30.0805375856,15330.5312261,537.255580259
1781,30.1706920239,15330.565076,554.681424004
1782,30.9632875022,15330.5977677,569.253114576
1783,29.7944847463,15330.6305611,457.711559638
1784,31.7153703319,15330.6698338,523.063287336
1785,29.614238672,15330.7071838,530.58270365
1786,31.6998868462,15330.7338803,602.297850077
1787,28.2208866304,15330.7803141,488.800094785
1788,33.7338692092,15330.8071677,462.535511266
1789,27.1056835886,15330.8346804,581.352146371
1790,57.1384977028,15330.8606436,408.050491859
1791,29.70149616,15330.892599,523.791590099
1792,28.7064844402,15330.9225758,502.158389522
1793,28.4977366045,15330.9616224,579.142443206
1794,31.9992666413,15330.9898804,511.98826626
1795,32.5577207564,15331.0248454,530.001295212
1796,28.9961453738,15331.0586062,517.075342671
1797,33.4561041236,15331.0923832,675.78017763
1798,26.668896611,15331.1282594,437.402426256
1799,33.1762377923,15331.1622025,555.144639832
1800,37.0063158944,15331.1941223,556.326914712
1801,26.0791421478,15331.2249953,552.607114656
1802,35.7323542917,15331.266382,520.270931692
1803,26.3966144981,15331.3007467,486.013215983
1804,31.2499502077,15331.323771,498.04225177
1805,27.9619315929,15331.3633674,472.051735773
1806,32.305527637,15331.4025314,631.4057319
1807,29.7195185216,15331.4381129,552.015556392
1808,37.8367466573,15331.4664799,699.724112763
1809,28.0421603971,15331.5039351,557.326914921
1810,33.6409421947,15331.5422175,588.476146904
1811,33.1583300445,15331.5694836,659.008775571
1812,27.7862083892,15331.601067,474.810937091
1813,36.0583393715,15331.6395014,522.534980674
1814,25.0456411586,15331.6716036,447.329454646
1815,31.622835975,15331.7065137,500.000938775
1816,27.6993183206,15331.7415661,470.888411451
1817,40.8760073121,15331.7615116,332.078253232
1818,22.0680555829,15331.7984575,547.269981348
1819,88.1290093507,15331.8338713,693.928513556
1820,33.7621000468,15331.8569877,569.969849095
1821,26.9643696284,15331.8881631,443.069804831
1822,28.9146084768,15331.9217326,505.79907326
1823,28.5023945495,15331.9547873,498.588274518
1824,31.3104411958,15331.9897649,499.987650456
1825,25.8685844649,15332.0269291,540.770987007
1826,38.5876887381,15332.0573626,596.551191093
1827,28.3412802251,15332.0890413,485.951726462
1828,27.2945911612,15332.1273645,465.610845704
1829,30.4159559937,15332.1659213,544.09716162
1830,31.1931985449,15332.1954165,598.389299578
1831,39.1019607733,15332.2282549,469.223529279
1832,26.3595469127,15332.2619787,538.922209802
1833,32.3864736069,15332.2914358,557.197960438
1834,31.1184927824,15332.332381,584.66339833
1835,29.1006260063,15332.3676607,519.753799825
1836,27.8958281017,15332.4032635,471.761260053
1837,29.7132396998,15332.4302381,467.924566717
1838,28.5626003059,15332.4664017,561.892486801
1839,29.325898182,15332.5056924,430.00207604
1840,28.7538690017,15332.5325454,503.808485089
1841,30.764922064,15332.5675428,571.433065383
1842,27.1896408173,15332.6103131,466.205224044
1843,32.5773244571,15332.6365047,535.300064049
1844,32.6130610168,15332.6678049,421.45362979
1845,27.1144886933,15332.6995327,520.146078456
1846,29.6656851275,15332.7397455,440.013218323
1847,26.1886148046,15332.7699496,489.944120164
1848,48.7586146265,15332.801441,506.714387039
1849,30.830002911,15332.8246386,480.592182954
1850,23.4525421965,15332.8653473,550.010867632
1851,25.9778620712,15332.9118841,407.44684583
1852,51.8127365993,15332.9316958,617.420014006
1853,32.7368935572,15332.9583481,523.790296915
1854,24.9549567034,15332.9957771,375.984333641
1855,28.9604906892,15333.0258051,507.42878952
1856,25.0302893485,15333.0634839,384.522601194
1857,28.0056283888,15333.0985206,400.00038147
1858,25.4337655211,15333.1284645,384.882712193
1859,26.9639700656,15333.1617859,443.063239345
1860,33.1657633058,15333.2007286,470.205847461
1861,26.240607938,15333.2331601,480.281984006
1862,28.3288272526,15333.2603134,407.58084827
1863,28.0107006156,15333.3052217,473.703930538
1864,27.5474023762,15333.3359185,466.682591697
1865,29.4996565123,15333.3677971,511.799912111
1866,31.2108876812,15333.4029306,498.397908313
1867,26.0293586347,15333.4382685,409.910749689
1868,26.6765590857,15333.4707571,440.769093369
1869,27.9940084854,15333.5056594,477.542011475
1870,30.132995241,15333.537324,453.999350549
1871,26.1645930429,15333.5709918,356.837473946
1872,24.5709463923,15333.6065609,417.70608867
1873,31.5237593642,15333.6412666,517.988223035
1874,38.6641542014,15333.6719472,467.180752746
1875,27.8311199764,15333.6920683,391.618571252
1876,21.1256003675,15333.7312656,397.47579898
1877,39.2160524721,15333.7600564,478.69292553
1878,27.8696607376,15333.796268,397.08154313
1879,28.5585306465,15333.8249923,488.843302191
1880,27.2565960143,15333.8607631,460.144300728
1881,28.108259299,15333.8950497,477.012978184
1882,27.9332628654,15333.9323123,406.714446453
1883,25.5247751546,15333.9637123,451.57937056
1884,30.9518873955,15333.9963153,398.787172982
1885,23.6342316914,15334.0355878,384.01081185
1886,29.0316140352,15334.0648918,433.534449389
1887,25.400191524,15334.104674,450.808678686
1888,26.9879790954,15334.1354744,377.831707336
1889,26.9788707532,15334.1742269,368.930508837
1890,28.4228482368,15334.2071919,480.673979264
1891,26.048554169,15334.2341419,423.238908909
1892,26.3168259333,15334.280991,354.05668222
1893,30.195308116,15334.3049085,549.355481693
1894,29.7059857796,15334.3415502,533.881940074
1895,31.6090005788,15334.3767628,500.780748747
1896,36.1209299324,15334.4038244,387.35381966
1897,26.8687413196,15334.4255399,451.202893772
1898,32.4526606578,15334.4584925,543.036878541
1899,28.4220047694,15334.49027,483.174081081
1900,28.057803013,15334.5295567,487.592630784
1901,23.1399012647,15334.5664263,323.958617706
1902,28.7928388629,15334.592411,396.881894597
1903,27.9008344427,15334.6260009,340.57308735
1904,24.53891632,15334.6621317,420.754766774
1905,30.5288060604,15334.6944318,466.001999864
1906,23.057369907,15334.7282643,384.443183519
1907,28.2137132787,15334.7703177,398.003404229
1908,24.9704836438,15334.7996725,373.723978308
1909,24.0534296181,15334.8354211,361.602336365
1910,25.390874709,15334.8734636,389.234738743
1911,29.3624457615,15334.9071117,422.452028954
1912,24.2186326708,15334.9385956,363.279490062
1913,25.2475844276,15334.9732162,382.065281004
1914,27.2094818403,15335.0080564,439.58263208
1915,30.1008480426,15335.041484,471.152796826
1916,30.2721069307,15335.0750347,368.276075503
1917,22.1537104508,15335.1079296,398.766788114
1918,39.9979860277,15335.1386251,324.945174597
1919,27.1598461392,15335.164729,453.658870301
1920,28.1966108967,15335.1964896,467.587893519
1921,28.7066437885,15335.224655,334.774117987
1922,28.5184433031,15335.2589996,503.736143065
1923,24.8484425671,15335.2958577,373.554001652
1924,23.5634821431,15335.3308391,343.89770008
1925,29.6002983984,15335.3654179,443.016700612
1926,25.4103781054,15335.3997221,386.204311047
1927,27.1299004599,15335.4292448,368.007874657
1928,23.1978870711,15335.466939,386.786072847
1929,30.1992513403,15335.4994545,455.998695377
1930,29.5227155176,15335.5354326,508.78526636
1931,26.8703234362,15335.5662509,454.418402497
1932,32.3766509868,15335.6018316,425.84835627
1933,27.4410027458,15335.6341496,541.221172655
1934,27.4270158429,15335.6726478,377.059128561
1935,26.606954035,15335.6999214,497.770530524
1936,24.3259609397,15335.7397458,307.701771367
1937,27.7691160294,15335.77654,433.767458937
1938,25.5703197185,15335.805211,421.71651632
1939,26.9582502885,15335.8440055,447.864090298
1940,37.1149537757,15335.8768018,414.957798121
1941,19.9760005114,15335.9052539,365.620841589
1942,39.9447099284,15335.9442969,482.653766467
1943,34.4168381271,15335.9658608,469.383091813
1944,24.8037234655,15335.9924288,381.042030057
1945,27.8920712838,15336.0243239,376.284613784
1946,24.1778907465,15336.0613841,420.166944306
1947,29.9738472099,15336.0933112,429.16018093
1948,26.3986409015,15336.1359717,446.441527027
1949,30.1996257472,15336.1631346,456.004348796
1950,35.7809901042,15336.1897181,518.515807952
1951,26.0442472195,15336.2282398,554.931957277
1952,29.7202260473,15336.2687112,538.256186501
1953,33.7346863368,15336.2961137,551.229316726
1954,30.6646807917,15336.3330182,484.851175118
1955,26.7802787557,15336.3726861,507.413850375
1956,30.6524740358,15336.4045852,485.626518318
1957,25.7385821652,15336.440181,403.693887149
1958,33.6189986987,15336.4712263,552.416518441
1959,26.1037889451,15336.5091446,489.750492237
1960,31.7945995057,15336.5445323,506.72253321
1961,28.3524922504,15336.5791391,485.316492946
1962,31.8868050641,15336.6111329,522.982487953
1963,52.2843071847,15336.6322662,543.354458894
1964,21.3460483972,15336.6661225,462.77130164
1965,48.1433894773,15336.6993347,483.835076226
1966,29.2095422569,15336.7330118,515.115888518
1967,32.3184580463,15336.7588215,533.988563009
1968,34.0026913689,15336.7899423,553.52371258
1969,25.2455458982,15336.8307123,471.625718242
1970,31.8121313678,15336.8649103,506.002925532
1971,27.3125757917,15336.897577,457.842199652
1972,28.0019852511,15336.9321312,474.383713978
1973,28.5253509016,15336.9697509,410.408331202
1974,26.860869201,15337.0021896,435.610095595
1975,30.4628511779,15337.0403303,566.641786717
1976,33.2265766505,15337.0703273,552.001348976
1977,31.863029201,15337.1093199,618.668118994
1978,28.1417338973,15337.1407006,394.988057781
1979,25.1172562285,15337.1705896,444.369624773
1980,36.4997397154,15337.2088006,548.711404874
1981,45.2724769251,15337.228341,617.434266177
1982,22.4637331142,15337.2707908,514.708786936
1983,76.4475754141,15337.2988764,489.503323027
1984,27.1800844878,15337.3346542,527.741779919
1985,31.09657479,15337.3651647,487.730717777
1986,29.7402658442,15337.397604,454.938587637
1987,28.4719810593,15337.426129,482.345947906
1988,30.2481077147,15337.4633383,566.698116402
1989,26.3272201265,15337.5028366,415.436526293
1990,32.683445011,15337.5300618,550.791205532
1991,30.4806887654,15337.5653626,566.153666178
1992,31.4784905706,15337.6034196,506.598362086
1993,26.5336162658,15337.6381203,487.092446002
1994,32.3727673311,15337.670772,523.999016168
1995,27.3989781705,15337.7075816,464.976078287
1996,34.3509478967,15337.7409573,589.996905343
1997,29.5965444954,15337.7668919,452.740073751
1998,28.0507590094,15337.8094865,553.247446004
1999,62.0135197918,15337.8365855,759.507403219
2000,23.0282912841,15337.868923,538.586393355
2001,30.8097913109,15337.9091551,469.280760125
2002,41.9464678815,15337.9506685,532.241010263
2003,30.0787866704,15337.9617216,480.319704914
2004,25.3599573701,15338.0010446,519.724469197
2005,41.0049771417,15338.0281105,637.887742784
2006,31.4653566632,15338.0598114,516.070220236
2007,28.4722512052,15338.1000694,502.113619197
2008,32.9851920164,15338.1266836,544.00572306
2009,27.1164393509,15338.1634969,513.783184449
2010,31.826492311,15338.2041726,521.022134114
2011,27.1109935684,15338.2377986,452.03059663
2012,31.7064645662,15338.2619616,508.293294357
2013,36.484294095,15338.3042238,527.447321125
2014,25.827228979,15338.3358115,541.140542933
2015,40.1892209824,15338.3700281,665.249978872
2016,28.2542036655,15338.4034352,565.789987481
2017,34.9519600275,15338.4461729,584.858156081
2018,28.1074213704,15338.4769708,576.716069045
2019,32.2781271768,15338.5102738,537.215102031
2020,35.442998237,15338.5458262,496.201975318
2021,33.9302835206,15338.5624613,467.69668222
2022,31.7256888878,15338.5971323,497.597986843
2023,28.9678898608,15338.628639,604.173244773
2024,31.1514716371,15338.6617442,486.601542516
2025,29.7168428263,15338.698066,543.095120293
2026,33.2266865665,15338.7288989,552.003175038
2027,28.3521898533,15338.761426,502.402084207
2028,34.8139408138,15338.7987838,606.002618741
2029,27.4829426561,15338.8413261,519.274910739
2030,31.0683023765,15338.8686606,501.923785726
2031,31.241086223,15338.8996849,488.001367096
2032,31.6779405109,15338.9398668,615.889554933
2033,29.7450962384,15338.9677199,545.236620265
2034,31.9475206585,15339.0059584,621.951850942
2035,29.7392163674,15339.0401612,441.103862863
2036,29.1024617142,15339.076604,512.401713626
2037,31.0083517739,15339.1061124,475.349031489
2038,29.2578549937,15339.1394823,606.703794201
2039,58.6647329663,15339.1675303,699.070974186
2040,26.2362712107,15339.2025033,634.570742565
2041,27.2570976753,15339.2394701,460.15276974
2042,55.8029841906,15339.2732216,618.885033332
2043,26.9120657164,15339.2999844,437.269310856
2044,29.8634587011,15339.3248855,450.928337716
2045,28.0794269795,15339.3614475,483.912082088
2046,31.8333449843,15339.3956482,597.246492008
2047,36.8743274161,15339.4307901,573.629913288
2048,29.6147673187,15339.4624838,620.498284145
2049,35.5327211888,15339.4972179,645.483935335
2050,31.6120824834,15339.5331832,577.731888929
2051,30.7275635674,15339.565427,594.242797924
2052,31.1014571244,15339.6051075,570.099125984
2053,35.0209902509,15339.6342642,625.494886351
2054,30.0431829464,15339.6760858,553.968921627
2055,31.4043512717,15339.7048581,596.682674161
2056,30.8291841342,15339.7389534,583.315537929
2057,47.9465868073,15339.7763851,669.537647456
2058,25.2743101167,15339.8045287,593.273717843
2059,30.9839849642,15339.8424456,480.001831062
2060,34.9447760611,15339.8770427,489.226864855
2061,25.0198596206,15339.9046184,408.061561367
2062,34.284323729,15339.9373937,561.258568534
2063,31.4904349128,15339.9711432,583.211016196
2064,37.1588439002,15339.9963343,554.899872626
2065,32.7363940098,15340.0257375,429.333782453
2066,26.7387202869,15340.0587929,521.91899845
2067,31.68615451,15340.0930145,502.003096898
2068,28.4298051777,15340.1300133,572.844701391
2069,31.8748622448,15340.1631376,508.001710778
2070,27.5817261878,15340.2025014,546.786417593
2071,29.6649203723,15340.233896,440.00187517
2072,29.7994558488,15340.2756426,444.001892217
2073,28.4725943888,15340.2997373,502.119671305
2074,32.245068521,15340.3346725,627.74448962
2075,27.4986222505,15340.3729149,465.043899588
2076,39.4647618421,15340.4068087,615.194753573
2077,29.8403029585,15340.4358897,640.003197727
2078,31.2907544943,15340.4755426,490.776307434
2079,28.2769564963,15340.5095843,557.708757795
2080,31.8139123527,15340.5451977,527.574051937
2081,37.3589584867,15340.5823593,559.137691936
2082,36.3378998937,15340.5995586,543.855886228
2083,30.1224364701,15340.6269368,462.749649615
2084,29.8140607346,15340.6581839,531.66086292
2085,28.9954716287,15340.6950836,517.063328075
2086,32.6012280732,15340.726692,642.996724689
2087,32.810242789,15340.7668061,549.020372049
2088,30.3923747723,15340.7992431,562.8746578
2089,32.3507477546,15340.8311583,511.51023457
2090,29.5355584923,15340.8690924,541.395729936
2091,32.2655369763,15340.9011535,623.985788108
2092,40.6334174279,15340.9364024,661.464112515
2093,27.478866414,15340.969682,538.473611395
2094,34.6416252679,15341.0034947,600.010550208
2095,27.0665125503,15341.0402386,519.22573646
2096,30.4803056505,15341.078407,479.035605189
2097,29.8939672112,15341.1104411,549.593900221
2098,29.5387165159,15341.142917,531.696897287
2099,44.6985323548,15341.178632,570.672658826
2100,26.8437405895,15341.2014397,526.027737856
2101,44.6997216634,15341.2285126,570.687842902
2102,28.257337073,15341.2630604,491.060163049
2103,33.1759827976,15341.2937661,544.126574893
2104,27.3956228009,15341.3288091,539.631186715
2105,31.1062451126,15341.3668001,497.699921801
2106,30.8540635829,15341.4022732,570.591664797
2107,31.4585926965,15341.4336213,500.379548717
2108,27.8638776289,15341.4707158,550.26749299
2109,31.305025389,15341.5032605,490.001153651
2110,33.8316910144,15341.5363232,470.004872486
2111,28.6015223486,15341.5683584,583.358882296
2112,29.2389249693,15341.6017286,423.712277383
2113,26.1932323678,15341.6420134,496.981641385
2114,32.5767887247,15341.6797488,529.310165399
2115,29.9857605161,15341.7053667,538.910107805
2116,32.1595887051,15341.7416919,539.092941834
2117,33.2265280631,15341.7789636,638.2607615
2118,28.7005280097,15341.8105581,510.19174566
2119,52.2922731941,15341.8392518,543.437244093
2120,29.8660863057,15341.8613224,547.454404831
2121,32.278780367,15341.895077,531.375788305
2122,30.2153604564,15341.9281477,556.323785709
2123,29.534033106,15341.9599493,445.954120312
2124,28.1312178505,15341.9978336,551.974352515
2125,32.6803160263,15342.0362431,534.000763894
2126,34.3363885845,15342.0648634,485.589864191
2127,25.271235369,15342.0981976,511.703515916
2128,36.2329663451,15342.1393153,534.973337033
2129,26.780557954,15342.1727814,507.419140428
2130,27.4170597068,15342.2049497,453.833091182
2131,27.1750240416,15342.2460185,389.087131618
2132,29.0720666897,15342.2761863,493.369331985
2133,24.2531588342,15342.3070828,370.208402431
2134,32.780395352,15342.3422963,526.531114384
2135,29.8569206615,15342.3776082,459.641451133
2136,32.9115727805,15342.4004305,427.850446147
2137,23.6386596609,15342.4376599,457.149920957
2138,39.9430708889,15342.4662766,482.633961878
2139,31.599336012,15342.4936999,519.230074079
2140,27.6627562786,15342.5304931,527.046292872
2141,31.0088847181,15342.5632407,500.00324217
2142,30.5408856157,15342.5934441,549.735941083
2143,33.0860809517,15342.6333102,569.234460316
2144,34.1629490595,15342.6651815,480.715304013
2145,26.4738808968,15342.6964227,567.801488269
2146,37.0903324146,15342.7364796,545.114332835
2147,28.1587829838,15342.7727997,557.515459139
2148,30.2163073404,15342.8017745,547.24060084
2149,28.3938923556,15342.8439782,419.230796622
2150,29.7921785954,15342.8788806,540.381175557
2151,30.6619256383,15342.9122155,547.639502911
2152,32.5988161105,15342.9437469,559.903053647
2153,30.7013198454,15342.9783627,574.369100916
2154,59.4729310125,15343.0008488,643.298106803
2155,22.588689598,15343.0386961,513.116391515
2156,37.5769973772,15343.0743404,457.143903294
2157,38.0610821235,15343.0939246,603.000944507
2158,26.6046375487,15343.1295044,427.333755614
2159,27.5538037463,15343.1653299,465.977103358
2160,29.9361954343,15343.2052612,542.167558456
2161,31.4961647856,15343.2386492,496.002099046
2162,37.5350335224,15343.2675026,580.277536379
2163,27.2943902104,15343.2955372,522.885294747
2164,30.5431864395,15343.3398482,453.028666127
2165,26.0865282798,15343.3745762,499.745988952
2166,31.002998115,15343.4062312,490.200441686
2167,28.272802617,15343.4410216,454.128454181
2168,33.1422574485,15343.476675,583.529657278
2169,27.0502819893,15343.5078244,525.917590175
2170,32.0255272703,15343.5425694,501.278791941
2171,26.4762988415,15343.5792245,435.049983443
2172,52.5634567273,15343.6026579,561.224140674
2173,30.1699845007,15343.6313617,554.668416347
2174,25.241617831,15343.6687197,391.041461964
2175,29.6663904653,15343.6954017,444.995856979
2176,32.265399005,15343.738938,623.98311987
2177,28.4820453932,15343.7667371,493.323497244
2178,35.7146792368,15343.7981481,512.602080053
2179,31.1792653117,15343.8390899,592.406040921
2180,27.2112682691,15343.8718071,443.802354811
2181,27.0164009144,15343.9045137,452.070854118
2182,33.3536655682,15343.9404654,561.095502508
2183,30.4525450485,15343.9793656,563.16628537
2184,28.4552305025,15344.0071968,496.949236441
2185,30.4914250696,15344.0429091,557.251127344
2186,35.6270359266,15344.0799318,521.178604154
2187,25.2396775056,15344.1106598,451.501077062
2188,38.50985372,15344.1378155,423.60839092
2189,32.9180493496,15344.1588077,458.495372669
2190,28.0174099646,15344.1978046,470.492320486
2191,28.5644282433,15344.2352634,505.356323352
2192,25.9278533261,15344.2690167,399.15422835
2193,32.2493520025,15344.2956066,520.005176119
2194,27.3695613951,15344.3435227,538.422648857
2195,30.6296182532,15344.3713511,478.44993207
2196,28.7752086773,15344.4026371,414.003158593
2197,26.5900672766,15344.4421684,423.775938621
2198,28.4557228489,15344.4773431,422.066577483
2199,26.4806652391,15344.5079018,496.115104243
2200,29.9210911345,15344.5449788,457.704682688
2201,27.8348879673,15344.5781268,455.676754756
2202,27.1997353663,15344.6092616,385.622803272
2203,37.8212493975,15344.6442441,469.349361907
2204,28.4879128537,15344.6609718,464.623797873
2205,31.3724762751,15344.6955306,501.959620401
2206,30.7883580698,15344.7300814,577.640799638
2207,33.2270192899,15344.7630251,552.008702654
2208,29.5574738295,15344.7946186,505.078334202
2209,32.45563299,15344.8377913,571.440386185
2210,26.5784011415,15344.8694016,495.813644144
2211,31.8322070992,15344.903386,526.916784714
2212,37.7372035106,15344.9387786,566.058052659
2213,26.3206554112,15344.9714126,491.005459892
2214,30.5228685437,15345.0047042,469.893588465
2215,26.4232775493,15345.0424594,480.002673771
2216,29.9405346429,15345.077495,476.23335721
2217,27.0590485649,15345.1114796,442.97571635
2218,25.7743403137,15345.1468517,335.066424078
2219,49.5567908115,15345.1667266,488.077785815
2220,25.3560434495,15345.1918347,384.543438463
2221,27.6663231583,15345.2295141,478.395449071
2222,30.113758916,15345.2664106,534.466200947
2223,29.4122372095,15345.2999243,458.4914029
2224,27.3640653009,15345.3316606,448.804040505
2225,28.1029434102,15345.3668668,391.428707549
2226,26.7171151515,15345.4020014,509.029409615
2227,33.9944810134,15345.4382874,582.883927874
2228,39.4185127719,15345.4700513,633.155068274
2229,24.6668668541,15345.5012782,424.384823995
2230,25.8096955748,15345.5411234,347.233941033
2231,25.8313401399,15345.5767818,472.084967524
2232,27.8809762947,15345.6118649,384.312736502
2233,28.0703376325,15345.6495361,484.569157842
2234,27.1599024155,15345.6785534,446.282736378
2235,57.7595147085,15345.7048453,360.708053743
2236,27.410083171,15345.724763,457.838652784
2237,19.6288551108,15345.7716278,389.621649124
2238,38.5620013995,15345.8033639,293.679453167
2239,25.8456959666,15345.8321149,334.0
2240,25.2634360411,15345.8669814,388.925654261
2241,29.2201419408,15345.8969677,418.368763752
2242,21.5305207941,15345.9364834,340.427424595
2243,28.0395808061,15345.9698564,397.529667382
2244,31.0760822207,15346.0014561,386.894103546
2245,23.8319014549,15346.0349431,463.957606593
2246,32.4406143246,15346.0765224,406.47973242
2247,23.0438453708,15346.1093266,386.971968328
2248,29.2569318519,15346.1423861,427.992015272
2249,29.3357878031,15346.1824767,435.120050246
2250,33.488846815,15346.205246,443.015801834
2251,32.8449997741,15346.2312203,455.113667067
2252,24.4140443624,15346.2603425,354.634478879
2253,23.4472111587,15346.2975662,325.739067731
2254,27.3056415981,15346.3349153,455.276027853
2255,28.0005263835,15346.370356,407.693818058
2256,25.6306197979,15346.3937413,393.745052552
2257,29.2585650272,15346.4364376,428.015906567
2258,27.7769256609,15346.4739382,477.892298907
2259,23.3233833652,15346.5017776,331.487560466
2260,25.2099241128,15346.5370667,387.282202807
2261,25.9830608244,15346.5762384,333.758459395
2262,28.3683363053,15346.6118827,415.961462779
2263,23.6743696764,15346.6441254,398.967569358
2264,30.8163187545,15346.6803448,484.31646564
2265,36.4319967665,15346.7154915,373.316877172
2266,22.4389813669,15346.7386501,419.794901916
2267,45.4385016042,15346.7652628,398.721233393
2268,21.7009875269,15346.7972833,330.539594357
2269,32.8455612884,15346.8334665,455.121447637
2270,22.626275116,15346.8680464,360.603486823
2271,28.3181988122,15346.8966317,396.454783371
2272,27.2635995179,15346.9377709,452.936932689
2273,24.8875619525,15346.9737388,377.438564783
2274,26.864852011,15347.0060381,439.796581749
2275,27.6405095584,15347.0407692,381.999442161
2276,29.5181047789,15347.0778883,543.485947198
2277,24.8758428277,15347.1075071,306.689987726
2278,23.4560553151,15347.1415699,386.847174498
2279,29.3776195582,15347.1812232,427.744597338
2280,58.2782790088,15347.2026712,420.250646424
2281,23.734885331,15347.2331263,399.282573141
2282,29.5970863611,15347.260692,437.996880256
2283,32.0614288182,15347.291572,413.082614213
2284,25.0460172354,15347.3334582,443.816556155
2285,23.783562571,15347.3725135,385.704568516
2286,24.8427576167,15347.4058652,328.638792674
2287,21.7224245676,15347.4463867,284.886927401
2288,24.43182913,15347.4734168,306.129941558
2289,29.1149916831,15347.50143,321.585594152
2290,24.0411782864,15347.5362243,421.920966589
2291,25.9401384964,15347.5785419,269.577826987
2292,21.4239719763,15347.6055195,372.924834649
2293,25.1902902231,15347.6491378,390.246298081
2294,62.0992475956,15347.6713337,356.733018116
2295,23.1025408956,15347.6949048,325.901444874
2296,23.780831884,15347.7275221,344.616994169
2297,27.4956770561,15347.7615281,378.00306418
2298,25.9470255953,15347.7996299,410.258496939
2299,30.6594349668,15347.835137,470.000238121
2300,23.5086104929,15347.8655601,342.290535466
2301,27.4502117498,15347.8983179,384.302964497
2302,22.6314480288,15347.9416596,306.987897055
2303,26.7679070793,15347.9718686,440.655364417
2304,25.8467201346,15348.0077978,399.580596464
2305,29.0781679172,15348.041894,432.278043304
2306,25.7337329094,15348.0796956,455.276210622
2307,25.1137325665,15348.115132,335.058983298
2308,29.2264153602,15348.1500557,416.412320934
2309,23.5457059522,15348.1769589,332.986566933
2310,60.9101319466,15348.1971341,421.997772909
2311,22.0444654405,15348.2269326,347.156588914
2312,26.8587699182,15348.2656944,376.022778855
2313,25.3556694815,15348.3001721,384.537766958
2314,25.8642204462,15348.332958,341.17249959
2315,25.3386712949,15348.3691045,388.434475559
2316,26.9731099273,15348.4013635,367.864174121
2317,21.9871631743,15348.4435465,339.913293833
2318,27.027848743,15348.4795208,372.553184738
2319,22.679444433,15348.5123113,313.436158029
2320,29.673049339,15348.5463828,449.034717222
2321,25.1618095801,15348.5839797,372.360777787
2322,34.0355707734,15348.6062754,350.417648321
2323,21.2964097918,15348.6337754,240.941372459
2324,23.5358848438,15348.6665861,332.014513539
2325,22.6315121707,15348.7057265,306.988767118
2326,25.3386789569,15348.7365952,327.447896258
2327,23.2660374418,15348.7752883,329.85300991
2328,25.5852737737,15348.8026885,323.630958736
2329,23.5638461008,15348.83918,343.903011869
2330,28.3851346534,15348.8734189,407.40332482
2331,21.8810653885,15348.9071311,331.842786848
2332,25.0788421617,15348.9468941,317.225049244
2333,21.3472819055,15348.9818973,284.808263866
2334,25.5706448159,15349.0162356,320.399261203
2335,22.9411299009,15349.050868,274.336013097
2336,21.6158820237,15349.0683167,143.38354037
2337,27.2043784837,15349.0979959,370.019551655
2338,23.2575638121,15349.1311757,327.262931518
2339,24.9388365518,15349.1673421,378.216182584
2340,23.1809773428,15349.2019324,280.096814946
2341,26.5859362871,15349.235967,338.383724991
2342,21.7077106564,15349.2739692,346.644340781
2343,26.6837209753,15349.3090369,356.005241233
2344,24.8167893552,15349.3469462,377.99807389
2345,24.9466293067,15349.3812759,303.488844008
2346,24.3405729063,15349.4114872,361.029039925
2347,27.0361834657,15349.4444385,301.062197615
2348,41.4447070685,15349.4577073,346.751297156
2349,18.1927593835,15349.5031251,330.988246784
2350,27.4173366611,15349.5436836,313.805761254
2351,25.3770597877,15349.5676453,321.998790865
2352,21.2702975603,15349.6056157,275.694566132
2353,27.4958466815,15349.631904,378.005396145
2354,27.3612498197,15349.6671343,308.345625793
2355,21.8967640396,15349.7010698,339.223209845
2356,31.1020910876,15349.7379023,388.464993176
2357,20.8510273696,15349.7714,355.69188159
2358,23.6120484943,15349.8163678,342.171090481
2359,27.1440594498,15349.8500909,365.185970949
2360,27.9074601818,15349.8795311,312.014890229
2361,21.6467498856,15349.909296,285.540242043
2362,37.0112182357,15349.9380538,420.366632254
2363,22.4210833477,15349.9674001,304.134371686
2364,24.9386031158,15349.9996362,378.212642351
2365,23.9168408105,15350.0268774,286.003818563
2366,26.2414789586,15350.0708189,352.066384689
2367,20.0129567413,15350.1077752,281.6072631
2368,26.6080418056,15350.1377597,353.99697217
2369,22.6037787208,15350.1731933,316.452902091
2370,26.9616136408,15350.2100497,371.64019686
2371,23.6193404659,15350.2380348,310.663920048
2372,19.8623012254,15350.2761452,256.677499335
2373,24.5087148857,15350.3157573,307.093317316
2374,36.5633546298,15350.3326281,250.665730374
2375,22.1568216844,15350.3694798,306.213367942
2376,24.1245280801,15350.3965848,355.376489872
2377,26.447035643,15350.4339679,348.860360042
2378,23.8285089537,15350.4696604,337.827419891
2379,23.914028777,15350.4999285,300.594680644
2380,23.6104218591,15350.5314462,339.694816292
2381,23.832933827,15350.5727499,284.002183693
2382,18.6115511,15350.6069676,245.503220298
2383,25.1861069854,15350.6421233,323.521401979
2384,21.1464118703,15350.6814309,269.979313658
2385,28.6614308211,15350.7165821,415.343592113
2386,22.8153252023,15350.744357,311.99487974
2387,25.1397068295,15350.779492,316.001214867
2388,30.6960397409,15350.8133104,303.875289989
2389,21.4158954277,15350.8308295,253.396291954
2390,23.372444113,15350.8668051,301.132877436
2391,23.0127091583,15350.8977274,306.164182354
2392,24.3968099749,15350.9335033,377.953754934
2393,27.9375042967,15350.9690747,399.027374814
2394,21.5219600346,15351.0071795,282.257859698
2395,30.7545185641,15351.0370991,482.365775505
2396,23.247687544,15351.0772641,326.296843841
2397,20.5616378742,15351.108059,257.636584116
2398,20.9868622976,15351.1431689,259.59315001
2399,26.7906054108,15351.1802712,374.110444875
2400,22.8174285403,15351.2136317,292.205659445
2401,23.6344726198,15351.2449496,311.760105702
2402,34.1624361792,15351.2754157,339.911948192
2403,23.3239757957,15351.2956113,272.001961722
2404,26.9185556023,15351.3297487,359.138325937
2405,23.5553144328,15351.3630709,340.535230407
2406,23.5746674971,15351.3997505,289.69036416
2407,18.644478511,15351.4318387,245.93756268
2408,27.7984741235,15351.4724794,394.111390197
2409,24.0125657949,15351.5070495,346.314148915
2410,28.2798396438,15351.5398324,407.85764759
2411,23.8290900476,15351.5775042,340.347482184
2412,25.5406767285,15351.6114502,386.500572334
2413,21.8318447956,15351.6475445,290.453803816
2414,22.2085817199,15351.6820064,257.082919832
2415,21.2544576168,15351.7183906,280.365551617
2416,29.7401748207,15351.7479223,349.36794898
2417,19.2006871862,15351.7787194,257.604250578
2418,31.820832219,15351.80135,215.819384447
2419,23.2721269092,15351.8342831,332.392457404
2420,24.2529627542,15351.8658185,299.992581509
2421,18.8878999946,15351.9069097,247.712486136
2422,23.5293462067,15351.9388777,282.35215448
2423,21.3402920492,15351.9765711,274.950429618
2424,21.7468817642,15352.0091975,241.184586106
2425,25.0486008508,15352.0380732,382.350297853
2426,25.6146082255,15352.0746491,332.003268002
2427,19.8807457942,15352.1138686,281.858217407
2428,27.5324376169,15352.1400398,371.432890365
2429,25.2106414907,15352.1841754,327.738339379
2430,32.7594288068,15352.2088733,434.602934794
2431,29.8447100719,15352.2355407,361.847879271
2432,17.975508776,15352.2720945,296.459685431
2433,44.6087072666,15352.2978847,330.827027342
2434,20.471748823,15352.3309556,263.760032945
2435,23.7933844555,15352.3691034,348.879500583
2436,22.2801094522,15352.4020402,294.738143969
2437,23.4178611167,15352.4364421,268.029671354
2438,22.0191282867,15352.4776029,300.300872383
2439,23.8081469804,15352.5049429,295.451334142
2440,22.1387680644,15352.5376822,298.66830993
2441,23.3903819933,15352.5752885,279.708286757
2442,21.0794549948,15352.6105777,270.77050204
2443,23.49863941,15352.6417484,338.902197186
2444,56.027669289,15352.6666766,311.9488604
2445,17.0294018714,15352.6997905,226.561456284
2446,16.5280479581,15352.7435806,253.370177383
2447,40.8885402391,15352.7723484,182.859110951
2448,24.0832702619,15352.796037,290.000976625
2449,27.1651711615,15352.8355128,441.381787568
2450,26.9204244769,15352.8621919,355.104787631
2451,19.5141233459,15352.9015803,283.459014853
2452,25.2123834938,15352.9386549,248.313179875
2453,20.0270145163,15352.9757388,292.284654272
2454,21.908512072,15353.0092413,229.778413114
2455,22.6628380058,15353.042717,310.737179265
2456,21.9408449691,15353.0817638,253.034167986
2457,20.7844288582,15353.1132796,306.173755902
2458,28.6006445172,15353.1478287,332.309459718
2459,33.057825771,15353.1742129,330.57825771
2460,19.7820731099,15353.2037395,309.638421468
2461,20.6364678167,15353.2416803,306.088282802
2462,42.9187894579,15353.2670148,374.157332052
2463,25.1376978087,15353.2974383,388.619377307
2464,21.8175282634,15353.3301769,238.001134878
2465,18.3041766858,15353.3646268,233.692083981
2466,20.5535678736,15353.4071802,213.598943003
2467,22.890100901,15353.4435596,324.523189573
2468,23.7990946447,15353.473077,277.542752028
2469,18.1235952526,15353.5050588,203.436852155
2470,25.503192785,15353.5418638,332.520951489
2471,21.654449005,15353.5774593,329.119130947
2472,24.2670213914,15353.613736,306.956238499
2473,18.8176129692,15353.6471371,208.697423599
2474,42.0580986291,15353.6720231,349.360805701
2475,19.7731287174,15353.704634,242.17037988
2476,19.262698337,15353.7348209,255.548571334
2477,33.5080927666,15353.7580569,239.29564627
2478,18.3663586642,15353.8017027,273.65258082
2479,25.6001718762,15353.8317709,256.001718762
2480,17.1644123989,15353.8671778,215.069470917
2481,25.934115743,15353.904039,273.232863854
2482,19.7379203616,15353.9368478,275.625057895
2483,24.4669901408,15353.9729548,237.216270554
2484,19.08691886,15354.0054046,258.203052454
2485,25.110137771,15354.0455468,249.842716262
2486,19.1323342036,15354.0728379,293.293129545
2487,21.9909630762,15354.1178519,307.08708719
2488,24.8999416746,15354.1511009,310.001773844
2489,36.2876755893,15354.1753823,269.116604806
2490,24.2316762256,15354.1967014,348.633110117
2491,23.3535244524,15354.2327594,281.213673442
2492,23.3653335182,15354.262832,329.608591018
2493,27.9285982794,15354.3013567,390.00165046
2494,21.3514038377,15354.3361448,323.105369961
2495,25.3905117905,15354.3696847,325.157202894
2496,20.5677713876,15354.4018269,260.164015913
2497,27.4227475289,15354.4405433,376.001770505
2498,21.4482873698,15354.4774653,282.922341662
2499,23.791766932,15354.5108646,285.501203184
2500,20.3636739638,15354.5463643,291.563440004
2501,24.5085791599,15354.5836334,307.091616676
2502,29.7492564741,15354.6187697,262.738319131
2503,18.1559164012,15354.6430417,271.125649804
2504,33.7993525761,15354.6660382,112.099770652
2505,20.6100619937,15354.6969075,298.668173112
2506,17.5367591635,15354.7475894,312.725213538
2507,47.3472622337,15354.7746007,231.953266381
2508,23.2398755503,15354.799454,267.005841993
2509,19.2781785969,15354.8378773,265.031138043
2510,29.8892985524,15354.8678776,376.889714247
2511,20.3212321775,15354.9009994,275.650604583
2512,23.9511159517,15354.9360515,253.474785723
2513,19.2287440302,15354.9723742,265.746529654
2514,21.3639814752,15355.0128007,311.79704465
2515,25.0618796029,15355.04466,323.870860284
2516,28.3515612007,15355.0789813,322.011835038
2517,17.8851440684,15355.1058905,256.700108959
2518,22.4448125241,15355.1500397,314.227375337
2519,31.1389425743,15355.1833256,264.22268944
2520,32.9463196547,15355.1967653,339.203121672
2521,17.0092199637,15355.2368653,295.098937131
2522,45.9485041832,15355.2760537,440.722569622
2523,20.698830221,15355.297419,250.10491716
2524,22.0908038117,15355.3324924,261.381915645
2525,21.4876952458,15355.3628311,279.340038195
2526,22.4409076339,15355.4033223,306.874796499
2527,23.4867311464,15355.4391521,335.457619005
2528,23.7494768984,15355.4723021,282.00941308
2529,22.8096956958,15355.5035212,317.702298136
2530,23.4737463326,15355.5409928,271.728259043
2531,19.9449477206,15355.5742268,284.171762732
2532,19.9960300507,15355.6090955,195.920282023
2533,24.5148035347,15355.6437068,378.98966552
2534,26.7398670421,15355.6802991,323.099042798
2535,20.486722629,15355.7108744,280.151718472
2536,23.5790001312,15355.7416204,277.99231169
2537,34.3517893822,15355.7789535,350.320888773
2538,18.3925067334,15355.8068992,313.752661258
2539,20.4082400166,15355.8529292,249.114316781
2540,28.0351837759,15355.8741126,142.951949141
2541,23.4173223864,15355.9026943,328.677782313
2542,23.7733475412,15355.9300025,288.236520652
2543,20.5894650997,15355.9702136,304.696258604
2544,20.4752337871,15356.003062,216.689506546
2545,19.8753445425,15356.0433098,238.50413451
2546,23.651344927,15356.0690589,282.828949562
2547,17.4444233217,15356.1059066,185.436763529
2548,20.8443705937,15356.1364884,221.578698786
2549,21.7082191402,15356.1720275,331.361583968
2550,24.5385520543,15356.2090391,288.262717144
2551,22.5891044543,15356.2423936,308.07431092
2552,22.5065250575,15356.2756526,271.947376976
2553,20.2318669766,15356.3114125,249.435208194
2554,22.196847325,15356.3454812,295.30984663
2555,21.1464771098,15356.3879472,269.980146581
2556,34.0797511288,15356.4164371,240.980231243
2557,16.6318797052,15356.442324,249.478195578
2558,27.0449932624,15356.4806461,160.000337874
2559,23.2380565931,15356.4982676,270.00181855
2560,22.7980073239,15356.5289049,316.720039818
2561,27.5674673565,15356.5658362,379.991314014
2562,20.799641443,15356.602964,308.508538803
2563,25.6354920398,15356.6374468,332.273953172
2564,22.6469952998,15356.6715177,315.436143848
2565,20.6488350744,15356.7060203,215.580167228
2566,18.9555086625,15356.7373503,252.18664047
2567,21.5937701091,15356.776147,196.728608303
2568,20.118750809,15356.8079115,278.773588687
2569,24.7238694164,15356.8432351,311.756131148
2570,19.4616776534,15356.8820672,222.74908197
2571,23.4351997825,15356.9115668,291.765884351
2572,21.4311634439,15356.9489648,275.288278868
2573,23.9680481293,15356.9775518,295.497943025
2574,19.7745653729,15357.0115881,275.427824526
2575,25.0169456803,15357.049031,316.442113802
2576,20.2741780383,15357.0809372,254.034722695
2577,23.2660404449,15357.1119342,262.194959952
2578,18.5215032894,15357.1487666,248.492042403
2579,42.6990833541,15357.1777654,352.105661572
2580,17.1419473165,15357.206724,267.216513236
2581,37.9910965091,15357.2382971,286.826488658
2582,19.4479481728,15357.2690351,268.071465742
2583,22.1332881093,15357.3075754,349.958012671
2584,24.3819987269,15357.3330291,247.45026122
2585,22.6273111256,15357.3695134,255.998802191
2586,17.8482427113,15357.4053614,227.171042161
2587,22.6031970567,15357.4366119,258.705415002
2588,21.0379567798,15357.4679644,265.278541254
2589,24.0961415955,15357.5039022,301.923788806
2590,24.5803223622,15357.5385693,358.737994507
2591,21.4488008197,15357.5706927,282.929114531
2592,18.6385417962,15357.6092206,211.69314112
2593,23.1511766324,15357.6446083,264.977327916
2594,21.2268607164,15357.6761817,281.606129894
2595,23.9826828794,15357.7080899,335.757560312
2596,24.1913018369,15357.7515903,305.04070949
2597,21.1481245064,15357.7748013,267.504966724
2598,20.9466574254,15357.8088434,272.30654653
2599,24.9751368716,15357.8476451,304.860397234
2600,18.9788424775,15357.8807694,260.915946767
2601,21.3011748673,15357.914024,229.420674492
2602,22.3996680587,15357.9520348,307.944523262
2603,25.9355127601,15357.9839589,260.648677409
2604,29.3662828448,15358.0083446,277.040958277
2605,17.2619566897,15358.040901,303.928110109
2607,17.0808295597,15358.1027168,284.281660594
2608,37.8965964225,15358.1281298,307.873404742
2609,19.844079472,15358.1656531,276.396043889
2610,19.7521087427,15358.2032264,244.320092024
2611,24.3991165763,15358.2368602,359.421431006
2612,22.07107581,15358.2781839,291.972888805
2613,25.943787254,15358.3021286,350.00082524
2614,22.071567471,15358.3481775,291.979392868
2615,18.8067173746,15358.3720637,180.387696071
2616,22.039615708,15358.4051324,344.26980288
2617,19.1113975551,15358.4463777,186.274861612
2618,22.9690809224,15358.477866,313.256499033
2619,19.9069281209,15358.5102039,208.785623531
2620,22.7691967458,15358.543759,307.173257823
2621,26.0211737383,15358.5759947,325.004355823
2622,17.3029722191,15358.6145417,218.182177941
2623,20.3765156157,15358.6509277,211.758961965
2624,22.4553467123,15358.6838599,307.892201984
2625,23.3532366237,15358.7130516,261.097122926
2626,26.8205685383,15358.7429988,247.273424009
2627,22.3609450054,15358.7668076,250.002965366
2628,22.360744416,15358.796591,250.000722708
2629,18.666343359,15358.8340218,250.435275852
2630,20.0998084302,15358.8678668,197.960155073
2631,17.4242680951,15358.9010322,187.665110671
2632,20.476444121,15358.9360088,207.813211023
2633,20.264034945,15358.9729912,288.718055873
2634,24.4935704079,15359.0048229,312.712973166
2635,20.3756293348,15359.03587,235.864961972
2636,23.0014860536,15359.0708225,286.366191972
2637,18.2003465672,15359.1068761,201.851608032
2638,25.0338996444,15359.1332947,319.611435058
2639,21.285887118,15359.1729161,318.577987076
2640,24.118266938,15359.2088674,236.309789913
2641,19.7318296132,15359.2414462,277.651453763
2642,20.2474150601,15359.2717823,205.488819918
2643,18.1720840679,15359.3138079,236.934988327
2644,28.5057182435,15359.3488199,317.426244346
2645,19.6526222582,15359.3727249,273.729353477
2646,26.5350922709,15359.4116395,282.071899994
2647,18.4642726628,15359.4444342,284.253864525
2648,21.6341025262,15359.4801738,277.89507858
2649,23.3575420589,15359.5186626,264.260422107
2650,26.2575197227,15359.5476185,294.739927886
2651,17.3292651766,15359.575132,245.684736489
2652,22.1521173601,15359.6217827,291.365613124
2653,50.0817417606,15359.6405539,274.308996814
2654,19.5262921989,15359.6681493,231.861873261
2655,20.1594175401,15359.7042802,243.587168938
2656,22.6424446687,15359.7352217,262.105246566
2657,18.7903115489,15359.7642284,216.700444111
2658,22.6483439321,15359.806069,254.227030115
2659,19.9443162878,15359.8383638,287.641020119
2660,24.6288135252,15359.8714597,300.632982044
2661,21.5957349367,15359.9109656,281.573934283
2662,20.5913584692,15359.940865,212.0010109
2663,18.510014486,15359.9764973,246.25972594
2664,22.528096617,15360.0131589,258.828124647
2665,21.4655678953,15360.0431133,266.380692206
2666,21.1203079483,15360.07727,237.074868737
2667,17.9921255641,15360.1142223,195.444510573
2668,22.4424138017,15360.1477774,256.865166536
2669,20.1382560219,15360.180378,283.370380261
2670,25.6567423707,15360.2193926,270.310554044
2671,20.8894931472,15360.2479166,300.547469224
2672,25.9849873688,15360.2831097,281.070613051
2673,22.7167829511,15360.307678,258.013056581
2674,27.873096741,15360.3330399,319.022173796
2675,20.363213053,15360.3677391,291.556840766
2676,24.2229217358,15360.4039448,302.544195511
2677,17.9821659756,15360.4395424,191.996993263
2678,18.7619251702,15360.4696461,179.958064338
2679,19.8396938061,15360.5075983,243.794239059
2680,20.0215471216,15360.5430416,240.258565459
2681,19.6192803254,15360.575898,236.247419606
2682,20.9761269524,15360.6090403,219.99947548
2683,20.1251144498,15360.6420768,251.362598913
2684,24.4898669377,15360.674688,293.878403253
2685,19.2769847758,15360.7122148,262.903020942
2686,23.4942209293,15360.7453606,275.994604216
2687,20.4338461165,15360.7818047,250.26248234
2688,23.7302341358,15360.8167857,293.526785588
2689,17.9900141398,15360.8489535,228.975497854
2690,21.1657890813,15360.8874221,223.997656847
2691,19.5554599501,15360.9208598,233.030199691
2692,20.1382732015,15360.9555433,207.336212561
2693,60.6469855093,15360.9703667,402.286591201
2694,17.7608175089,15361.0016635,218.248579437
2695,17.2215163135,15361.0435991,238.0060907
2696,18.11058084,15361.0830207,242.303057691
2697,28.4625197876,15361.1208749,241.512489018
2698,22.8912120619,15361.1356434,262.001897408
2699,18.7480544356,15361.1772125,245.162624018
2700,21.6200547888,15361.2045168,243.645643655
2701,21.5844405888,15361.2456802,283.898990958
2702,23.6110902409,15361.2755381,284.315176244
2703,21.5101228065,15361.3102485,269.521066255
2704,22.0533418331,15361.3373286,256.236676944
2705,24.5210586553,15361.3752291,247.650552983
2706,18.1392948193,15361.4077054,260.347858466
2707,19.555751658,15361.4425978,233.033675792
2708,19.9529228576,15361.4780649,209.268020399
2709,21.2372913409,15361.5113628,267.792054431
2710,17.4984577561,15361.5430311,183.525373239
2711,20.5496474256,15361.578467,261.554310821
2712,22.3312868154,15361.6094261,241.54979898
2713,18.3080622194,15361.6440288,244.260015796
2714,20.297270775,15361.6784815,205.994800162
2715,20.4546046211,15361.7160605,255.477929833
2716,23.0816814234,15361.7426677,269.176348064
2717,21.6341101275,15361.7790757,277.89517622
2718,20.4683941732,15361.8122503,261.32296318
2719,25.6993225409,15361.857279,268.308804398
2720,21.0226241001,15361.8792794,313.23004444
2721,20.3647032018,15361.9158806,252.719320632
2722,37.2941455804,15361.9358742,252.941201765
2723,20.8773819867,15361.9668358,229.651201853
2724,16.5017317667,15362.0064808,278.092126766
2725,70.6774041174,15362.0333377,412.116543461
2726,18.2549956702,15362.0709416,270.765342543
2727,27.1549445265,15362.0958987,227.194566081
2728,21.5407094799,15362.1316118,287.388909583
2729,17.050260954,15362.1754982,230.020595915
2730,24.2224507025,15362.2064147,296.663222704
2731,26.8828768014,15362.2328682,289.537444131
2732,20.9406260493,15362.2723144,312.710232822
2733,28.4184055461,15362.3052142,307.39205509
2734,18.3408776848,15362.3423552,282.354222985
2735,22.4288368063,15362.3849234,295.856677065
2736,20.9610505148,15362.4108855,233.412380128
2737,27.9578185055,15362.4433025,317.539777682
2738,19.7069359645,15362.4772566,273.067314816
2739,21.2423637386,15362.5163499,312.197712541
2740,21.1632711472,15362.5536226,238.497953445
2741,19.6508325923,15362.5853004,226.624456908
2742,21.1578592203,15362.617083,275.864733436
2743,19.6412100569,15362.6509077,229.053901996
2744,23.6149275739,15362.6880387,267.172406796
2745,40.1634381451,15362.7078379,208.695346422
2746,19.4433191578,15362.7370649,272.899988998
2747,25.4852258837,15362.7689006,326.370135105
2748,20.8019188815,15362.8003318,268.013976575
2749,19.6784867886,15362.8379537,195.798471359
2750,18.10202567,15362.8727956,230.401171881
2751,27.4510843718,15362.9040678,384.315181206
2752,19.0959448483,15362.9412713,218.563078685
2753,20.929120384,15362.9791564,268.839418999
2754,23.2580031711,15363.0029759,327.269113847
2755,24.2537677558,15363.0472267,300.002538829
2756,22.4016222263,15363.0781848,292.939222368
2757,21.3334819149,15363.1093181,234.668301064
2758,18.2428637792,15363.1408931,208.000649645
2759,20.7650963686,15363.1770548,210.742711384
2760,19.7531729521,15363.2149399,276.544421329
2761,23.1308842273,15363.2446034,284.237064043
2762,20.6153293302,15363.2810552,249.947584703
2763,24.3182102645,15363.3162328,296.841586069
2764,17.4831279746,15363.3487644,216.254349916
2765,22.8665526073,15363.3823999,266.667536508
2766,22.0860043179,15363.4236435,198.774038861
2767,18.7065336269,15363.4454578,246.046034835
2768,20.1754056526,15363.4814828,290.273539273
2769,33.2056342379,15363.5171291,217.743905176
2770,17.752510139,15363.5470687,280.691831123
2771,19.5180777897,15363.587081,278.089802407
2772,38.5026704836,15363.6232414,425.275895617
2773,25.090172697,15363.6339571,166.429377522
2774,16.772676684,15363.6745018,246.506996979
2775,22.8772015721,15363.7048587,209.673015786
2776,21.3042132374,15363.7340272,264.378333561
2777,21.6404171608,15363.7726368,246.738718356
2778,20.8224282435,15363.8040912,264.206995348
2779,20.2972117807,15363.8396202,246.926238578
2780,19.895337725,15363.8760923,246.894648244
2781,22.243933548,15363.9097594,237.500219125
2782,17.2485482459,15363.9424838,216.810889537
2783,23.3238624927,15363.9763042,272.000640394
2784,21.3375131468,15364.0140169,232.76478816
2785,17.7504683491,15364.0460472,192.000671389
2786,21.4592955506,15364.079118,280.616702114
2787,20.2979676328,15364.1131381,206.001872497
2788,17.2150720239,15364.1486864,208.010506703
2789,21.7902337972,15364.186214,247.489481135
2790,22.0188570624,15364.2212265,300.297173377
2791,21.5942072416,15364.2519278,219.15726773
2792,19.6062150076,15364.2860689,244.095408341
2793,22.4631368899,15364.3171263,255.132191114
2794,17.4259531242,15364.3560204,214.841578907
2795,62.2969625009,15364.3728813,346.854807725
2796,24.5524173546,15364.3982503,313.464280687
2797,17.7071055429,15364.4430339,285.518497726
2798,27.7328915893,15364.4634237,151.899303083
2799,20.315883295,15364.5015403,286.590801837
2800,18.0688536126,15364.5453311,231.394229019
2801,22.6724945381,15364.5758739,267.304768368
2802,20.2286606881,15364.6170988,245.259476566
2803,24.6586304687,15364.6439321,304.01201391
2804,22.4293562162,15364.6764837,311.598574953
2805,20.5015295238,15364.7081412,247.720923765
2806,20.0216580524,15364.7524793,246.030253152
2807,21.1182548832,15364.783017,227.45056597
2808,20.3889465551,15364.8105391,253.840337519
2809,21.2092240772,15364.8445284,229.412834769
2810,21.0585476804,15364.8846255,269.680994115
2811,20.7160806734,15364.9147302,262.039996479
2812,21.6732190035,15364.9494063,271.564655745
2813,22.2899401401,15364.9876915,258.985700852
2814,23.2853190106,15365.0196398,335.825646634
2815,23.0699136146,15365.0475366,321.326714345
2816,40.3371901336,15365.0737379,145.437807335
2817,18.3383209442,15365.1010753,208.283287716
2818,16.7721956124,15365.1467564,309.26400619
2819,43.0642636353,15365.182142,210.97094411
2820,22.5096893153,15365.2034567,263.469158519
2821,18.5495193137,15365.2416738,240.429249505
2822,19.7543663277,15365.2724783,199.509320281
2823,22.1353949441,15365.3030799,297.801281712
2824,23.5688029084,15365.3390945,280.854700541
2825,18.2289557445,15365.3729623,223.258200589
2826,25.151256019,15365.4046735,273.212573212
2827,20.2373925889,15365.4413534,292.568590741
2828,21.1185406452,15365.4759666,220.484037357
2829,20.0602292617,15365.5132304,249.74784022
2830,24.6368503417,15365.5413709,296.666963513
2831,18.9242801876,15365.5860621,257.398038871
2832,24.4747839173,15365.6133632,245.968534223
2833,16.1913368289,15365.6416459,183.184065091
2834,23.350977826,15365.6783066,207.548030752
2835,17.1991802576,15365.712174,246.254785363
2836,19.6679232921,15365.7516676,240.077599511
2837,17.1278697489,15365.7849135,148.331703153
2838,23.1626287073,15365.8162041,217.284717455
2839,18.6193252433,15365.8447341,244.190161294
2840,28.6205346538,15365.8792053,255.989844153
2844,10.681245985,15366.0007926,252.989995571
2845,22.023698759,15366.0364365,287.997231761
2846,20.3183442095,15366.0777089,256.204572003
2847,21.2349256989,15366.1116332,270.276479274
2848,19.8166086616,15366.1440445,187.996856612
2849,16.8797195831,15366.1798735,184.136001508
2850,20.6984182066,15366.2106964,216.097830326
2851,20.5553068796,15366.2422468,255.084650069
2852,20.9126833123,15366.2757234,214.291236286
2853,17.626229954,15366.3146111,226.413023244
2854,21.301076535,15366.3510742,227.433261016
2855,20.3536339291,15366.3827111,250.109641022
2856,20.0025360042,15366.4179121,238.357725734
2857,23.0969254936,15366.461138,169.727046259
2858,14.9459763687,15366.4806015,181.210333075
2859,22.3342998805,15366.5248021,304.599239845
2860,52.4761142796,15366.5449781,246.134793431
2861,17.3603176571,15366.5773073,211.909682989
2862,17.34950826,15366.6114797,186.05274854
2863,24.7982444283,15366.640437,311.709099038
2864,21.2621247964,15366.6781245,228.01088647
2865,27.9996488811,15366.7110484,322.90770335
2866,18.3659110024,15366.740071,273.645910809
2867,19.418108736,15366.7834057,228.111127896
2868,23.6923139052,15366.8178744,286.275318138
2869,22.2510160824,15366.8467566,291.819340128
2870,22.0006923893,15366.8795236,242.007616283
2871,17.626788247,15366.9197194,226.420194648
2872,22.3874981915,15366.952234,256.236628648
2873,20.1120348663,15366.9912186,239.662555269
2874,20.7515542102,15367.0199193,224.462378251
2875,32.1332066225,15367.0518964,306.531254645
2876,20.5840303527,15367.074308,291.828996876
2877,19.0311395711,15367.1171451,301.509954425
2878,55.8181836177,15367.1436184,305.728782864
2879,21.365356941,15367.1735701,273.61006974
2880,19.6922157187,15367.209992,236.306588624
2881,22.2720132624,15367.2401451,248.010643462
2882,17.8700088526,15367.2769649,198.18798555
2883,21.0157435531,15367.3119802,264.163800283
2884,20.4200898975,15367.3438327,247.580432383
2885,23.2598790198,15367.3806022,282.011045682
2886,21.5534010676,15367.4140805,272.631354787
2887,18.4394734716,15367.4486823,182.541474266
2888,21.5279637808,15367.4893727,273.159237721
2889,21.376702579,15367.515849,283.594006838
2890,18.5925790698,15367.5601874,208.701182447
2891,28.4746103127,15367.5905887,328.38522579
2892,16.5379556244,15367.6190471,185.638091472
2893,28.699070752,15367.6490338,183.763715524
2894,19.307117512,15367.6751801,229.259318052
2895,17.5792164189,15367.7022633,156.247493235
2896,21.6284524913,15367.7410117,284.477877154
2897,20.2660147786,15367.7716183,207.664855658
2898,18.8133679401,15367.8098339,252.407817599
2899,27.4880053996,15367.8429486,346.610559699
2900,18.725424197,15367.8747447,228.572931889
2901,20.2806415865,15367.9101799,198.708894173
2902,22.8148890173,15367.9465344,311.988915001
2903,17.6409466426,15367.9798751,197.231779402
2904,21.2352472041,15368.0148468,270.280571367
2905,20.4336422371,15368.05475,215.28177952
2906,20.3528472628,15368.0835306,250.099974305
2907,24.5704297689,15368.1148348,307.866602585
2908,21.1027851376,15368.1531727,266.931464032
2909,25.2679987577,15368.1689526,136.072337656
2910,16.9047859786,15368.2120575,287.381361636
2911,31.5940475235,15368.2460842,181.493985256
2912,17.2712331895,15368.2670669,124.54463371
2913,15.02904995,15368.3109444,230.390973051
2914,24.4161813194,15368.3487728,242.937936749
2915,20.3065770672,15368.3744893,202.047890725
2916,22.3621051764,15368.4064044,210.963678307
2917,18.1341982757,15368.436082,230.810662298
2918,25.5541084823,15368.4697007,254.260169063
2919,17.4828223309,15368.5095536,220.450001561
2920,15.55145663,15368.5472872,172.473997483
2921,20.050987917,15368.5798914,200.50987917
2922,26.3179746954,15368.6115969,264.492372289
2923,18.7073220843,15368.6438777,258.540334991
2924,17.7676178692,15368.6841423,223.335493529
2925,21.889788807,15368.714003,232.691646828
2926,32.5079860663,15368.7551094,229.866173902
2927,16.6368235861,15368.7776246,253.950090521
2928,21.3403757954,15368.8192676,274.951508614
2929,27.9882287319,15368.854023,310.404472501
2930,17.4921019796,15368.885673,248.609480101
2931,57.8325660662,15368.9131209,365.765263403
2932,19.411327729,15368.9367113,192.162340566
2933,17.9888704946,15368.9729238,226.116595906
2934,17.4550614943,15369.0069048,157.095553449
2935,18.9261056234,15369.043022,218.266497775
2936,22.2760261421,15369.0766549,241.979582197
2937,20.6131095763,15369.109362,263.170565763
2938,21.9880376441,15369.1418576,243.859134196
2939,19.4609706183,15369.1796253,260.370041587
2940,22.1331881256,15369.2112649,258.11511048
2941,21.4759021113,15369.249252,275.862957456
2942,23.5943790193,15369.2810156,287.038009248
2943,18.2368415649,15369.3208153,234.256471402
2944,22.8936594903,15369.3545947,268.939604726
2945,20.3785474927,15369.3899414,241.122225661
2946,18.0051394958,15369.4174899,173.6352772
2947,19.8904034332,15369.4528746,271.997176113
2948,22.6089628324,15369.4890267,199.676953171
2949,22.4305623405,15369.5188314,267.290998766
2950,15.9607700888,15369.5499171,181.980778209
2951,18.7900324624,15369.591154,244.270422012
2952,34.0366634477,15369.6141335,102.109990343
2953,18.2692487883,15369.6443728,285.374788856
2954,24.0200237087,15369.6739518,227.873953112
2955,17.9146935538,15369.7036157,193.777038577
2956,24.4348001283,15369.740057,299.263961406
2957,17.51475975,15369.7718537,218.759279163
2958,25.6900209874,15369.8022738,250.395351278
2959,17.6235305991,15369.8440179,196.247331234
2960,20.8252088435,15369.8784183,255.055677267
2961,18.1851676731,15369.9094301,208.138757448
2962,21.6715455733,15369.9450459,235.413242468
2963,22.0620115394,15369.9789845,295.992945135
2964,21.3663783943,15370.0107147,273.623150726
2965,19.282537632,15370.0481774,224.871098685
2966,24.1035016651,15370.0835988,287.226371591
2967,21.315445631,15370.1179138,281.97684112
2968,24.3275711923,15370.1520626,323.657283961
2969,18.0943600518,15370.1893833,214.858621101
2970,20.0206629795,15370.2209412,214.697691664
2971,17.9165042423,15370.2606848,193.796624168
2972,21.8166537577,15370.2872471,237.991595148
2973,28.7453371027,15370.3113226,172.472022616
2974,20.4039683817,15370.3382742,288.555688116
2975,22.0172842766,15370.3710327,201.79174359
2976,17.3723188581,15370.4066366,209.190420583
2977,24.4056833131,15370.441626,251.271888729
2978,18.902597321,15370.4732274,242.071358113
2979,19.552940473,15370.51244,206.928871566
2980,20.7436575462,15370.5452382,250.646567791
2981,21.8061669794,15370.5782876,250.533784588
2982,19.46503573,15370.6174966,269.715446844
2983,29.4989529025,15370.6495913,356.437204094
2984,19.2544728316,15370.6781459,253.253049845
2985,22.2881661836,15370.7181302,251.174876694
2986,17.759524353,15370.7571667,195.354767883
2987,22.7002333394,15370.7828528,265.699419141
2988,15.864087283,15370.8223048,179.481659123
2989,59.6124499709,15370.845387,273.178564353
2990,15.3612622751,15370.8779882,239.950587411
2991,35.7361980149,15370.9156075,272.158775748
2992,21.3063921773,15370.9394901,278.617231057
2993,18.0311359447,15370.9760127,196.696471121
2994,19.6673437932,15371.0058716,233.536768143
2995,23.0636054276,15371.0410278,268.96554754
2996,17.6155000103,15371.0739229,185.590808792
2997,20.0220117234,15371.1093222,203.201225896
2998,21.9595426282,15371.14079,286.317406238
2999,20.3725271126,15371.1784712,220.362573346
3000,16.8448864195,15371.2160385,170.956925698
3001,21.6953683445,15371.2462694,285.358017787
3002,18.0701207036,15371.2813142,200.407333338
3003,20.6045071005,15371.3218223,214.128318978
3004,18.4201288613,15371.3535984,206.765433658
3005,19.2015990608,15371.3825487,221.443643086
3007,19.2783256307,15371.4367932,265.033159425
3008,15.7481962065,15371.4802514,248.002841863
3009,36.9468878258,15371.5107816,255.975547583
3010,20.3294476666,15371.5351896,196.05009346
3014,9.61689619286,15371.6715405,226.35485323
3015,19.0025327872,15371.7095939,186.186036597
3016,19.5259247447,15371.7454012,231.857509985
3017,19.0627312601,15371.7793665,223.936387814
3018,19.3115133307,15371.8157848,190.196348731
3019,19.2786335505,15371.851154,228.107868388
3020,20.1761949141,15371.8839738,246.281845333
3021,21.934487417,15371.9221309,243.265233448
3022,19.3156609366,15371.9543969,225.257379477
3023,21.1190046028,15371.986566,227.458640697
3024,20.3646882623,15372.0206006,252.719135237
3025,20.3109076161,15372.0550797,249.584611298
3026,21.5409085924,15372.0913352,277.535192968
3027,21.3542672388,15372.1227469,228.001182324
3028,36.0397593129,15372.1447085,276.826644001
3029,20.8854829881,15372.1665646,263.355919895
3030,20.5400870225,15372.2053015,211.473139047
3031,17.9260879717,15372.2378993,230.961487212
3032,23.4150197424,15372.2732675,219.652355232
3033,17.0017483273,15372.3142405,206.135243443
3034,16.0148433193,15372.3441089,127.113878125
3035,20.801851116,15372.3842075,265.580256431
3036,24.434415128,15372.4178883,299.259246135
3037,17.9894567938,15372.4511328,228.968403998
3038,22.8460752876,15372.4849743,214.315183159
3039,19.9335098069,15372.5184371,277.641664318
3040,25.8576724489,15372.5505615,282.0739047
3041,18.0671884754,15372.5789952,232.779440032
3042,23.3427559113,15372.6214078,218.974460408
3043,25.2837100697,15372.6456504,242.512827557
3044,17.566030385,15372.6774728,218.695314628
3045,24.082513099,15372.7147844,305.572834826
3046,20.7510880718,15372.743004,219.608873888
3047,20.7476015914,15372.7736917,257.470964687
3048,18.6007466757,15372.8106831,180.340929986
3049,20.2971219592,15372.8468832,246.925145853
3050,19.3904605391,15372.8763933,187.997489963
3051,17.4923437617,15372.9132645,212.083396971
3052,20.8900674105,15372.9526367,226.924216727
3053,18.6388704148,15372.9837559,211.696873509
3054,21.2088076515,15373.0207498,229.408330437
3055,20.17618746,15373.0554061,246.281754344
3056,20.9527063169,15373.0849762,212.646744405
3057,18.4529403269,15373.1222819,235.591371008
3058,25.7453413773,15373.1615433,219.968293152
3059,22.1642918702,15373.1766868,190.664447981
3060,17.4989359607,15373.2091227,253.583673664
3061,29.4817207535,15373.2330503,166.773797327
3062,17.2660055348,15373.2700934,214.265493857
3063,20.0719079817,15373.311788,203.707617611
3064,18.0569396808,15373.3465228,202.688645218
3065,20.4938227434,15373.3741647,209.999192658
3066,18.719043512,15373.4191419,245.497954128
3067,20.7450980025,15373.4532261,171.068460556
3068,18.7808231156,15373.4795488,251.97118296
3069,20.0820517078,15373.5227434,165.600840741
3070,16.7243799497,15373.5532648,197.885532211
3071,21.0436893339,15373.5863076,316.356018651
3072,22.8912311639,15373.6258633,262.002116042
3073,48.5615304524,15373.6469113,247.616191387
3074,14.3875631752,15373.6790588,207.000987058
3075,19.8151584394,15373.7187511,79.2606337577
3076,18.6434295471,15373.7385881,214.196697959
3077,21.5489412778,15373.7763809,258.587295334
3078,23.7553737787,15373.8103405,314.2540566
3079,18.1231539936,15373.8458621,203.431899036
3080,21.4311554518,15373.8810138,275.288176207
3081,20.0243694434,15373.91248,198.231143914
3082,20.0478890042,15373.9468821,251.199329225
3083,22.1261796399,15373.9836523,245.391203043
3084,18.006942819,15374.0211517,193.940709506
3085,18.5120567476,15374.0533275,212.687339406
3086,19.9157735957,15374.0869539,228.81481815
3087,31.3726446686,15374.1165009,180.222122686
3088,14.8377138191,15374.152169,209.836961175
3089,21.8727951812,15374.1909447,238.604025774
3090,30.6034831263,15374.2103336,186.153720457
3091,18.3171590412,15374.2419706,228.781243098
3092,21.3114187986,15374.2699838,194.156265442
3093,16.8982628919,15374.3086367,209.701927672
3094,25.4491816717,15374.3403605,249.350037868
3095,19.094229425,15374.3748271,262.502255031
3096,24.8362638251,15374.4099976,247.117704906
3097,18.3631041125,15374.4439868,233.724157948
3098,21.5999630442,15374.4763746,189.538906482
3099,16.0453996186,15374.5125367,185.044575458
3100,17.1848416866,15374.5551737,207.645232148
3101,20.4937537276,15374.5826154,209.998485457
3102,18.9667276638,15374.6252507,222.808600915
3103,21.6332347994,15374.6576595,233.99921197
3104,18.7403205726,15374.6851527,246.490432722
3105,32.6216193428,15374.72336,218.83247516
3106,25.9525470221,15374.7374451,279.517485758
3107,21.6996381696,15374.7694835,279.580280511
3108,22.4007913613,15374.8063899,292.928357397
3109,17.923114435,15374.8375791,197.154258785
3110,23.011899037,15374.8761753,279.004448175
3111,22.3841391012,15374.9118449,300.314739889
3112,18.2089527962,15374.9460158,206.813948005
3113,18.352610327,15374.9810228,201.878713597
3114,21.7694422883,15375.0197315,244.361383632
3115,19.5690958501,15375.049139,227.372346983
3116,26.3067809649,15375.0818314,352.94250304
3117,20.3493223075,15375.1189122,239.914971717
3118,17.0997133969,15375.1522615,187.317975087
3119,20.3505249872,15375.1862187,245.896329008
3120,25.1227724794,15375.2243069,314.787436912
3121,18.0147214839,15375.2556132,201.410709169
3122,21.6533134734,15375.2850141,229.157130045
3123,17.9242301064,15375.3217857,201.19898394
3124,29.953888856,15375.3481411,177.209596286
3125,17.4498890124,15375.3780284,213.716620743
3126,20.7379373322,15375.4096976,197.827313778
3127,17.1256476701,15375.4433832,193.754585596
3128,24.9134753378,15375.4802913,297.921834106
3129,19.6212833051,15375.5174269,246.63570676
3130,17.2070798726,15375.5462835,146.006914348
3131,19.9684485411,15375.5812866,283.101618443
3132,18.9754997018,15375.6161069,178.005965704
3133,19.3050149541,15375.6541734,232.463163415
3134,21.9096845457,15375.6834987,240.00856907
3135,21.0127692778,15375.7223043,271.544823086
3136,19.9739589862,15375.7557074,201.727097419
3137,19.5111269798,15375.7889184,259.578661404
3138,23.0574232386,15375.8257401,105.662387322
3139,19.3571160458,15375.8457172,201.165050876
3140,16.4983754755,15375.875058,168.251076984
3141,18.5472817639,15375.9104157,172.000415207
3142,22.2211950486,15375.9467262,297.299327582
3143,21.4476719518,15375.9794016,230.000658037
3144,20.4348796999,15376.0133255,251.938117143
3145,21.028368685,15376.0490383,220.547391394
3146,16.3750991251,15376.0823272,193.059571425
3147,24.6274251055,15376.1241996,315.384925197
3148,17.8917737765,15376.1574057,191.867898357
3149,21.6917848992,15376.1836337,247.324400686
3150,22.2040131679,15376.2257776,287.79690361
3151,32.0430017966,15376.2489797,282.996129307
3152,14.4520519615,15376.2847837,198.15655303
3153,51.6304622713,15376.3128817,273.20272649
3154,17.2711993373,15376.3471502,210.113208365
3155,21.5406887588,15376.3769068,232.000318051
3156,22.7980168012,15376.4121218,316.720171481
3157,21.6917263182,15376.4413569,232.617849543
3158,17.4926463596,15376.4806637,185.12476816
3159,20.3518971666,15376.5099537,215.384234445
3160,19.9113128155,15376.5442458,278.758379417
3161,19.5646729553,15376.5871841,199.521298352
3162,20.1902166409,15376.6254613,239.745539205
3163,19.4221166889,15376.652331,196.153763413
3164,21.7535233475,15376.6831912,283.631243457
3165,20.3273791893,15376.7273896,211.248321244
3166,18.2175510375,15376.7565597,197.052943138
3167,18.3964453057,15376.7906036,208.132019606
3168,40.7641534218,15376.8169832,163.056613687
3169,18.5181309748,15376.8430736,207.038998379
3170,17.7898247394,15376.8766463,193.246961121
3171,18.1858022334,15376.9101603,201.690303568
3172,20.4939900934,15376.9471487,210.000907485
3173,19.1684518702,15376.9785098,224.360976893
3174,25.0746589351,15377.0115136,326.933553679
3175,17.5432034769,15377.0490968,221.211378841
3176,22.7102943294,15377.082869,249.813237624
3177,20.3091080012,15377.1178219,253.660677633
3178,23.8325580937,15377.1547757,283.997706313
3179,18.7826178722,15377.1864805,214.976887529
3180,22.244044726,15377.2221254,237.501406181
3181,18.0090333861,15377.2587666,239.594605907
3182,21.5257182727,15377.2921109,187.656861276
3183,23.5394732756,15377.3191584,228.223660904
3184,21.8804454062,15377.343548,242.665878554
3185,26.9713744372,15377.3711117,284.161062309
3186,18.2134110647,15377.4086768,233.245467669
3187,25.9662531756,15377.4407463,284.446051964
3188,18.171919104,15377.4801938,264.587135952
3189,19.6071427336,15377.5195912,220.089631328
3190,19.5237911886,15377.5486664,208.457046297
3191,16.5822613967,15377.5863221,169.106548883
3192,22.2040591924,15377.6212843,236.03238685
3193,16.9372283134,15377.6492948,173.554944639
3194,22.6185158835,15377.6866614,266.668369417
3195,20.7224005735,15377.7225271,169.620158974
3196,17.4713920724,15377.7508727,240.191930004
3197,18.4997762892,15377.7945808,217.323164296
3198,50.3972064531,15377.8152568,266.676950094
3199,19.3173633749,15377.8443273,221.097329555
3200,16.8981546614,15377.8735939,175.610774566
3201,23.8318252987,15377.9081439,292.85037213
3202,19.2759721765,15377.9472081,224.794532975
3203,21.84697454,15377.9825236,296.346780927
3204,19.2767953716,15378.0151243,220.633007534
3205,19.973128916,15378.0502799,168.296575685
3206,16.3009734679,15378.0876138,181.519958309
3207,19.8998708997,15378.121313,201.96163192
3208,20.3504340002,15378.1558705,254.176839195
3209,21.4474980929,15378.1917287,229.998793608
3210,24.4987783737,15378.2269076,276.087210875
3211,18.8458634081,15378.2537887,234.629107269
3212,27.2620740356,15378.2761838,154.217579358
3213,17.8917671043,15378.3058887,191.867826806
3214,21.3542067801,15378.3377172,228.000536801
3215,19.2943987663,15378.380817,263.846934873
3216,22.3621035967,15378.4128153,210.963663404
3217,18.4761863528,15378.4465376,236.610633302
3218,21.2996676951,15378.4845218,231.373614708
3219,19.4861374785,15378.5212526,231.385062375
3220,21.2604246836,15378.5548898,226.001414427
3221,17.3527239266,15378.5897648,218.120357537
3222,19.1258443324,15378.6248167,148.148153163
3223,17.6227050476,15378.6539209,220.107515497
3224,25.8731862966,15378.6873886,198.735714906
3225,25.0601089098,15378.7201262,314.002264635
3226,19.5839504963,15378.7431274,198.755390003
3227,19.7404044778,15378.7810092,233.571615683
3228,18.9705582535,15378.8060765,181.959202574
3229,19.2393919781,15378.8449019,229.26381512
3230,18.2951862909,15378.8825309,198.736592724
3231,17.2583589776,15378.9236822,178.521853403
3232,19.2308046542,15378.956696,192.308046542
3233,17.762095265,15378.9944648,190.477251249
3234,22.450072781,15379.0205862,252.001441964
3235,19.7261483249,15379.0587079,243.200289917
3236,37.1068387851,15379.0787762,287.42833729
3237,16.0312962239,15379.1173649,257.001229307
3238,34.8593042281,15379.1483403,120.756172079
3239,18.3243860111,15379.1754712,206.505342741
3240,17.7504965629,15379.2089021,192.000976567
3241,19.5960207275,15379.242591,192.001007085
3242,18.1613827358,15379.2790673,197.283114076
3243,20.5914241325,15379.3162925,212.001686944
3244,17.8083299479,15379.3484693,231.508289323
3245,21.0904837655,15379.3858033,182.64894719
3246,16.774695038,15379.4213918,193.455220532
3247,21.0266850112,15379.4565602,225.486076054
3248,20.1407305474,15379.4909489,240.848107443
3249,20.4581043532,15379.5236006,211.620276932
3250,39.1966646074,15379.5430715,207.409253549
3251,20.0721376904,15379.5774465,281.009927666
3252,22.0748512001,15379.6014853,193.706033138
3253,19.0812225916,15379.6377655,256.001464852
3254,19.8925354957,15379.6741575,205.76998718
3255,18.045936102,15379.7100003,227.550596039
3256,22.9043203338,15379.7451698,174.434106806
3257,16.623066463,15379.7801389,218.642302823
3258,24.2936655887,15379.8139559,240.495019487
3259,17.7636405891,15379.8507852,221.867799847
3260,20.7259502788,15379.8901634,180.684645548
3261,16.8868697226,15379.91838,197.655742534
3262,19.7787509128,15379.9596306,273.347776002
3263,50.0823151942,15379.9838082,296.290972411
3264,16.8133574252,15380.0121448,200.354276927
3265,19.8996645281,15380.0467646,197.999162081
3266,21.7699040679,15380.0808583,244.366567095
3267,20.5716781603,15380.1126251,249.418342394
3268,21.1032245047,15380.1404692,232.135469552
3269,17.8261924235,15380.1822825,193.64201529
3270,21.0886342215,15380.2189517,256.554308115
3271,15.3192413811,15380.2495355,149.31349526
3272,19.1897419381,15380.2850783,182.049876705
3273,21.0379450759,15380.3245534,267.769325258
3274,21.066359232,15380.3591149,230.770403117
3275,18.5537601474,15380.3945404,208.265441124
3276,26.7362064939,15380.4208478,212.212060152
3277,21.5998996617,15380.4417691,189.538350303
3278,19.067144136,15380.4777429,221.540195095
3279,20.5913689017,15380.5077537,212.001118308
3280,19.3558504784,15380.5404962,225.726066047
3281,20.7329731787,15380.5798057,215.463377625
3282,18.1105406563,15380.6125286,242.30252007
3283,20.4377178938,15380.6479829,202.323084806
3284,21.0810701235,15380.6893517,268.318217502
3285,20.5607273415,15380.7194757,187.317140784
3286,16.3029033887,15380.7507951,180.071453557
3287,19.4908216439,15380.7868547,195.880333274
3288,18.8531745891,15380.8252328,244.365071707
3289,17.3725449909,15380.8609382,157.315085722
3290,21.0271371793,15380.8946223,225.490925017
3291,23.0914004,15380.9196235,216.616536705
3292,34.9882408693,15380.9388189,337.414375685
3293,19.920566465,15380.9757025,285.219106126
3294,25.9336572413,15381.0102461,273.22803324
3295,17.6538901386,15381.0447129,224.002753914
3296,15.4036342104,15381.0888454,170.834567541
3297,20.7847292414,15381.1221271,216.001242406
3298,23.811374679,15381.1516808,227.146037459
3299,15.9482553477,15381.1838218,183.924253073
3300,22.42139452,15381.2176096,194.174972426
3301,16.9831698092,15381.2494099,207.306006807
3302,23.2822622008,15381.2862726,217.16248476
3303,17.9994580615,15381.315413,234.684220574
3304,16.0933926595,15381.3595579,180.647884568
3305,24.6366743261,15381.3919049,184.363988956
3306,24.8966882236,15381.4082166,228.181916677
3307,19.4859048531,15381.4458716,239.446807621
3308,23.7392085404,15381.4808356,287.822607264
3309,18.7278916,15381.5073776,210.220061831
3310,18.3827617557,15381.5490173,211.201853044
3311,18.8849750352,15381.5867656,215.321844387
3312,17.8333350189,15381.6168382,154.441211605
3313,20.0293837747,15381.6502482,256.501265417
3314,21.5013762725,15381.6894877,226.531055616
3315,18.0310777662,15381.7227069,196.695836468
3316,20.0985027022,15381.7528515,246.155381071
3317,20.604303783,15381.7952783,214.12620604
3318,19.6647354766,15381.8193652,160.962797041
3319,14.9007286724,15381.8547602,179.428533602
3320,43.3224171558,15381.8875468,362.461346871
3321,22.3564747115,15381.9131764,254.903030579
3322,19.5351766554,15381.9459658,224.442092217
3323,18.4392354856,15381.9789229,182.539118325
3324,18.9642971003,15382.015144,218.706943373
3325,23.0305144482,15382.0501833,260.560527048
3326,17.2960981596,15382.084889,214.638933509
3327,22.4418131712,15382.1197176,256.858292005
3328,17.878781504,15382.1569896,193.388590366
3329,23.9560782333,15382.1900202,293.400839549
3330,20.0215564566,15382.2268792,246.029004722
3331,23.4476362918,15382.257612,280.392948587
3332,23.1063393673,15382.2911694,319.335963401
3333,35.1492681544,15382.3149052,227.793292648
3334,19.1715717677,15382.3439049,227.649801516
3335,19.3158516294,15382.3746956,225.259603317
3336,15.5616003468,15382.4209368,145.148945107
3337,19.2963374545,15382.4488485,184.075327416
3338,18.0867770929,15382.4868443,203.023569338
3339,19.7993070474,15382.5191236,203.846342408
3340,22.1760368278,15382.5524751,297.522754911
3341,20.7504393432,15382.5856369,219.602008389
3342,20.241146862,15382.6212089,238.639602024
3343,17.5026605806,15382.6577856,190.127559899
3344,28.3351305747,15382.6931555,221.304444388
3345,18.5304154174,15382.7132502,218.47037575
3346,18.7033205162,15382.7487812,180.368291129
3347,21.3111710026,15382.7750748,224.527118752
3348,18.8666324506,15382.8099655,179.976202933
3349,16.5946968071,15382.8503652,199.136361685
3350,16.5471239732,15382.876163,138.443171825
3351,20.1672325035,15382.9186531,236.911339588
3352,19.0021977989,15382.9549429,186.182754395
3353,18.3963459059,15382.9809914,208.130895025
3354,22.7824464472,15383.0158153,264.708107027
3355,18.6395931353,15383.0524936,206.723088132
3356,19.5306016715,15383.0855054,238.401375511
3357,22.4199885795,15383.1246384,290.59626489
3358,21.3852473798,15383.1568124,235.237721178
3359,18.7583331158,15383.1884166,220.36051928
3360,20.8434527841,15383.2267373,221.568942336
3361,33.0533260005,15383.2550024,245.130026278
3362,21.2307526735,15383.2757794,260.022554526
3363,17.8413941916,15383.3215083,219.238722291
3364,20.6202167958,15383.3470906,225.883157594
3365,20.5621220713,15383.3866178,257.642651089
3366,22.8753208272,15383.4202433,255.753861884
3367,18.8460297005,15383.4536875,214.877799252
3368,20.203847182,15383.4824463,209.964538965
3369,16.6005536325,15383.5210619,165.173423134
3370,18.5213597989,15383.556137,214.40024025
3371,18.7004702393,15383.5970776,211.571669082
3372,24.5846556586,15383.6277845,242.130777688
3373,20.4031595129,15383.6567995,288.544248984
3374,38.4882835575,15383.6868296,269.417984903
3375,19.7267472633,15383.7121721,210.624024189
3376,16.9261747006,15383.743917,170.105950482
3377,21.5160220582,15383.7780099,236.67624264
3378,21.5322099478,15383.8148471,279.918729322
3379,23.3531792008,15383.8477901,261.096480919
3380,17.0284727084,15383.8836993,211.317789001
3381,24.5345668434,15383.9222123,257.320707914
3382,15.051461154,15383.9560127,159.289692327
3383,20.7106898709,15383.9837772,198.649958705
3384,19.8724095571,15384.0265188,261.380738498
3385,23.0326479762,15384.061037,154.50769973
3386,14.6602839418,15384.0886731,195.042392238
3387,24.7271025213,15384.1322122,231.960782721
3388,45.1123172933,15384.1354651,242.937263456
3389,16.7844698816,15384.1794814,228.293472099
3390,17.1676451483,15384.2213984,179.235477385
3391,16.7126330571,15384.2450196,142.792799434
3392,29.6827801141,15384.2819674,260.46533842
3393,14.4660386892,15384.3155463,172.382745949
3394,24.966699798,15384.3512291,259.461555284
3395,16.4322967135,15384.3831951,184.45207314
3396,18.6637770303,15384.4270541,146.958727295
3397,18.5502107979,15384.4506856,245.396222695
3398,19.3603310516,15384.491881,261.901704027
3399,54.4213596674,15384.5181043,260.995672234
3400,18.0094747545,15384.5493528,239.600477931
3401,16.3839679486,15384.5867786,214.248181747
3402,46.0285005026,15384.6172874,406.512709474
3403,18.468580987,15384.6442495,209.762757404
3404,19.5978270477,15384.6805291,231.884616779
3405,18.7615072126,15384.7085135,177.987285388
3406,19.9235358537,15384.7521901,237.416330293
3407,19.4875389606,15384.78428,229.754695902
3408,23.787038968,15384.8196688,294.229422558
3409,17.1724968404,15384.8529348,173.433716643
3410,19.7289227758,15384.8853222,197.289227758
3411,17.089094075,15384.9211222,177.595075159
3412,18.7276917608,15384.9582267,219.202012081
3413,17.3404821439,15384.9904993,178.53119062
3414,24.403850662,15385.025603,251.253020432
3415,24.753251585,15385.0553051,181.898507574
3416,15.1062130858,15385.0820808,233.047304989
3417,58.6753952146,15385.1215703,342.133406907
3418,17.9668791153,15385.1409604,188.438217901
3419,14.8028729099,15385.1862241,202.966767528
3420,25.8005054994,15385.2150458,208.010325372
3421,26.3474856786,15385.2403201,289.822342465
3422,18.7940334182,15385.2798353,247.910327396
3423,26.7125391136,15385.3150645,301.035027411
3424,18.6320239902,15385.3480666,237.146949193
3425,21.9579074376,15385.3832731,251.319737733
3426,17.2233902158,15385.4255964,205.24038154
3427,24.4004606853,15385.4540469,245.221594986
3428,18.337203602,15385.4873685,239.790052224
3429,21.3180760591,15385.5254394,211.038186006
3430,15.7198727925,15385.5585121,185.334566893
3431,26.0214405447,15385.5889914,270.422742658
3432,25.4521756364,15385.6155686,200.410631371
3433,16.8370695873,15385.6485509,227.144487136
3434,17.2885163949,15385.6846306,213.147145111
3435,23.4796001818,15385.7260104,267.708631185
3436,22.0159061929,15385.7481033,196.916251335
3437,22.0970413735,15385.7775798,249.02100947
3438,18.1794146098,15385.8119213,203.252034293
3439,20.6003252899,15385.8472028,200.787134037
3440,19.0287812641,15385.8776544,226.754098813
3441,20.1259494149,15385.9136766,210.121080675
3442,19.6682477123,15385.9488189,240.081559565
3443,20.9630415411,15385.9856942,258.449733641
3444,20.1122802486,15386.0230166,248.775167511
3445,19.4787201145,15386.0587525,191.843144568
3446,18.6490826506,15386.0856302,213.448507059
3447,21.7255195443,15386.1251394,235.999549867
3448,18.2739544485,15386.1604342,196.816512766
3449,20.1254159764,15386.1855593,251.366364979
3450,29.5754429789,15386.2285482,250.955955443
3451,21.7448689672,15386.2454259,247.929652184
3452,14.6261142842,15386.2873694,192.931698058
3453,32.6858883832,15386.3144188,221.686480807
3454,25.6870958016,15386.3389227,275.463413964
3455,17.5984971662,15386.3760641,211.181965995
3456,21.6196685072,15386.412995,243.641290482
3457,19.2209786148,15386.4451972,259.3051782
3458,20.8859100467,15386.4792389,179.66739172
3459,16.0498839885,15386.5154052,183.699318621
3460,18.1467323492,15386.5564753,233.804291154
3461,27.3829294036,15386.5847879,303.691378203
3462,16.4365465191,15386.6261009,183.029635914
3463,18.7296202596,15386.6544971,186.357368601
3464,29.0514033176,15386.6839391,303.30555515
3465,15.5093589539,15386.7206863,184.163433769
3466,16.9765512564,15386.7631228,196.517788516
3467,19.256041109,15386.7907581,179.608394486
3468,15.7941300776,15386.8246798,145.614684415
3469,18.1526329785,15386.8578234,188.647695659
3470,22.2465321492,15386.8966602,305.029080943
3471,20.1906955656,15386.9281497,231.093073355
3472,49.1347462515,15386.94943,325.923034971
3473,18.8679874922,15386.9760874,250.312140243
3474,21.5982420437,15387.0148339,228.574308815
3475,18.7325662669,15387.0498885,220.853699116
3476,20.6595295818,15387.0781382,209.671325512
3477,19.1044904816,15387.1126324,227.656278262
3478,20.14022862,15387.1516543,240.842105263
3479,19.9034462893,15387.1799414,239.669230937
3480,18.6023314363,15387.2187834,178.427295019
3481,19.5551605998,15387.2517272,233.02663252
3482,22.2627653646,15387.2771237,242.858098238
3483,16.7500671496,15387.3249163,204.460626229
3484,22.8667243144,15387.3566709,266.66953894
3485,20.7698676412,15387.3862634,251.821262147
3486,20.5838126885,15387.4180237,191.993023304
3487,15.1760878184,15387.4615403,176.330206144
3488,20.7793515825,15387.4899836,166.23481266
3489,17.7420342236,15387.5205732,234.705051541
3490,25.4717250301,15387.5601495,253.440464063
3491,26.8177390809,15387.5807045,303.408082563
3492,15.2291104323,15387.6199853,233.954033682
3493,21.7625069381,15387.6635027,237.40092308
3494,57.841017109,15387.6817242,347.046102654
3495,16.1947303712,15387.7159082,181.78539756
3496,21.5014371816,15387.7432856,230.577225893
3497,17.650790882,15387.7780662,193.354726477
3498,18.5177530059,15387.8222299,207.034772558
3499,15.5059946218,15387.8479987,145.459123092
3500,22.2820842037,15387.8829406,256.001657208
3501,18.0466483549,15387.9192228,195.204347982
3502,19.7540289838,15387.9524556,198.525534303
3503,18.8021215909,15387.9844026,211.889149303
3504,20.6582126019,15388.0198959,217.647775127
3505,18.6666039239,15388.0578539,241.946839501
3506,20.3579986371,15388.0923658,202.559528885
3507,19.5356279515,15388.1258856,236.856901188
3508,19.5960773766,15388.1548695,192.001562131
3509,20.5310596399,15388.1982423,262.925851201
3510,21.3376425068,15388.2242162,232.766199312
3511,16.105603034,15388.2631063,186.435833942
3512,39.9110121256,15388.2831384,149.333333333
3513,18.1391813048,15388.3072419,161.224570008
3514,16.3378269603,15388.3471557,226.383571044
3515,28.1036582491,15388.3708627,226.578936474
3516,18.505003674,15388.4144823,238.420294274
3517,15.4661286566,15388.4600552,172.22351993
3518,22.9764795936,15388.4796496,252.74127553
3519,16.5556096684,15388.5221848,172.84563938
3520,20.6077796891,15388.5529866,217.116431419
3521,19.9453310525,15388.5899569,240.173590274
3522,21.3548705085,15388.6188525,220.896498171
3523,14.1324724995,15388.6583673,147.547344624
3524,21.0189187414,15388.6943446,221.448050118
3525,19.6238657666,15388.7233099,234.667303625
3526,22.2514258313,15388.7557293,254.679209301
3527,24.7101283551,15388.7918358,244.617790534
3528,15.2613730303,15388.8201666,186.912883493
3529,16.1210368287,15388.8618394,154.627553223
3530,34.5386849649,15388.8833499,142.40664628
3531,18.710629643,15388.9128334,213.33400107
3532,21.7084822724,15388.9432978,277.15534817
3533,18.9400505215,15388.977335,186.537864345
3534,15.3472684036,15389.0149784,164.581118167
3535,18.3036042833,15389.0458106,176.513567375
3536,17.2032883412,15389.0798834,169.432740596
3537,17.4563875689,15389.1151291,161.883878623
3538,19.0296153957,15389.1434984,218.63363556
3539,18.7906661701,15389.1839808,219.13494102
3540,16.672913917,15389.2227782,165.0534269
3541,22.2504338503,15389.2522937,244.754772353
3542,17.6124928192,15389.2884986,192.129613786
3543,22.6274594821,15389.3200278,256.000480653
3544,17.1645362112,15389.3537783,208.815595431
3545,18.1937497996,15389.3955586,170.67250158
3546,18.3909307243,15389.4299236,202.300237967
3547,18.7041397048,15389.454891,178.426120932
3548,18.8544282307,15389.4989977,216.620888272
3549,21.9034370561,15389.5272726,192.201880129
3550,18.1195102684,15389.5564215,264.445546293
3551,20.9282638878,15389.5956845,228.300405812
3552,18.4014484476,15389.6319255,176.50049308
3553,22.2636262256,15389.6576493,293.677399832
3554,21.5789262946,15389.6936335,233.411775674
3555,18.4773876781,15389.7208824,138.272108188
3556,20.9239849083,15389.7480341,219.452605108
3557,17.6342748211,15389.7832971,189.106529695
3558,22.570804474,15389.8174869,318.400379563
3559,23.787999801,15389.8512588,280.456381457
3560,21.3738925193,15389.8886157,266.102815884
3561,20.1057787315,15389.9194621,256.693399134
3562,17.2563988361,15389.9548443,180.162093089
3563,18.7622326249,15389.9955991,177.994167254
3564,19.7557380895,15390.0220915,231.234985852
3565,17.8943574324,15390.0543445,166.907454684
3566,17.5774050343,15390.091209,185.189453315
3567,20.100916123,15390.1237057,250.254387558
3568,20.2105354457,15390.1628982,242.526425348
3569,20.2825679229,15390.1928265,209.804513978
3570,19.8970475085,15390.2283037,241.238880438
3571,24.9568522566,15390.2564206,188.420102563
3572,21.3177853262,15390.2776511,184.617436449
3573,18.4798308401,15390.3135226,235.20984664
3574,20.2657704123,15390.3435874,165.882480019
3575,17.763014643,15390.3816987,226.782989531
3576,23.0914258098,15390.4170579,216.61677507
3577,17.4135106297,15390.4493769,211.127596042
3578,19.8969456796,15390.4833596,165.276443781
3579,15.5050648872,15390.5188625,194.27790619
3580,18.4114025129,15390.5556938,200.84468964
3581,19.561899446,15390.5924846,203.293222398
3582,18.2837516286,15390.6224579,130.572103661
3583,15.7706839521,15390.650098,195.70904102
3584,21.8057823755,15390.6954429,296.5907059
3585,19.6358577242,15390.7274886,199.28219083
3586,16.6076862756,15390.754801,167.729409556
3587,23.6108715536,15390.7852039,284.312542901
3588,16.8284392409,15390.8271878,199.116778349
3589,20.8328985441,15390.8610931,208.328985441
3590,18.3292445227,15390.8936755,213.753886161
3591,20.784738533,15390.9277244,216.001338967
3592,18.9153741867,15390.9621955,214.003029698
3593,24.510931336,15390.9932483,262.85045524
3594,18.3582373253,15391.0265002,264.766264013
3595,23.3994736005,15391.0612102,205.329547528
3596,29.921559262,15391.0817823,275.863145847
3597,14.3829765371,15391.1216789,213.334017669
3598,37.9033922608,15391.1518761,165.217056482
3599,18.7512854361,15391.1811685,248.763912514
3600,20.1875676723,15391.2136003,207.8437302
3601,22.249838302,15391.2484655,305.074412627
3602,22.1468296058,15391.2832861,244.619728383
3603,16.4315259243,15391.3179524,161.831762295
3604,18.0513879906,15391.3537319,198.565267897
3605,19.7373701683,15391.3882116,235.197910119
3606,22.02348124,15391.4212244,245.243107987
3607,18.2520015634,15391.457823,204.878209419
3608,17.799911917,15391.4877295,160.199207253
3609,18.0777477243,15391.5232222,229.380903757
3610,24.1003036417,15391.5627021,208.714751926
3611,16.8962244866,15391.5920062,215.716553629
3612,16.4727205052,15391.624812,193.51065055
3613,25.9351041449,15391.6665561,273.243277315
3614,22.739766628,15391.6943874,207.16913347
3615,16.550782461,15391.7185258,202.704859367
3616,20.76164103,15391.7592116,204.478450236
3617,24.7292543443,15391.7807273,226.647359825
3618,14.4236334821,15391.8214017,217.79208949
3619,21.7687282433,15391.861958,130.61236946
3620,24.1452514623,15391.8793845,185.463195601
3621,18.6049182539,15391.9132784,250.303575614
3622,17.7749721031,15391.9470108,162.910310276
3623,19.6100663859,15391.9800888,227.848381592
3624,19.4145401861,15392.0148138,193.172235824
3625,17.4764762929,15392.0480076,214.754536077
3626,19.1116845756,15392.0863122,186.277659141
3627,19.7373604254,15392.1157777,235.19779402
3628,20.1875487974,15392.1539048,207.843535871
3629,18.3717670696,15392.1888995,237.415553025
3630,19.2648892828,15392.2221358,189.737155114
3631,17.9825121185,15392.2574238,192.000689057
3632,21.5007831892,15392.2887329,240.386063903
3633,18.738588405,15392.3232873,212.002926897
3634,19.6984476668,15392.3586634,194.007209986
3635,16.5046789602,15392.3928777,190.341243214
3636,23.1173930117,15392.427893,272.550044014
3637,16.5935459443,15392.4699926,147.486662425
3638,19.3133855585,15392.4914839,223.568601266
3639,23.033953744,15392.527298,154.516459087
3640,21.7809952622,15392.5457141,242.542898415
3641,17.8348735947,15392.5895012,215.499597578
3642,21.3327599882,15392.6158324,234.66035987
3643,15.4611712276,15392.6596054,149.102135675
3644,20.6078367509,15392.687381,217.117032603
3645,16.8081895939,15392.7163247,162.092310368
3646,18.4108151902,15392.7534761,186.84936699
3647,18.4161672571,15392.7907325,236.559951626
3648,21.257359909,15392.8229826,223.960183701
3649,15.2000276271,15392.858364,138.478842098
3650,18.4282206908,15392.8939049,167.889080585
3651,18.8613633847,15392.9224985,229.458388934
3652,19.9447019292,15392.9595027,240.166014626
3653,18.9829969928,15392.9990003,199.095352108
3654,22.6361162312,15393.0304498,274.448323789
3655,21.9159566505,15393.0679239,298.089238053
3656,18.1391143353,15393.0995451,168.215226192
3657,31.5995066375,15393.117853,207.211822173
3658,18.3347101656,15393.1440286,200.008074902
3659,18.6918375051,15393.1813321,208.981096429
3660,16.1130977572,15393.2133696,161.130977572
3661,20.0242093848,15393.2517464,202.234601569
3662,18.1024726625,15393.2832919,204.806098814
3663,23.2381293648,15393.3144597,266.985779849
3664,18.8950216356,15393.3510216,210.406056196
3665,20.0239426185,15393.3891147,250.098963145
3666,17.4084411221,15393.4255946,185.054267501
3667,20.6484170073,15393.4583637,215.575802481
3668,19.6642190463,15393.4911903,235.149858665
3669,19.6079345956,15393.5257221,196.079345956
3670,16.5544305531,15393.5639225,188.749548931
3671,21.6726639679,15393.5939609,244.238518993
3672,18.6026983524,15393.6313549,205.473519196
3673,29.4865743332,15393.6633717,276.608585912
3674,16.6316210027,15393.6908823,212.988671101
3675,22.5123375488,15393.7219724,181.500267835
3676,23.0306045667,15393.7487942,260.561546623
3677,17.8095127833,15393.7876374,291.009836723
3678,32.5374617773,15393.8342197,296.430384356
3679,23.9045142858,15393.8519646,298.567287735
3680,21.1475851614,15393.888423,264.978482581
3681,20.7079238071,15393.9129007,221.100122925
3682,19.3079314906,15393.9504226,229.268983513
3683,18.813259702,15393.9877145,199.100826088
3684,15.6890299104,15394.0204615,161.528449229
3685,22.8914718544,15394.0522647,243.339683681
3686,16.2971665489,15394.0876355,170.147413997
3687,20.4307243716,15394.1249751,254.360467141
3688,16.622221681,15394.1609792,171.136246549
3689,21.3075458664,15394.1928298,222.457309798
3690,19.1733654142,15394.2279584,221.947750912
3691,21.9347878004,15394.2644864,237.261006392
3692,16.7241718566,15394.2941282,198.588537747
3693,25.6326569711,15394.3327272,291.131019197
3694,32.0419416248,15394.3567308,282.986766123
3695,15.9092541755,15394.3861465,203.115760227
3696,37.7648223392,15394.4100988,318.212049188
3697,17.3605637928,15394.4461918,211.912687457
3698,20.975745533,15394.4809163,224.939811008
3699,16.7239456316,15394.5169133,197.88039329
3700,24.3366148216,15394.5438125,234.693814044
3701,19.3804330861,15394.5850556,265.731110489
3702,23.1510467118,15394.619453,218.406537867
3703,16.9637343695,15394.649167,200.717611898
3704,23.6103918136,15394.6834942,228.911241641
3705,15.5906979684,15394.7195567,175.005150655
3706,19.4306009583,15394.7619901,264.998066351
3707,20.5254798874,15394.7888758,217.221261289
3708,23.1079516477,15394.8262761,209.251401923
3709,17.7229910986,15394.8538933,226.272003123
3710,18.2689111192,15394.8935027,234.668412285
3711,20.5739603097,15394.9322549,217.734329853
3712,44.364180764,15394.961806,349.32390866
3713,14.853854663,15394.9852921,203.123407542
3714,14.5944610647,15395.0325178,152.370646848
3715,43.2442624443,15395.0568878,183.469867331
3716,16.5290162914,15395.082138,165.290162914
3717,17.672692656,15395.1128443,195.201270531
3718,19.0837765879,15395.1456602,175.943726665
3719,21.0441608905,15395.1838734,276.792721024
3720,18.4393966552,15395.2140309,170.002837228
3721,18.3585505595,15395.2509707,240.770133378
3722,18.7030113408,15395.2853205,180.36530955
3723,20.0313731287,15395.3187807,244.514070155
3724,24.1277520078,15395.3517802,288.525949655
3725,19.3946966108,15395.3842998,262.366592695
3726,21.3859307332,15395.4264268,235.245238065
3727,21.1696949153,15395.4601342,266.098938899
3728,20.3025891671,15395.4921495,214.862407627
3729,21.6151414067,15395.5296559,282.654651126
3730,16.0498387012,15395.5619831,131.373591701
3731,20.3172962968,15395.5955504,228.061085305
3732,18.786390099,15395.6280886,231.614172383
3733,15.6280975179,15395.666632,149.899445451
3734,22.5580836596,15395.6985512,252.207042525
3735,18.3244224187,15395.727747,206.505753034
3736,16.0126872695,15395.7657844,149.356403821
3738,15.9452830267,15395.813004,209.120426401
3739,17.9790135682,15395.8524773,200.205822048
3740,19.4615300738,15395.8839442,193.639779303
3741,23.0391844039,15395.9197471,207.352659635
3742,16.4734750268,15395.9522436,193.519514172
3743,17.8961364646,15395.9796364,135.112867339
3744,16.9473828415,15396.0190633,201.951374086
3745,17.8455357437,15396.0582903,224.314906024
3746,20.4131907328,15396.0894156,210.166661782
3747,20.3606655683,15396.1269928,244.327986819
3748,20.3475970198,15396.1597435,260.576383302
3749,14.344151255,15396.1980346,124.223993825
3750,20.5400754207,15396.2309898,211.4730196
3751,17.6991556584,15396.2617381,192.262042796
3752,20.282672224,15396.2974911,209.805592877
3753,17.0141075382,15396.3322724,163.193586545
3754,24.9534879133,15396.3515894,138.935140732
3755,18.2891076607,15396.3775456,170.589439695
3756,16.3441636804,15396.4177339,192.000449804
3757,21.5022830755,15396.4523666,228.5724044
3758,15.0290383185,15396.4855367,140.1815372
3759,17.8201001043,15396.5199962,162.348838374
3760,17.9527330943,15396.5558996,189.143779799
3761,15.8973792952,15396.5856186,132.053550211
3762,20.1538611524,15396.6241437,249.289494886
3763,18.2798850495,15396.6602334,191.721051835
3764,19.4794149996,15396.6972175,240.947056705
3765,23.4337644596,15396.7251389,283.1512533
3766,20.8817168802,15396.7649484,260.812560239
3767,24.8598582068,15396.797318,299.352333812
3768,18.934639675,15396.8318553,263.729013282
3769,21.8725678195,15396.8672268,186.87930137
3770,33.3462305079,15396.8741538,120.23154394
3771,16.1882557237,15396.9160375,212.923260458
3772,20.6211311914,15396.9580909,256.731012929
3773,19.4609407433,15396.9828375,193.633915539
3774,23.7381663653,15397.0241651,231.371025685
3775,14.6846642033,15397.0524582,170.620379712
3776,25.628458869,15397.0857188,209.777976842
3777,19.2349743041,15397.1198253,258.064260537
3778,18.6034169489,15397.1616132,246.802215352
3779,18.2444816759,15397.1905771,170.173196218
3780,16.3810252045,15397.229998,160.500612859
3781,22.3052344914,15397.2611771,249.380102884
3782,21.5081459466,15397.2958024,189.954801678
3783,17.2355792664,15397.3245625,240.063840205
3784,20.1520248266,15397.3685464,253.307024238
3785,36.5116515586,15397.3950731,236.622546222
3786,19.1687358658,15397.4178235,193.594742539
3787,20.4205007677,15397.4482299,236.38438636
3788,21.6487193024,15397.4806578,241.069935666
3789,16.1270825744,15397.5209094,162.875550101
3790,17.8745717062,15397.5579913,196.620288768
3791,16.9787875967,15397.5869887,173.150338546
3792,21.0759283057,15397.6283327,224.040191028
3793,20.0363411935,15397.6600901,248.644455271
3794,23.350532241,15397.6842001,273.310972637
3795,17.4499656757,15397.725633,183.846796358
3796,16.7362118261,15397.7614608,170.67654137
3797,20.0464703794,15397.7928252,247.149485433
3798,21.5046333749,15397.8286378,221.403751546
3799,13.5473506169,15397.8652942,116.538716513
3800,23.0347551399,15397.8937323,270.597103312
3801,18.7178310263,15397.932736,248.320089614
3802,29.4074207278,15397.9621894,158.363807172
3803,15.7116731632,15397.9917445,203.039563852
3804,25.5390346395,15398.021688,192.815483165
3805,16.6114222371,15398.056381,166.942727373
3806,18.7049546466,15398.0841905,176.462189212
3807,26.5185156202,15398.1148468,275.588498373
3808,15.0763229377,15398.1489128,189.506440801
3809,19.4381075002,15398.1886055,206.629917051
3810,19.1889853862,15398.2190862,206.671697573
3811,17.623381259,15398.2558986,220.115961375
3812,21.0651966199,15398.2879318,216.879473246
3813,18.7924519007,15398.322593,223.148002523
3814,18.4325718734,15398.3603393,170.936639445
3815,19.2195174791,15398.3948133,214.019488982
3816,20.1085580743,15398.4287731,216.575798528
3817,18.9570142241,15398.4667129,216.972945011
3818,20.9271945076,15398.5014311,226.362218546
3819,19.2486804124,15398.5289214,256.80942774
3820,23.2821262418,15398.5675773,217.161216619
3821,24.4266297247,15398.5850309,124.551861617
3822,15.436358662,15398.6173617,194.645076563
3823,15.4450381292,15398.6628854,210.075230621
3824,27.8717698917,15398.6919792,100.493095482
3825,19.9571179036,15398.7191152,236.977645059
3826,18.468115152,15398.7524469,209.757466536
3827,16.9812557599,15398.7824461,147.061988762
3828,18.7033257144,15398.8241279,205.736582858
3829,19.8029697451,15398.8545898,200.000190735
3830,16.0783492306,15398.8851023,157.535006085
3831,18.1235730147,15398.924327,203.436602535
3832,19.416990241,15398.9578468,229.744926827
3833,15.5729029047,15398.9892552,122.621160093
3834,14.504398002,15399.0308285,127.275575928
3835,24.0606256292,15399.0587772,276.435542484
3836,16.7510473375,15399.099096,209.220514188
3837,20.9633900419,15399.1324945,174.13499597
3838,18.8096050559,15399.1645195,255.838288449
3839,23.0549683246,15399.2003423,258.7913776
3840,21.629539664,15399.2256133,199.414502523
3841,19.2848789618,15399.2581474,224.070045158
3842,22.8643547831,15399.2805394,201.932513808
3843,21.2117140244,15399.3201534,271.642480374
3844,20.2913903608,15399.3531598,212.817897521
3845,19.5515096387,15399.3858194,234.618115665
3846,19.3541976944,15399.4223221,224.041035895
3847,17.8529668916,15399.4564615,199.602237848
3848,19.5959745908,15399.4929712,192.00055504
3849,18.3010318236,15399.5230341,174.580716829
3850,19.351883841,15399.557675,204.801088175
3851,18.2903705282,15399.5956743,221.003387966
3852,18.5395601519,15399.6262125,211.383508774
3853,20.4939210764,15399.6618287,210.000200272
3854,17.0536980176,15399.6985722,177.22722854
3855,20.7557185214,15399.7285115,253.355832476
3856,19.3330653072,15399.7626328,233.602316918
3857,22.4651005066,15399.7982179,202.185904559
3858,18.2681804419,15399.8292118,240.280398871
3859,21.5503252674,15399.8643834,222.918297919
3860,24.3416537175,15399.8897645,197.752529633
3861,19.439430932,15399.9166904,188.472275537
3862,20.2508387729,15399.955591,290.654215567
3863,26.9127527381,15399.980681,286.086485828
3864,18.7148059736,15400.0160352,208.399259515
3865,19.9091034569,15400.0518304,249.460351302
3866,16.7784314729,15400.0889328,174.366574695
3867,19.6721934787,15400.1216173,177.049741309
3868,18.7581734873,15400.152569,224.315129626
3869,22.6940715936,15400.191911,316.091840746
3870,19.2616599231,15400.2277946,195.484497923
3871,19.9447107898,15400.2596885,240.166121322
3872,17.8917937931,15400.2959722,191.868113012
3873,17.6682463438,15400.3337052,160.965384775
3874,19.1295535784,15400.3594029,217.269962936
3875,24.1489088776,15400.3989706,225.246026819
3876,24.9822952525,15400.4147867,207.518529895
3877,13.9849148868,15400.4558853,197.776563016
3878,31.0455006792,15400.4936276,201.197839754
3879,20.3646553954,15400.516966,252.71872737
3880,18.3109930207,15400.5543095,203.902588778
3881,19.711567959,15400.5864747,232.395958839
3882,21.0669920243,15400.6176713,226.898448083
3883,19.599354831,15400.6563574,230.24028742
3884,22.5911541147,15400.6864678,265.38597119
3885,18.7541831001,15400.7202109,208.837744637
3886,16.1792217646,15400.7587369,160.981223979
3887,16.8097983801,15400.7969439,170.600820991
3888,20.7270416117,15400.8294163,212.388974919
3889,18.9327738056,15400.8640115,157.267430685
3890,16.7680931446,15400.8923226,197.692902582
3891,17.521057557,15400.9343608,187.073702595
3892,18.7408933168,15400.972831,206.999932469
3893,34.6747278759,15400.9990049,242.723095131
3894,20.3308466574,15401.0150081,174.892555902
3895,17.7118517447,15401.0486033,219.798299818
3896,19.4152825197,15401.0816843,193.17962195
3897,19.1060901662,15401.1158395,221.992707075
3898,17.9383017228,15401.1541465,195.683769319
3899,19.7022640297,15401.1884751,231.449196779
3900,18.2341199171,15401.2212758,168.110279216
3901,18.5771680469,15401.2556359,211.81230475
3902,20.5120354644,15401.2927271,254.547665928
3903,20.8646726743,15401.3274984,242.425589375
3904,20.6663807246,15401.3600258,219.686640524
3905,25.8918508392,15401.3959528,300.836121308
3906,18.0565786593,15401.4264452,254.719387843
3907,20.1946856351,15401.4667394,218.438923648
3908,19.6977819391,15401.5063485,194.000653329
3909,18.8295155959,15401.5306452,174.617744091
3910,15.3135850038,15401.5638928,191.266615394
3911,46.6146343521,15401.5952362,237.68893018
3912,15.7237821177,15401.6293887,197.018425232
3913,24.2644661653,15401.6538948,245.059095863
3914,19.0727953049,15401.6825543,183.931376957
3915,17.6481809017,15401.7217636,188.431008494
3916,22.700224155,15401.7537518,265.69931164
3917,18.9214933544,15401.7905188,251.73409623
3918,23.4178142343,15401.8237717,264.94232393
3919,18.7289080753,15401.8597985,223.180697356
3920,20.1260041262,15401.8941745,200.251212647
3921,26.2622236529,15401.9282892,284.069381965
3922,16.3534946782,15401.9552839,216.953623435
3923,17.5113142995,15401.9984087,150.638021458
3924,18.1160785969,15402.0372021,206.555076154
3925,19.7896984646,15402.0673509,181.375582389
3926,36.8227778559,15402.0798135,198.29672741
3927,17.2903289231,15402.1119253,203.849971605
3928,24.3571560181,15402.1480823,318.511144905
3929,17.0470512393,15402.1809703,193.617283108
3930,18.7297962583,15402.2230815,186.359119765
3931,19.4234197932,15402.2537454,224.001804567
3932,17.3458947444,15402.2900469,188.424647032
3933,20.1398163491,15402.3267238,246.661367844
3934,20.0497124554,15402.3626914,201.497116416
3935,16.5632122583,15402.3904457,165.632122583
3936,20.4706357658,15402.4222238,213.719711828
3937,17.5148475874,15402.4656293,218.760376252
3938,22.0365991363,15402.4956082,237.341436275
3939,21.2883823464,15402.5330657,189.215281125
3940,19.0735628256,15402.5622997,259.428502268
3941,35.0780719687,15402.5852954,243.028011526
3942,17.3976036148,15402.6247648,216.59841825
3943,17.4213142665,15402.6600462,235.026378776
3944,24.2107667776,15402.6877737,76.5611669164
3945,17.4456682522,15402.72516,214.375960535
3946,22.255265322,15402.7533346,249.81473366
3947,17.5778022641,15402.7835351,185.19363839
3948,21.8412913094,15402.8203124,252.831225944
3949,16.4342681307,15402.8561704,190.240407497
3950,20.524691561,15402.8920334,217.212918427
3951,19.2039231819,15402.9305144,212.114264491
3952,21.0142053474,15402.9601256,232.109484552
3953,20.3031097831,15402.9957917,214.867917309
3954,18.0218851208,15403.0325587,227.960818847
3955,18.7599369641,15403.0681607,170.91115966
3956,27.5133618582,15403.1062049,239.855927874
3957,20.5099005744,15403.1184594,206.121949774
3958,19.3575791804,15403.1508139,201.169863912
3959,17.4140218113,15403.1815683,183.468104248
3960,19.7313993009,15403.2176421,190.282723883
3961,16.8061048016,15403.2562839,205.831906639
3962,24.7376357304,15403.2829172,293.743149087
3963,19.0358213023,15403.324552,220.355562706
3964,18.8846448922,15403.3626952,187.899844219
3965,17.9946399562,15403.3911661,224.031460756
3966,19.5477651357,15403.4324243,191.528200776
3967,18.8605269265,15403.4690172,218.326383602
3968,20.6883390516,15403.4966151,214.00184317
3969,20.5297908425,15403.5339728,222.063640672
3970,19.8998249663,15403.5682554,201.961165748
3971,20.5263597126,15403.5875056,175.377294262
3972,28.9541293818,15403.6107921,240.511062053
3973,18.8125232913,15403.6485163,276.486497028
3974,23.2225492041,15403.6829094,225.150968029
3975,17.2531585541,15403.7190163,210.601639438
3976,20.0205638402,15403.7556941,214.696628513
3977,17.9879165842,15403.7895971,224.669006127
3978,20.1548936029,15403.826991,209.455798448
3979,20.6559998257,15403.8662761,240.001029973
3980,18.3323345737,15403.8952003,181.480853288
3981,16.294763908,15403.9295454,162.13085379
3982,21.5033235942,15403.9664623,281.192443491
3983,19.9232243982,15404.0039985,242.376485705
3984,22.5670836336,15404.0345406,240.950517876
3985,20.5898729507,15404.0637661,139.647312662
3986,23.0344463638,15404.0868614,261.621019392
3987,18.0802634783,15404.1198573,206.146720973
3988,16.4152251868,15404.1590217,159.995824019
3989,18.9266190778,15404.1879408,179.553674077
3990,24.6684669182,15404.2214607,250.35759583
3991,17.9314761707,15404.2519288,211.408986173
3992,19.1782434986,15404.2859596,201.143114736
3993,19.8500575441,15404.3292447,274.333253252
3994,21.2196359568,15404.3620971,237.242742285
3995,17.7443529157,15404.3922139,186.948358388
3996,21.8688277932,15404.4329511,244.500927669
3997,18.412332394,15404.4660403,237.939772546
3998,19.5410139003,15404.4993122,201.187051698
3999,17.8130279809,15404.5375737,190.191093657
4000,21.6215808124,15404.5676132,237.837388936
4001,27.3936182289,15404.5949707,212.190054386
4002,20.9568326271,15404.6159791,235.239862807
4003,17.9759736343,15404.6548704,186.8117979
4004,20.6874214823,15404.6927697,258.385811498
4005,19.7241178286,15404.7232568,204.979045282
4006,26.2274755406,15404.7560849,272.563921144
4007,16.4226048515,15404.7865368,190.813425273
4008,15.9928722273,15404.8248137,134.758336691
4009,17.1258880051,15404.8629928,206.22300016
4010,21.3542156897,15404.8927132,228.00063193
4011,18.2737239132,15404.9343655,203.487577561
4012,18.9088106582,15404.9673659,182.349966293
4013,14.7075770378,15404.9933305,154.254369324
4014,23.3999199103,15405.0385825,205.333463881
4015,22.3955971907,15405.0588059,164.573356807
4016,13.7453168322,15405.0883558,152.44293812
4017,26.9576779746,15405.1173965,223.927291153
4018,18.3472540416,15405.1488999,205.128536187
4019,20.0221772279,15405.1911887,246.036632888
4020,19.2683573595,15405.2242719,209.307936422
4021,18.0000268221,15405.2560012,162.000241399
4022,17.9784613424,15405.2882938,146.057710402
4023,16.2655538813,15405.3241795,210.825674041
4024,17.0869339956,15405.3634989,150.907714988
4025,18.493521064,15405.3994737,208.411397987
4026,23.7487648597,15405.4291971,282.000958088
4027,20.9924298481,15405.4690472,270.468538677
4028,20.9362896654,15405.5007625,223.538403064
4029,17.263545281,15405.5362266,207.880613266
4030,33.7547887993,15405.5679509,257.068812732
4031,21.1605205227,15405.5883204,258.297070618
4032,18.788574681,15405.6181175,185.997399921
4033,21.8666872259,15405.650288,227.245279611
4034,17.5272421902,15405.6912425,192.001318368
4035,17.5383751322,15405.7249884,190.515519233
4036,17.2581723346,15405.7606489,178.519922752
4037,20.7540757508,15405.793036,226.400237571
4038,17.6471004025,15405.8284188,158.823903623
4039,18.2175226911,15405.8591258,197.052636524
4040,18.6169789212,15405.8960605,207.309903562
4041,16.7616297448,15405.9352129,165.931668788
4042,21.368595786,15405.9655566,244.574757586
4043,22.754157858,15406.0023708,310.32533923
4044,27.1544561352,15406.0347006,213.814401423
4045,15.8971328674,15406.0638965,234.718353952
4046,20.0998365477,15406.1060893,197.960431998
4047,37.8586048794,15406.1239628,169.308828087
4048,17.8714094231,15406.1590604,226.762764222
4049,20.0238692185,15406.1883516,202.231166058
4050,21.9439807648,15406.2234264,268.757778996
4051,20.7390337654,15406.2579398,232.795076649
4052,15.9072244009,15406.2969301,185.508520525
4053,19.7153871713,15406.3291413,192.161824187
4054,21.8032642354,15406.3646163,245.710309262
4055,18.4282626519,15406.3987808,203.546813909
4056,19.678356882,15406.4335405,195.797178805
4057,19.7046626666,15406.4695718,235.633494022
4058,16.7910865109,15406.4983982,159.29423329
4059,16.7964736333,15406.5350532,123.428369639
4060,20.0815036987,15406.555575,165.596321742
4061,18.8078427778,15406.5863383,180.398490559
4062,20.0037428009,15406.6147373,235.840649422
4063,19.4412781621,15406.653007,194.412781621
4064,17.8145635255,15406.6924029,218.182953139
4065,18.8600115759,15406.7206825,191.4082124
4066,17.3711912496,15406.7642251,182.190590858
4067,17.2413912289,15406.7924461,145.278544793
4068,15.6517224615,15406.8273763,176.385954184
4069,22.7157417003,15406.865591,258.001230246
4070,24.6173428835,15406.8991824,252.252700516
4071,16.3936903753,15406.9275049,190.477469419
4072,18.8557557858,15406.9671338,178.881405861
4073,28.5259038608,15407.0004104,259.883352408
4074,16.9169969638,15407.0277663,254.880259111
4075,30.0179647753,15407.0646475,158.840139319
4076,17.2087860437,15407.0835108,190.07725452
4077,23.2379776424,15407.1209965,270.000901225
4078,20.1137912525,15407.1532597,245.520111567
4079,20.4429483494,15407.1889994,209.477885247
4080,18.5497467732,15407.2231122,240.432197716
4081,21.1031955469,15407.259021,232.135151016
4082,20.4890009552,15407.2933436,249.259454587
4083,16.7048213799,15407.3282101,174.403455383
4084,19.1833992721,15407.3662747,184.000701907
4085,18.3330443378,15407.3969189,202.495093255
4086,20.5386755617,15407.4331498,174.276441195
4087,17.6758424088,15407.4616846,217.922420918
4088,20.4711704759,15407.5035046,213.725294365
4089,25.6159387424,15407.5373608,188.237937604
4090,17.6066037745,15407.5551335,196.847814464
4091,25.0082952864,15407.5820862,251.330257125
4092,15.2517224377,15407.6217645,163.556501832
4093,20.0771715057,15407.6605961,209.611824352
4094,23.0932511547,15407.6890695,316.638707033
4095,17.7915018241,15407.724675,155.102717011
4096,18.3653341086,15407.762173,214.17475944
4097,17.6702169178,15407.7943469,183.634280895
4098,17.1176596623,15407.8267268,182.766591706
4099,19.1179574957,15407.8700575,187.316963155
4100,23.2824440593,15407.8986373,217.164181023
4101,17.3451283445,15407.927514,244.06759003
4102,28.1026012899,15407.9691591,312.937323929
4103,17.3019627497,15407.9990324,210.487461429
4104,20.1065041864,15408.0374066,208.952920881
4105,23.9374028237,15408.0717419,172.615066565
4106,20.0163139482,15408.0865023,194.065363893
4107,18.2209116864,15408.1185709,166.00040567
4108,16.1595929373,15408.1590939,193.240625847
4109,19.9225182052,15408.1940033,196.214048857
4110,16.7013061873,15408.2256268,172.759654534
4111,21.017979626,15408.2608419,221.438155924
4112,20.5840544524,15408.295769,244.422104106
4113,16.7377225253,15408.3298654,181.046150398
4114,18.812245332,15408.3700533,213.666034039
4115,17.3914028454,15408.4043426,152.608940615
4116,19.173584045,15408.4299318,221.950281746
4117,18.4927450291,15408.4683761,172.488842619
4118,22.5413675739,15408.5009894,248.977542675
4119,22.3605291696,15408.5320424,249.99831618
4120,25.197605393,15408.5551273,264.274714889
4121,20.6743038151,15408.5926751,262.327507053
4122,17.2743941659,15408.6241788,152.563318384
4123,25.6208619572,15408.6507332,267.489651856
4124,16.3401783031,15408.6849273,187.734355836
4125,17.6597820597,15408.7271187,191.019749189
4126,17.5344812811,15408.7625683,186.394092769
4127,16.6424267952,15408.7966397,131.042599628
4128,16.6641321554,15408.8333443,181.018809681
4129,19.6610884351,15408.8671262,190.621324764
4130,19.1211970689,15408.9018638,215.484947324
4131,19.0662731926,15408.9317623,227.200866703
4132,31.0676887558,15408.9662656,186.406132535
4133,19.035110238,15408.9859464,224.42063993
4134,19.9738948248,15409.0187653,201.726449422
4135,17.8764904377,15409.0542225,192.53569436
4136,21.1353168131,15409.0927319,235.352927498
4137,24.2945049904,15409.1238129,221.333474053
4138,15.054084425,15409.1569469,183.140841336
4139,24.5977356613,15409.1927252,239.749070839
4140,13.8215940247,15409.2264727,136.826800064
4141,20.1984611244,15409.2653469,210.878125147
4142,20.5854007728,15409.2984559,285.239680261
4143,18.6768887984,15409.3372241,192.290339253
4144,17.4671332764,15409.3721753,154.265544117
4145,20.3165589355,15409.4010034,214.048230394
4146,21.6307689013,15409.4235511,184.813370507
4147,20.1546792583,15409.4556899,209.453570914
4148,20.9238242975,15409.4916667,216.437721495
4149,16.1718833528,15409.5248623,186.503257039
4150,19.57887536,15409.5605271,193.82097749
4151,21.5278363262,15409.6000451,142.799511284
4152,16.1509788327,15409.6231012,204.932947272
4153,22.0527436848,15409.6630157,256.229727088
4154,19.3872291786,15409.7044479,228.572061014
4155,18.949953763,15409.731846,215.230101155
4156,18.758842223,15409.7734597,217.958050572
4157,30.4826573173,15409.800535,192.789252514
4158,20.7848214758,15409.8204316,218.981682384
4159,14.9227827738,15409.8538127,133.473426783
4160,21.5105834988,15409.8857303,223.544541122
4161,14.6778071814,15409.9242294,131.282298473
4162,18.0659054478,15409.9544755,163.593731699
4163,20.270869696,15409.9917629,253.993269285
4164,18.3968233021,15410.0305303,208.136296147
4165,18.8259011578,15410.0634204,193.824515391
4166,18.7720336267,15410.0988704,202.18098969
4167,19.2804049886,15410.1339155,146.835189782
4168,13.0381144472,15410.1587456,139.818200742
4169,25.0022032467,15410.2071672,323.099671806
4171,14.2334652237,15410.2599614,244.881795062
4172,49.6041521515,15410.2957752,164.51836073
4173,18.2035612189,15410.315134,212.288179565
4174,20.3112828133,15410.3584224,249.589221798
4175,15.4491423891,15410.3877578,144.100007108
4176,19.7055623847,15410.4255265,185.901903734
4177,15.3192065792,15410.4620478,149.313156053
4178,17.9345898626,15410.4898027,152.180041316
4179,16.9310096375,15410.5291954,180.773714786
4180,17.6643697938,15410.5641286,185.265473371
4181,24.3740216683,15410.5980994,206.820432077
4182,15.8591042181,15410.6319401,196.806307665
4183,20.1548930204,15410.6663219,209.455792395
4184,15.9628985667,15410.7063675,174.864792563
4185,40.6125023299,15410.7312904,198.959815772
4186,15.2408725108,15410.7565226,158.387793242
4187,20.2123878591,15410.7844625,212.950720002
4188,17.9082296553,15410.8234589,157.144077466
4189,19.1772923018,15410.8584378,237.210005321
4190,21.5502637182,15410.8926967,222.917661249
4191,16.5371115762,15410.9244676,197.755092166
4192,26.0597059108,15410.9642581,272.071317241
4193,14.958949976,15410.9959235,161.112821925
4194,19.9415018363,15411.0271851,194.365717325
4195,26.9682436089,15411.0637518,302.717783722
4196,16.5088345522,15411.0983534,197.41694814
4197,20.8672880014,15411.1324963,215.852905501
4198,16.6810180028,15411.167,198.777270704
4199,38.0877151476,15411.2004603,272.000691734
4200,14.8968327328,15411.232413,228.849486805
4201,19.257492112,15411.275867,156.448605495
4202,42.2600447306,15411.2841386,304.741516359
4203,17.0017881167,15411.3266953,206.135725864
4204,21.1661316021,15411.3549997,224.001281746
4205,18.1295003717,15411.3885465,191.864597509
4206,18.0593024678,15411.4287532,175.091433624
4207,19.8344751387,15411.4625933,238.013701664
4208,19.4643052436,15411.4948629,224.473318584
4209,19.137556614,15411.5347824,223.180344002
4210,21.789734534,15411.5683602,232.650700711
4211,16.1918695615,15411.6039671,163.529866597
4212,22.3598841902,15411.63453,159.681512615
4213,16.9441544437,15411.6603195,204.736997127
4214,21.3259769959,15411.7008351,182.209227325
4215,18.8675867377,15411.7228847,175.98513332
4216,18.6890992081,15411.7594202,209.784618313
4217,20.8900398735,15411.7845995,226.923917599
4218,21.164442362,15411.8240905,218.926694108
4219,18.3864979044,15411.8593818,245.306478357
4220,17.7117816614,15411.891066,161.362010394
4221,19.0621689647,15411.9333286,219.835656775
4222,22.1812204274,15411.9655301,246.001634907
4223,18.1895275713,15411.9957428,239.245881877
4224,21.5032534187,15412.0366379,176.011714975
4225,17.9207942392,15412.0706114,204.328491898
4226,20.7391208686,15412.1032492,254.846583839
4227,16.6092278421,15412.1375272,161.032438515
4228,24.7275968908,15412.1671328,231.965420318
4229,24.2316567485,15412.1864588,208.44859311
4230,17.9286980822,15412.2220768,219.580810269
4231,20.0922597127,15412.2584089,205.884396053
4232,18.295201902,15412.2978106,198.736762303
4233,20.5087582983,15412.3232871,212.144245414
4234,22.3960307507,15412.3586284,259.25279924
4235,15.4059359461,15412.3963011,174.298268448
4236,19.3908396312,15412.4312942,188.001165397
4237,17.8510360624,15412.4686113,190.596908918
4238,22.0430545123,15412.4996711,235.355417942
4239,15.9509760251,15412.5375069,157.906606394
4240,17.870645348,15412.5689216,200.597496518
4241,16.8974177373,15412.6020441,171.490060346
4242,19.7152350446,15412.6378402,192.160341439
4243,17.7998440114,15412.6762616,199.802753486
4244,19.2766632987,15412.7017273,220.631495891
4245,37.7855744955,15412.724738,146.342900748
4246,16.1376116558,15412.7534725,187.502103571
4247,18.9132928735,15412.7895797,180.421314999
4248,16.7352836364,15412.8294559,170.667075655
4249,22.5389715456,15412.8565096,254.00130958
4250,18.1141632285,15412.8885331,135.553985299
4251,17.1563588336,15412.9238114,206.589917523
4252,16.5720310461,15412.9622114,137.657628544
4253,17.1743363671,15412.9960459,210.341803852
4254,19.9744304964,15413.0364444,201.731859439
4255,17.8175166544,15413.0700587,178.175166544
4256,17.4287536582,15413.1011015,188.520794946
4257,17.0890534571,15413.1418955,177.594653046
4258,21.888635005,15413.1749211,163.799545705
4259,20.6985580174,15413.1919206,168.155880254
4260,19.3081494988,15413.2225868,229.271572217
4261,19.9501603204,15413.2533689,199.501603204
4262,16.8023611217,15413.2873489,168.861639414
4263,20.1654337622,15413.326878,247.796998654
4264,18.0701145614,15413.3546309,200.407265219
4265,19.4938030641,15413.394672,190.002089464
4266,21.9141149122,15413.4316916,272.828530436
4267,18.4392523747,15413.4615453,182.539285519
4268,21.9270651788,15413.4935178,250.007008614
4269,18.0779058936,15413.5380226,227.953719772
4270,21.2818185886,15413.5670891,234.100004474
4271,15.7663963837,15413.6061787,169.809285881
4272,45.5887115023,15413.6343728,245.502724785
4273,14.773977225,15413.6637378,201.490185782
4274,20.627397487,15413.7032795,252.632992824
4275,54.1899343214,15413.7213619,291.821727208
4276,19.0812816322,15413.7546557,256.002256964
4277,19.0375247845,15413.787426,188.46188021
4278,18.5783082694,15413.8200358,206.879285409
4279,18.6666636812,15413.8604713,201.910839133
4280,17.6148043663,15413.8967545,192.960513949
4281,17.4367848135,15413.9328102,159.810772569
4282,17.6936634579,15413.9671238,187.252133165
4283,21.7896843744,15413.9971987,247.483240892
4284,21.3320796899,15414.032893,179.747298441
4285,20.103512027,15414.0604126,255.875934239
4286,19.3626661472,15414.0984619,264.780477266
4287,31.5654263573,15414.1452133,285.837092715
4288,21.1649889203,15414.1562473,218.932347751
4289,16.450344094,15414.1965062,196.028473838
4290,23.2932354347,15414.2172316,219.747943596
4291,22.0214900598,15414.2559306,239.214612609
4292,16.738136875,15414.2964443,197.339723372
4293,20.7158153529,15414.3253539,225.031354875
4294,21.8172634922,15414.3598951,285.297740362
4295,18.8196446527,15414.3914337,175.53795932
4296,17.1053197198,15414.4289032,211.581119895
4297,22.5064276571,15414.4661943,252.634023879
4298,20.0414280063,15414.5038121,254.29721328
4299,20.1990863281,15414.5354863,204.000772121
4300,17.6675867864,15414.572674,214.208105728
4301,21.1818015055,15414.6086926,170.773143311
4302,18.004459267,15414.6337305,173.628717312
4303,21.1541702087,15414.6636317,186.828572608
4304,16.7462391791,15414.6910478,164.931328389
4305,19.4863986449,15414.7284314,217.864560033
4306,17.6344108074,15414.7609607,170.060099202
4307,28.8991471943,15414.7922129,317.890619138
4308,17.2396443037,15414.8253064,213.242623236
4309,16.3915317069,15414.8601774,140.049308295
4310,17.826094358,15414.893567,175.566668493
4311,17.3253769865,15414.9300792,198.298003247
4312,17.1775253031,15414.964621,178.514079439
4313,19.5379886056,15415.0004861,196.354355373
4314,19.1881652121,15415.0350802,215.386620314
4315,19.7113165276,15415.0681573,232.392994507
4316,17.9787856148,15415.1049637,200.203283666
4317,15.4207053654,15415.1440499,218.626231151
4318,8.87538581467,15415.148543,209.090226253
