,error,freq,rate
0,4.51089558888,13253.09151800285,28.88382487769
1,8.78236161820,13253.10236846633,23.23594476561
2,6.81655059192,13253.11404020528,33.39414151216
3,7.25546939658,13253.11845638413,41.67949847872
4,29.01273771623,13253.12606443339,91.74633234034
5,7.85261903836,13253.13993848137,43.01056582807
6,9.95438212095,13253.15219857693,59.72629272569
7,18.18325186046,13253.15720002158,18.18325186046
8,6.30983347450,13253.17028511689,44.16883432151
9,8.82276243045,13253.17926665129,23.34283526756
10,6.83848204451,13253.18997864862,37.45590874870
11,23.98055045898,13253.20154438235,413.27332323021
12,36.14957455875,13253.21124242397,523.85710414536
13,21.58822137811,13253.22116526032,470.99938416158
14,42.25819077681,13253.23415145509,536.19633039060
15,34.34723755633,13253.24273524895,472.19644804351
16,23.32687737074,13253.25094370404,440.13064197076
17,25.39828444955,13253.25760330502,516.77863842646
18,28.47092154640,13253.27207694042,493.95202751295
19,75.73861348379,13253.28089880555,519.23777395818
20,20.75576498379,13253.29066377461,392.16863143586
21,25.93520287654,13253.30077138652,471.13635703653
22,32.89527642167,13253.30861902233,562.11472990004
23,20.44831004847,13253.32247301572,459.51861642197
24,71.37132110864,13253.33207950660,552.83987610114
25,25.54362028458,13253.33970627669,451.19029202735
26,39.31363253539,13253.35171126291,494.16469834875
27,25.93035965631,13253.35919040971,470.33412440191
28,22.55167871854,13253.37151044003,513.26748810589
29,39.60440067201,13253.38045926752,631.19028221107
30,31.71391172866,13253.38831152894,402.40442808007
31,20.48902181303,13253.40071673678,465.87187903967
32,80.38355499026,13253.41071910297,643.06843992205
33,26.31314247155,13253.42245613861,491.57006813686
34,26.08165037354,13253.42918812766,408.24240240429
35,24.50601891542,13253.44221757324,425.86920392423
36,39.26396662197,13253.45231586066,615.83125320435
37,35.49453807602,13253.45724894800,504.47217080079
38,21.06522335549,13253.46988319689,497.15712275330
39,73.23197228420,13253.48258841018,485.76594944878
40,25.01040940718,13253.48939225142,444.59476253541
41,25.48790737309,13253.50119321297,454.51449732484
42,29.31494239290,13253.51161865885,533.33863119245
43,32.57664531700,13253.52154687395,424.74748900799
44,28.19045452147,13253.53096947455,476.74384492335
45,22.03073193838,13253.53979838860,441.71480187531
46,29.42332498601,13253.55216554211,354.30375064155
47,36.38461528031,13253.55858718374,517.12254473909
48,26.19862161059,13253.56925904261,486.61779882341
49,31.67229708902,13253.58224962957,420.18050277183
50,22.14493572611,13253.58942652010,442.34474468124
51,33.62915575331,13253.59854349726,439.75827445583
52,31.73440296241,13253.60956396851,412.54723851130
53,25.33396072945,13253.62264154052,449.63319869197
54,37.47579036316,13253.62859291541,576.93245931596
55,21.67138455413,13253.64066013054,521.01542118160
56,40.24644207439,13253.65161610798,487.96217747701
57,23.39665169996,13253.65932030019,437.08552419224
58,25.66996664228,13253.67317388639,402.61769472320
59,65.98361933508,13253.68146462525,437.68581528819
60,26.05477547107,13253.68800243630,481.13231212755
61,32.53768694766,13253.70198310764,415.41337811907
62,19.24246496513,13253.70933702260,414.04848511209
63,39.88675277482,13253.72140032408,494.98158473382
64,26.21590105804,13253.73054967774,486.93875031503
65,83.36427739718,13253.74253257219,618.24602791078
66,20.08699904980,13253.75144895753,532.96831209923
67,76.06943875870,13253.76054138125,521.50579777599
68,20.13312711802,13253.77108225439,454.22405159034
69,35.96765297824,13253.78201161725,502.26093999913
70,36.42721914300,13253.79192468203,545.19269434413
71,36.58536025781,13253.79899222482,536.44668497132
72,21.21214695029,13253.80748039132,409.12507415900
73,70.00613393217,13253.82001972921,485.01672324799
74,19.26237854092,13253.83115898951,375.49288446034
75,37.85310540920,13253.83702688071,570.31453841742
76,25.86413628150,13253.85094489145,465.55445306697
77,31.66332434923,13253.85880657801,518.35095945725
78,26.46686379776,13253.86851347526,489.45811742884
79,32.23013290364,13253.88487640458,322.30132903642
80,29.54694289075,13253.89079860529,621.18890098881
81,38.95811599453,13253.89690020052,589.54327205221
82,24.93007334555,13253.90962940373,565.20385552956
83,30.61642940775,13253.91901549173,479.22292168830
84,32.41662975437,13253.93091755910,430.05519145243
85,36.46325228528,13253.94086621585,532.16364721566
86,20.38776651244,13253.94937503739,419.80980682586
87,26.43844797508,13253.96131415364,489.64690874808
88,25.97004465248,13253.97218744087,478.15923218782
89,73.27405411006,13253.98054981619,486.04508870254
90,22.11727183946,13253.99187916074,494.06242833936
91,42.75849228168,13254.00032653502,564.02325060517
92,24.04483391159,13254.00996656864,521.27957736994
93,44.97710116889,13254.02089960351,606.77426822446
94,31.99686874490,13254.03002999975,735.23206799243
95,33.57216239559,13254.04031675810,441.57285379583
96,34.62067931779,13254.04724658762,479.71820456770
97,23.02883953728,13254.06306806910,535.63714460880
98,42.15465755678,13254.07472070114,552.85315088313
99,24.75873995510,13254.08052930282,550.84718939217
100,34.95254025194,13254.08895657976,500.44421703420
101,26.75444418022,13254.10266742322,429.74000641703
102,28.22670440366,13254.11335158704,566.64713633894
103,28.30484350559,13254.12399189452,560.40730993027
104,36.94025212971,13254.13271060549,559.00745082345
105,28.92519825305,13254.14083902559,586.40444713953
106,36.36687205594,13254.15286563339,409.83383420351
107,27.96845653916,13254.15850838151,468.83676444198
108,35.20913080163,13254.16925146995,385.69670340407
109,25.36851663829,13254.18071780795,449.53126013447
110,25.36746451133,13254.19365008810,457.31847012050
111,33.22211111022,13254.20154368936,441.99144108422
112,24.41510580402,13254.21300825225,542.10332407278
113,32.92730800541,13254.21918036507,552.94352941348
114,37.94570507711,13254.22641293172,561.54515482013
115,26.44900857297,13254.24309836463,496.93175510940
116,24.45116377454,13254.25341388699,362.66936758492
117,41.87119638975,13254.25809021633,355.28888284302
118,24.43556648013,13254.27162045820,418.26952362930
119,24.20975323542,13254.28030288409,410.85313640689
120,28.77498911591,13254.29055983103,512.32411573407
121,19.87579226936,13254.30169086864,320.48752045442
122,32.88008325412,13254.30963488894,529.15486161680
123,33.45307250300,13254.32106007534,347.65452746685
124,22.93602050617,13254.33171928638,367.69238015147
125,35.07179701450,13254.34105599521,491.00515820297
126,24.51704476747,13254.34782965345,367.75567151207
127,25.22211647911,13254.36329749541,508.21156503212
128,24.73820100354,13254.37075850863,495.99938783674
129,32.54984246098,13254.37748679977,435.48721188796
130,28.63705674153,13254.38874889429,491.02323726320
131,33.68817642362,13254.40042603515,465.57986111199
132,22.31577472102,13254.41186561116,497.49665254708
133,71.68549211400,13254.41798930046,516.93143504777
134,24.07030999662,13254.43203322737,412.01733972823
135,28.59436270497,13254.44076819124,496.91704409086
136,26.99104747082,13254.45057726418,438.55261246854
137,22.31082156089,13254.46105185212,442.29480460166
138,33.19039929309,13254.47216910003,463.47870287730
139,32.25925361272,13254.48285182125,427.96736100118
140,27.56301991740,13254.49136147697,523.69737843053
141,30.92867920918,13254.50114799972,392.44094436938
142,28.72717910155,13254.51019664051,495.07524002154
143,64.29572619786,13254.51969759171,454.63943995819
144,20.33197160944,13254.53057716618,499.68689996280
145,27.31218902701,13254.54059197029,447.95320635223
146,62.98153312110,13254.54748252803,436.34886121732
147,41.48818114353,13254.55546536483,501.30360011811
148,21.96387095575,13254.57135003148,491.61796682766
149,23.29537473282,13254.57967638123,379.93606400121
150,63.68827648111,13254.59091159909,407.80394677654
151,20.23522841421,13254.60000302589,495.24662231688
152,26.71419207279,13254.61103110883,426.59143781376
153,73.23838742139,13254.62095609266,603.93921437659
154,22.22599385972,13254.63110312739,493.99740151938
155,26.59273761714,13254.64268576142,417.09079193580
156,26.24031606877,13254.65048002226,356.90688514929
157,32.28734669082,13254.65918548225,417.24447307026
158,24.79587495297,13254.67362386314,437.98247611200
159,80.36143373550,13254.67810804325,632.76656200018
160,37.12499035762,13254.68774761048,428.14627512580
161,23.89959476372,13254.69821693963,394.88611263822
162,27.27279686765,13254.71057402192,534.43548947446
163,19.31032078273,13254.72124000542,410.54305122213
164,41.82041347397,13254.72899936969,522.33679687422
165,36.22467721429,13254.74328146099,408.23137972047
166,21.12337814170,13254.75081177706,539.78394658281
167,24.06953998921,13254.76439575378,469.20171249804
168,43.11048318241,13254.77515185590,540.17280601182
169,39.23038728409,13254.78088958933,477.25825964152
170,37.32057743097,13254.78894751331,556.06407989675
171,26.67537260814,13254.79987592765,499.05052482090
172,30.97402037967,13254.80738404654,393.01625932686
173,33.89768198324,13254.82068004224,574.26315063847
174,22.73489641140,13254.83155555777,470.89233999419
175,37.62463771680,13254.84077687307,564.36956575204
176,31.70223795030,13254.85185070239,402.25630443821
177,34.00087456352,13254.85993299508,473.57738268455
178,28.10756560229,13254.87072685467,552.94090051438
179,42.52037033476,13254.88281800375,562.49162780076
180,20.11209463885,13254.88950005729,484.78075435480
181,26.77277451665,13254.90111026909,517.06816072356
182,38.38119404222,13254.90982570317,589.62309083101
183,38.41336852309,13254.91830264600,441.33600389085
184,27.23946912646,13254.93126769268,527.49005143158
185,35.93221968874,13254.94184712577,503.05107564232
186,21.78689292764,13254.94974686158,531.43944015007
187,24.26913048662,13254.96339123099,412.57521827260
188,25.15554063415,13254.98023988670,442.90899700143
189,25.87341800143,13254.98798804611,481.96837489574
190,80.41408992613,13254.99822742449,585.42341130870
191,21.83915806178,13255.01047656814,481.45314297013
192,30.23985143377,13255.02228671773,574.55717724165
193,23.12673165072,13255.03038571171,477.33036293093
194,69.58014787807,13255.04412778808,428.92083790824
195,20.62943180426,13255.05063101967,429.76607608086
196,38.12777789408,13255.06040776799,452.74227773291
197,33.11671243395,13255.07174329389,427.96224049121
198,38.30352131487,13255.07688909890,599.54494206356
199,26.67066749849,13255.08994921661,434.16701138609
200,30.34978532409,13255.10279008959,369.22107394390
201,23.33638370986,13255.10969748948,440.31000721853
202,44.66666099687,13255.12079372061,401.99994897181
203,19.57898562901,13255.12876478024,463.73686127416
204,79.82653960742,13255.14409012886,643.58213746981
205,27.64068899460,13255.14889085989,542.34948134677
206,36.12775509094,13255.16176052507,389.10783055302
207,23.31698947086,13255.16903410491,385.96485260657
208,23.59268002128,13255.18009291681,445.77056268832
209,26.41167893485,13255.19243104092,495.52702047765
210,80.01447422854,13255.20113378719,576.99257922059
211,20.85096390142,13255.21127869700,443.29757321623
212,21.82619138758,13255.22044510536,333.16235217012
213,40.46573258349,13255.23216854340,492.28688383979
214,41.22457345304,13255.24073627734,375.57373827250
215,20.93927166034,13255.24878075667,390.05541258895
216,35.16193002892,13255.26409287742,383.57137208041
217,32.40878813849,13255.27223341530,525.58222123966
218,22.26326315510,13255.28184259855,350.60221876898
219,31.71558456865,13255.29189813710,404.91747756624
220,21.80273639210,13255.30036766744,479.16442767664
221,70.61111381585,13255.30862575398,499.29597406325
222,25.99751900009,13255.31924382482,480.77841049989
223,19.42844457852,13255.33219628422,380.71820570649
224,34.63006519267,13255.34229982023,349.74651442919
225,29.52420572552,13255.35130817230,452.59750338998
226,27.41659884437,13255.36296392367,533.03960382787
227,24.84378057987,13255.36693249711,426.70594427870
228,25.21637415905,13255.38186737870,451.78848342891
229,75.52415422118,13255.39044295345,570.19486023373
230,22.69397907710,13255.40251952549,514.50809204990
231,40.58980913406,13255.41146537881,511.81801871444
232,24.05541787470,13255.41827346268,411.05916083325
233,29.18597288787,13255.43231113508,510.54601174037
234,28.62360957268,13255.44043943729,500.70867142541
235,32.28534778675,13255.45040756809,417.21864153681
236,26.05694913921,13255.46116312227,474.78020881586
237,23.64010271688,13255.47166745351,396.98483185511
238,26.24957173879,13255.48987580440,481.87808162483
239,23.16148550333,13255.50037332162,434.54798650296
240,27.11672854940,13255.51016983067,521.60068814384
241,24.25237454062,13255.51906240474,412.29036719053
242,35.63991942569,13255.53304609964,506.53842800644
243,39.88626945748,13255.53989470315,494.97558692340
244,35.32549269994,13255.55141022577,510.69472369421
245,20.28728506265,13255.55735960565,415.27036837996
246,94.95804764425,13255.57135405398,822.36081553693
247,20.17153322288,13255.58195583901,455.53735720186
248,26.49204036610,13255.59191596916,484.88395304879
249,58.03590102916,13255.60305554846,367.05126662452
250,28.36655125635,13255.61361171344,483.89711507941
251,23.94277019493,13255.61774606303,464.26753921892
252,28.61810663592,13255.63052202247,490.69831063790
253,63.98684478860,13255.64116534080,456.95747242609
254,31.43118638177,13255.64714695655,482.85504725352
255,19.72992348622,13255.66217967928,514.11501538500
256,75.97935582145,13255.67185007046,573.63155695046
257,20.65350037801,13255.67919101277,431.25774885674
258,28.76983446194,13255.69077641716,578.98175002476
259,40.01582668944,13255.70385045535,496.58334989049
260,37.67870696382,13255.71344547056,567.68696089635
261,23.36156267779,13255.72140040897,440.78508303518
262,35.45476844096,13255.72958268096,506.39538254334
263,35.20607585953,13255.73780466829,507.74924687759
264,26.53782870853,13255.74852398093,422.11000603933
265,35.03920342119,13255.76168636768,502.90717825127
266,28.26580335825,13255.77030049006,560.34771911600
267,38.53128751161,13255.77654318595,459.15328231094
268,20.01539624974,13255.79092992686,480.78631658852
269,31.02380817904,13255.79859760629,394.86861254933
270,34.26396941224,13255.81227922300,471.05170032369
271,27.89998987548,13255.82073272974,466.85612539031
272,25.28734527823,13255.83257789751,446.66357288311
273,25.99451560265,13255.84194425076,479.31518448876
274,24.57243023911,13255.85161953616,490.21844364190
275,35.07524927810,13255.86818943492,479.64681999283
276,24.88947429593,13255.87781328322,507.03713991377
277,26.65401341592,13255.88782970796,498.65093092424
278,26.30258782525,13255.90282873020,497.66831646918
279,27.72171471483,13255.91027719546,461.38128514748
280,24.34475814172,13255.92007382398,414.57629238043
281,62.08044568052,13255.93186547987,387.69225901455
282,25.14325982573,13255.93663798148,377.98607687865
283,19.63926081655,13255.95169494639,470.93293059287
284,56.33451275164,13255.95942960870,287.25077980936
285,27.26792472973,13255.97105670798,446.39516653939
286,33.82547449103,13255.98273012254,468.69952326875
287,21.53090615008,13255.98965663622,463.78991226043
288,29.36747488567,13256.00209704793,440.51212328498
289,58.03078137986,13256.01298892170,333.36145906419
290,24.37742388543,13256.01840288130,422.22936727209
291,29.14299220538,13256.03095089210,518.05716124751
292,25.87346289530,13256.04028086161,467.87348597410
293,36.26729231753,13256.05195488643,528.05974691652
294,31.20567688038,13256.05907885461,389.75877931326
295,24.99261139931,13256.07062103481,442.16443263379
296,27.30381263381,13256.08194441867,456.06358485580
297,28.02737735030,13256.09224579078,391.38102511686
298,25.94519521467,13256.10143086168,539.26075588914
299,24.34953682022,13256.10961034949,361.98188833468
300,69.56389367632,13256.11745790468,481.95279287879
301,24.44342100977,13256.13033275185,418.40397151987
302,24.54668828937,13256.14047069697,426.57596229119
303,28.56558199574,13256.15292973264,499.69360339624
304,26.97860393726,13256.15974970617,436.68685398772
305,26.92528314980,13256.17225432329,441.60747814717
306,32.61041238697,13256.17767490521,436.29758226766
307,35.40225381003,13256.18584141490,376.33112010009
308,24.08928597286,13256.20039111379,461.48433062937
309,38.32177390596,13256.20951526761,446.90484034159
310,23.19235852504,13256.22132112955,377.54424362952
311,24.73526066615,13256.22693400155,433.39677883936
312,26.06637371842,13256.24027497988,551.10503532105
313,74.16892337451,13256.24971216301,602.55118192504
314,25.25700724479,13256.26094804285,383.87327577798
315,24.68112183600,13256.27006629671,486.16171870312
316,28.54690379113,13256.28080190574,496.09229610029
317,24.62351052869,13256.29107849506,424.35389642927
318,62.51077666134,13256.29628483054,437.57543662940
319,28.13441542380,13256.31024521904,474.12959628333
320,24.48598411996,13256.32229233954,533.65965156029
321,33.56757701315,13256.32671127147,472.33767672465
322,28.52200281899,13256.34055611344,569.72656009518
323,21.33613972742,13256.34963006322,464.52064207516
324,43.44775178055,13256.36244540234,566.48937581682
325,25.95706949885,13256.36931873764,471.53358395714
326,71.04153381359,13256.37911039138,507.33802918369
327,29.05170753015,13256.39116819589,422.00042760415
328,27.82531075826,13256.39940044350,463.94064429044
329,35.02082347551,13256.40832817399,491.54068107318
330,20.62172505451,13256.42071219996,429.60552393235
331,34.09274673008,13256.43449605354,477.29845422117
332,29.63690430156,13256.43928849932,350.66858074423
333,20.60293628017,13256.44747917176,471.17253135106
334,31.75305857550,13256.46337059807,402.90114588162
335,25.17902252489,13256.47462285459,456.70610317420
336,43.52005853341,13256.48390621625,550.49003547772
337,19.07958976189,13256.49106704212,403.83879701678
338,35.25944010692,13256.50039152926,496.14430068009
339,33.54125715216,13256.50871015266,463.54939638334
340,28.12946173168,13256.52346079184,553.37164808169
341,58.27419163038,13256.53311583503,368.55834871422
342,27.45839987062,13256.54007325653,521.70959754175
343,24.15373351750,13256.55171793057,413.44532038763
344,38.03219146895,13256.56094445613,450.00295811282
345,25.67286506739,13256.56803742597,467.78186396567
346,39.96402164799,13256.57968476401,479.56825977590
347,30.40024949282,13256.58961467529,553.91890758743
348,19.64384511140,13256.60010513606,501.59165094313
349,67.42054385280,13256.60702679453,504.52915185428
350,26.90471800712,13256.62019194815,513.30930420121
351,28.35532239803,13256.63267253611,474.47529579834
352,24.05665906058,13256.64339397335,416.67355753288
353,59.10682234841,13256.65189900295,318.29997957222
354,21.22319682594,13256.66068272245,503.57597144585
355,37.56487121565,13256.67208920131,552.08860039025
356,31.71875582709,13256.67796275470,411.12206358291
357,21.97021388046,13256.69010332522,487.81791366343
358,40.71139311312,13256.70030504832,481.70369947669
359,25.28642191798,13256.71068799663,454.45265110096
360,20.19430755892,13256.72999291989,538.09398902675
361,28.88564483795,13256.74095885606,501.14720770347
362,34.52670769368,13256.75359844043,475.91782209892
363,38.39511156120,13256.75797603798,455.91668914767
364,34.50026953121,13256.77263725209,478.04975762303
365,22.33286697692,13256.78100668146,502.86158367508
366,78.95657666783,13256.79378944326,626.69839870826
367,26.96954710818,13256.79954988320,515.95781655737
368,26.80590241951,13256.81055398924,431.40017242906
369,32.63371851161,13256.82269710592,416.63942705277
370,22.93312401778,13256.82814273407,484.31804327089
371,26.37876303419,13256.84080327710,422.88374144433
372,34.31915144436,13256.85090821197,473.05685663945
373,27.55947103992,13256.86103464023,530.83290094342
374,33.19384185559,13256.87157180436,452.70364644760
375,41.92201248287,13256.87841762141,544.98616227735
376,21.98367412754,13256.89056551365,434.69901530264
377,24.59588662590,13256.89823519113,423.87783470882
378,40.79097672768,13256.90562789677,515.96957776957
379,22.83646134762,13256.92156226013,363.95330413092
380,26.78750495622,13256.93205814949,517.35265276580
381,35.46688754861,13256.94507746232,366.87233750352
382,27.02982246905,13256.95095398911,518.52189866639
383,26.85846738078,13256.96115301735,504.62478766479
384,26.87793215574,13256.97356397051,440.83086410157
385,41.14337889649,13256.98102494136,507.24964199794
386,25.28672834475,13256.99042962080,454.45815826451
387,30.91594943239,13257.00169960729,563.31540767997
388,24.76877073638,13257.01233808465,503.36090190429
389,38.09981035793,13257.01753768279,432.73066203010
390,24.97108906613,13257.03300593579,437.52882621456
391,29.12758980722,13257.03932781554,432.03197492216
392,36.15353118628,13257.05372097429,536.24352657367
393,37.52414068202,13257.06032015557,564.11152821651
394,28.29635105500,13257.07255503854,480.20500113185
395,34.07436697544,13257.08022585033,464.71240802083
396,21.43757241950,13257.09143487526,468.69417147369
397,82.66473068970,13257.09867215149,618.60620042162
398,25.02028678240,13257.11053120920,444.06603840212
399,29.10817063070,13257.11809132655,423.82136173490
400,28.37017335140,13257.13023598079,491.38581664162
401,24.45421010494,13257.14026419928,418.58865108117
402,70.71775550722,13257.15092866806,547.77737872129
403,23.84106612419,13257.15771492494,397.51001073535
404,25.11551723763,13257.16918464854,441.49050350956
405,26.15775484212,13257.17948621187,486.56236586863
406,35.45288613058,13257.19194222653,514.98291766075
407,23.67666304654,13257.19656950307,448.60872697038
408,27.08567534364,13257.21183326101,439.25583857247
409,62.53017022986,13257.22332929904,395.47552080886
410,20.84681627748,13257.23414387297,391.67611793945
411,35.98244588833,13257.23938268477,539.73668832501
412,31.40888484154,13257.24759562767,385.95883860249
413,22.85533210230,13257.26174581609,428.80403955450
414,74.11666360556,13257.27310438969,497.18969426255
415,29.06819792968,13257.27710254407,515.08977964630
416,37.78418352252,13257.29089964585,570.52865973379
417,20.92738160731,13257.29844221826,485.85790845226
418,28.31065041710,13257.31132078525,488.71759970127
419,25.41890766763,13257.32142334386,451.85638645140
420,31.83420055474,13257.33192160849,508.35141670372
421,35.74115779834,13257.34150099939,510.48584074024
422,40.73744874448,13257.35271432208,498.92981423378
423,37.78240419592,13257.36045546836,570.50179249129
424,28.17739646642,13257.36985155233,571.93868264868
425,41.19393121335,13257.37904417656,678.13769364900
426,30.80133034738,13257.38943095125,578.70445718217
427,27.80664677649,13257.40120305662,533.42397267328
428,31.01041164868,13257.41266793795,594.88283894260
429,28.25062690056,13257.42101130644,480.26065730949
430,32.73594714337,13257.43127718650,429.32792185487
431,24.32254600188,13257.44030944531,419.87224332653
432,38.62561724434,13257.45088818605,597.13755156909
433,29.50898535941,13257.46091289520,531.16173646944
434,26.46124254335,13257.46961904412,490.06907006032
435,68.10068365454,13257.47725378418,461.88130862152
436,24.16629803505,13257.49008601863,467.97834914620
437,35.40475935722,13257.49711423949,515.50107744814
438,27.26489101515,13257.51066942485,526.57250897803
439,27.53598998604,13257.52011753414,461.58730399309
440,77.28056509851,13257.52918289648,540.96395568955
441,21.70408595569,13257.54092440212,475.01711473948
442,24.26185260590,13257.55046603907,477.90307264735
443,102.98513299255,13257.56516036638,949.47601206500
444,24.58157946641,13257.56811358642,368.72369199620
445,33.20385431640,13257.57776546592,451.62124526090
446,24.76658995354,13257.58923154687,429.68427636572
447,29.10924119356,13257.59617640483,339.46917019016
448,39.08986659108,13257.60767756966,472.32465512166
449,26.18312532143,13257.61989747853,480.65828754785
450,21.68723197593,13257.63107231045,422.76197995503
451,25.92884780620,13257.64223309296,478.10433015124
452,31.14517823785,13257.65235642550,290.50288310049
453,38.88833865968,13257.65858033096,468.27760798269
454,30.60869871602,13257.67345739306,469.22246612425
455,23.75771174151,13257.67986073717,507.88186845675
456,49.00738530807,13257.69497905513,259.32270786135
457,24.48393618448,13257.70110463350,426.89201427291
458,27.14973739847,13257.70988115252,368.27695598326
459,29.66370763598,13257.72020663722,519.75014580936
460,29.21674189973,13257.72904329438,614.24682270073
461,30.06301408485,13257.74251441724,640.56093106202
462,35.69329534547,13257.74950320831,497.15007646395
463,35.28887427538,13257.76171041071,511.38437207347
464,38.76770294529,13257.77055089216,450.44000363347
465,19.94668704201,13257.78246859531,446.02148151849
466,37.80951231157,13257.79074043165,556.96889590788
467,35.55198670313,13257.80363714697,505.28866920305
468,36.39186833947,13257.80912290890,529.87360117518
469,28.38329433785,13257.81891743981,571.90753393575
470,27.25072131066,13257.83186154680,526.29884652914
471,25.12148667348,13257.84119908330,504.93563297233
472,37.75087095839,13257.84983594419,430.42615342846
473,35.29224148483,13257.85982673422,497.85833275705
474,40.59191135423,13257.86697215778,510.23241395230
475,33.06805429467,13257.88108496051,565.06715948806
476,26.88575529910,13257.88982353441,421.68659469895
477,37.60317775497,13257.90071916284,580.11357214835
478,20.51190102065,13257.91140304497,424.35350797410
479,33.35262459179,13257.92087144774,457.30814843624
480,22.42345927634,13257.92819630163,402.37459082988
481,39.96535835335,13257.94171507556,494.34418156963
482,25.58910172639,13257.94940025345,451.99365446321
483,76.12652765155,13257.95920856698,654.86515230916
484,24.30284407353,13257.97049867473,417.41505467384
485,47.15256060610,13257.98138686992,651.66135269552
486,40.46584076508,13257.99135647055,503.79565467349
487,27.10914879855,13257.99843032051,587.71234105941
488,36.84731812054,13258.00772604451,542.79489038748
489,21.98784334001,13258.01968918537,536.34114756674
490,38.48630425989,13258.02958023312,460.22926137812
491,27.72557392424,13258.04142369279,545.42623967762
492,83.41735818974,13258.04761565074,692.91661812048
493,29.36127010740,13258.05876937660,526.86915520550
494,26.19694142013,13258.07129224267,480.19786813629
495,27.15987771122,13258.08057685939,523.84075071657
496,80.15054669978,13258.09154826237,594.41236317478
497,30.56918984257,13258.09983282350,474.56144343913
498,20.49095581737,13258.11199456228,423.92019023914
499,38.80362993941,13258.12294396743,454.18484388745
500,38.95925129244,13258.13363161747,604.81022309928
501,44.00099169790,13258.13897226254,582.07840736429
502,24.73237732232,13258.14920950422,434.05146043787
503,77.46992813561,13258.15684077313,657.35413827265
504,21.79288899106,13258.16945865899,522.12050914617
505,92.25895434092,13258.18006089913,855.57434535104
506,30.77991444034,13258.18754077954,569.22040675870
507,24.42629752186,13258.20034390229,423.78042333087
508,25.41185509517,13258.21008275825,451.73101718098
509,66.23386474293,13258.22082396538,495.64885853993
510,26.66307787868,13258.22968176943,424.93953614481
511,34.11981525579,13258.24002468485,464.07966096512
512,23.33171373344,13258.25179659314,441.45674072852
513,72.98540782455,13258.25959484922,546.17278062686
514,25.91921811570,13258.26900129008,469.41700503406
515,24.84360860678,13258.28361724462,437.41686692229
516,45.35672296727,13258.29066936053,618.58322900752
517,25.82895863500,13258.29980662775,474.15665143995
518,35.12003254846,13258.31168852230,507.72442074105
519,26.91234222798,13258.32082579903,506.35269736155
520,30.33980478793,13258.32818787148,470.02223468329
521,28.10208202592,13258.34073564673,474.41774739639
522,31.59162719578,13258.35198088620,395.84195418590
523,25.33173494716,13258.36033309196,457.37638254634
524,39.31455657117,13258.37061765131,460.16508678852
525,24.93487527580,13258.38206976693,441.14297633670
526,76.10848424298,13258.39314232024,516.19285465136
527,30.47531388611,13258.39855605773,575.81410025726
528,26.39654676152,13258.40910744478,556.20975390068
529,34.30453833350,13258.42106505567,474.09815218205
530,71.58981511453,13258.42618784350,511.25354085306
531,33.82180170150,13258.44035197586,461.26787692442
532,26.55692697764,13258.44785145026,427.39329189674
533,26.86794575965,13258.46004710223,506.23088686575
534,39.49351091784,13258.47128904238,483.69474949867
535,28.24255067299,13258.48003248704,557.03016888938
536,35.17825152060,13258.49219785659,499.97689423549
537,22.70004644153,13258.49893497611,412.36682188043
538,37.18955011533,13258.51189968773,559.08152906218
539,34.10526243953,13258.52049628964,477.47367415336
540,24.77942732447,13258.53255794774,374.16114740116
541,28.36738965502,13258.54019880285,564.50392660506
542,36.17487103243,13258.55283912448,538.99343902811
543,45.12452351560,13258.56146816234,591.80257778393
544,49.64361423045,13258.57122995090,262.68931487239
545,28.35853637060,13258.57980462865,483.76039137054
546,24.23139731768,13258.59126311216,533.64117039833
547,43.78103260852,13258.60238881532,597.09367759660
548,33.96720099483,13258.60984049600,446.76877533265
549,34.21533928987,13258.61695473801,475.33468466458
550,30.97321443310,13258.63009218950,581.93386595772
551,38.73398560601,13258.64311424652,601.31315923007
552,36.53874414908,13258.64823557028,545.63980861942
553,28.24490908155,13258.66164067909,486.76394899426
554,23.89972540226,13258.66950544447,510.91777377245
555,31.67783632130,13258.68022135451,417.85935987581
556,34.34386403446,13258.69018112993,339.98690811278
557,34.88079852433,13258.69813650860,499.41703181558
558,28.89656857966,13258.71248873542,502.99954048756
559,24.06193419077,13258.71991313271,470.28617948480
560,40.14555193780,13258.72999121911,491.68058845001
561,31.79668116737,13258.73848441969,393.30322499142
562,28.03669132177,13258.75250875950,645.45310592194
563,47.88144950067,13258.76346193410,668.62805447093
564,37.04769803672,13258.76878321367,553.24011093729
565,31.53549168690,13258.78037108972,587.44112119365
566,36.66207704669,13258.78630726977,570.32807242619
567,33.60098629378,13258.80278310245,452.05503720734
568,33.04630753629,13258.80715226542,448.26192486992
569,28.35259578003,13258.81936511575,566.34265714224
570,38.31909029228,13258.82780952455,433.53101751312
571,25.52832254631,13258.84031600067,528.75066252463
572,25.25519176786,13258.85737973961,445.38015805929
573,24.68344415976,13258.87133741330,498.58113237452
574,29.59293988171,13258.87969142398,528.54680680018
575,34.45377155270,13258.89339333828,467.35369566729
576,32.94193513465,13258.89681163886,449.26809681668
577,21.64246242256,13258.91302692040,469.69628553387
578,41.85849276415,13258.92540827256,540.93093880199
579,30.14510469863,13258.93873538958,540.09395041092
580,23.56961912818,13258.95026266340,402.06758292803
581,46.84303428714,13258.96106939959,628.46525363038
582,34.35067331926,13258.96717504443,469.73839277837
583,27.57697490937,13258.97999117533,537.57420618727
584,26.53781023507,13258.99219827057,422.10971220088
585,21.71862474149,13259.00342559651,434.37249482985
586,47.06378821139,13259.01001759557,665.58247585202
587,82.29385136626,13259.02090657487,626.73130001309
588,25.95114448413,13259.02948112185,475.69233587701
589,24.80710469904,13259.04176736384,623.64094182705
590,37.98235529725,13259.04939996930,428.03940574280
591,57.42082506425,13259.05561874446,363.16118465822
592,25.44861349493,13259.07046147860,453.81378710107
593,26.98506220186,13259.07999126742,445.04904708858
594,30.11945182481,13259.08844573274,453.79529840837
595,34.84775209073,13259.10152675194,494.05215411046
596,30.35073082779,13259.10915819615,539.52639260995
597,35.66933160924,13259.11648159151,542.12690509789
598,28.62782165153,13259.13300775478,575.41209380302
599,33.38635905142,13259.13757730871,441.66001615978
600,43.05008609862,13259.15156806248,579.17967356492
601,24.23947739949,13259.15940606277,475.61289077469
602,47.05861620162,13259.17161675138,658.82062682272
603,24.18228275144,13259.17805745641,533.10828201052
604,32.73913474532,13259.18954071118,631.44956340195
605,26.22764523922,13259.20859115119,485.74278744456
606,32.92323743334,13259.22120751194,439.25077373903
607,21.43541938493,13259.23145120839,463.71902222054
608,69.87836393650,13259.24052113897,532.17776474938
609,31.45758002612,13259.25100227700,596.86561535743
610,28.16907017079,13259.26342542854,394.36698239102
611,34.34132908532,13259.27164365816,479.55056276947
612,27.89605830344,13259.27908804386,555.12455113431
613,44.32700835547,13259.29018672630,596.35890554603
614,36.61983646056,13259.29929677934,533.19286712066
615,33.46460944126,13259.30831095556,450.22027430487
616,26.20477157592,13259.32286207399,491.64509432904
617,28.68684115150,13259.32875428874,496.87066383049
618,37.85951385126,13259.34258457587,571.66612275367
619,37.78326073127,13259.34862296042,570.51472589152
620,24.19601747139,13259.35912450081,474.14317289901
621,25.67865463977,13259.37034686776,461.50193631990
622,43.89821188572,13259.37987476827,579.05718472085
623,24.09726233025,13259.39185644464,419.45851964086
624,34.91573652639,13259.40202279072,483.80663717921
625,35.68569314130,13259.40780097833,509.69364698314
626,26.93432990498,13259.41846827954,508.90917803927
627,32.56341492213,13259.42965205728,422.07009672997
628,56.78605592159,13259.43787675922,354.62880556730
629,24.08996155900,13259.44914050291,586.13406210953
630,27.57103384585,13259.46080792718,540.27971682670
631,23.74616134343,13259.48168177841,565.43793756427
632,32.35904883005,13259.48971998760,425.61683604517
633,31.93224976778,13259.49848034454,408.93232488771
634,23.77934609539,13259.50852336012,401.44156574338
635,34.12607918467,13259.52107582428,581.14618759002
636,28.86165304428,13259.53289701970,500.73096564026
637,34.18963636988,13259.54036161396,478.65490917835
638,33.10128104882,13259.54733012420,437.88878866410
639,41.55128737515,13259.55845797906,517.30935598780
640,22.66759271140,13259.57159215762,525.77089166231
641,36.07589138132,13259.58352748910,517.78644963453
642,34.08997905948,13259.58899976915,476.04065067357
643,26.16314262419,13259.59731107204,472.38783898769
644,34.21212379520,13259.61520244707,480.19004016316
645,25.86966110233,13259.62335938377,469.23315235151
646,76.61519677715,13259.62870612972,645.57112294567
647,23.48361447467,13259.64147759017,550.23867701968
648,42.02117030225,13259.65315395054,554.29730571349
649,31.93831509996,13259.66056746851,402.72682981952
650,84.69482885943,13259.67480353161,639.43193541231
651,28.64368126679,13259.67729949174,519.54932082815
652,33.57287754089,13259.68888186406,440.30416111664
653,21.53122408295,13259.70222192551,515.40191969205
654,62.81474934339,13259.71196219438,387.21612044539
655,23.81899348857,13259.72286320981,517.48099557530
656,75.03107508509,13259.72691194755,541.05677694496
657,24.89190439719,13259.74032783171,573.05467400158
658,48.09649300852,13259.74898260374,453.74140756047
659,24.05345535325,13259.76284908139,578.78431704341
660,46.16270278160,13259.76961648186,644.62706271147
661,69.88370702996,13259.77835564184,479.09855759299
662,26.80206580472,13259.79006728741,581.67275549889
663,45.62817191464,13259.80072613314,630.59388183194
664,37.43740454682,13259.81219456235,570.22955740199
665,26.84501646334,13259.82036857161,504.37206787015
666,24.48996765470,13259.83077878502,419.91547199900
667,42.36019099173,13259.84505523129,557.16132321618
668,27.94203060009,13259.84947053960,546.12196649604
669,37.94718730621,13259.86266841118,575.49758959023
670,43.93590465940,13259.87254327242,581.21738677706
671,30.56945735196,13259.87814300805,569.44589541883
672,40.61170800725,13259.89208615306,510.48125402214
673,23.97307849820,13259.89815623387,402.57644607701
674,26.45860821038,13259.90795606930,497.11211592153
675,43.51938025831,13259.91895403257,550.48145590086
676,26.51909024469,13259.93096209506,568.15255491749
677,42.24034419050,13259.93695240650,553.97692054914
678,32.87395609800,13259.94784905854,444.71063522760
679,32.77191988761,13259.95735634696,535.49758332137
680,29.42514979353,13259.97159055156,522.24460142447
681,27.53019641594,13259.97723786738,536.66232547678
682,27.66824233431,13259.99359365872,537.22009080916
683,74.17886841140,13260.00488447202,540.03031349749
684,45.66235286672,13260.01250468747,624.42328413007
685,22.40114784987,13260.01984025354,556.88370477598
686,31.60050461558,13260.04048017303,510.52177603054
687,24.36642386155,13260.05185523374,598.83925850562
688,38.51551897668,13260.06157259158,450.81259152772
689,41.81337224237,13260.07341511732,693.39633473704
690,28.73347957517,13260.08288523822,498.50723906221
691,34.88110766533,13260.08618068070,617.10979033207
692,39.76803885762,13260.09690989933,623.73731729541
693,34.19300002003,13260.10980696360,473.79210638323
694,28.04278623700,13260.11930028486,548.09121731216
695,37.85519573435,13260.13024235514,591.31706043115
696,38.09030259669,13260.13894472991,435.96343986606
697,21.75840575442,13260.15088363653,524.91449266231
698,41.54368826901,13260.15858176589,518.88050017208
699,44.92285490379,13260.16607657214,604.37520099684
700,29.47855379090,13260.18162296670,619.04962960888
701,28.37768472317,13260.18792634142,490.69604042021
702,27.04054491977,13260.20101408839,440.18817956979
703,34.46552213727,13260.20887030405,471.30892674384
704,38.27392771195,13260.21849922693,615.96057301372
705,40.61838529833,13260.22840543386,490.79381693293
706,40.28426614115,13260.23755315208,636.95017437221
707,26.88111969383,13260.24870350696,443.33478333014
708,27.36782224491,13260.26063930293,530.68176255208
709,63.42477416028,13260.26928810407,390.97656596877
710,20.43673483492,13260.28027951406,505.57689820280
711,41.30227011127,13260.29379275459,509.20858445662
712,30.99545526594,13260.30233803126,394.50773888113
713,30.24288186056,13260.31102300025,541.00111740569
714,27.07257498487,13260.31927144601,528.43558218076
715,35.30362715865,13260.33090965044,484.05894788214
716,40.99202455742,13260.33908434099,521.74329370409
717,27.53561261377,13260.34894005892,530.37335520149
718,34.26637416817,13260.36151557356,588.54430385203
719,35.39249892277,13260.37308039081,512.88603587894
720,22.82129897123,13260.38223414940,525.38575729569
721,32.25564343460,13260.39320441052,416.83477670948
722,45.26586462921,13260.40070605136,615.68232280661
723,28.54272390684,13260.40988317754,579.35401980576
724,37.52863064673,13260.42168535349,575.30301388173
725,25.86483651508,13260.43042806870,536.96795992623
726,79.55253989232,13260.44254532192,616.21132430288
727,26.68201080181,13260.44800912408,505.55193843317
728,25.95874389049,13260.45846149635,470.84896777890
729,37.83459004322,13260.46921563802,444.45579770761
730,34.54981939524,13260.48005956424,477.48800389805
731,24.26834754839,13260.48905164689,418.23312845897
732,28.38850495580,13260.50146387209,486.76146191520
733,38.01129738864,13260.51198908369,573.95800390818
734,37.40458580864,13260.51939487167,558.56958188938
735,25.05096343921,13260.52983858559,508.47902309124
736,40.65697007151,13260.53804352997,514.27451274903
737,24.05888829617,13260.54907952460,467.75824961834
738,29.16223211298,13260.56318309101,513.45408009048
739,27.22556207734,13260.57069172501,517.28567946937
740,72.32379556902,13260.58045188734,564.86690090325
741,28.56210857352,13260.58990952512,493.05844050917
742,39.22179839128,13260.60117889632,610.14799148170
743,31.55991721723,13260.60764625373,407.84401256446
744,33.36343367364,13260.62258818628,446.37232044860
745,26.66498074264,13260.62979336742,507.33585885286
746,31.20335544468,13260.64133939930,679.34513418238
747,34.97726391054,13260.65011860819,488.43090932110
748,42.25848647667,13260.66107018662,536.20008240126
749,27.88269282802,13260.67216215276,552.75284876808
750,35.91832152865,13260.68175752065,526.66597726515
751,26.54117730910,13260.68972861059,563.02339367823
752,29.42732074321,13260.69879385927,346.94299481505
753,40.09380068087,13260.70953742610,503.97125987486
754,38.75644745359,13260.72377771726,596.64792462207
755,35.79275045610,13260.72788456367,524.82474391051
756,27.88078250467,13260.73678708759,544.21116361277
757,26.39618001008,13260.74859689868,493.82730958660
758,26.49205498087,13260.76149335159,492.06808177604
759,41.89016162540,13260.77312500723,541.34019068180
760,44.13911184775,13260.78085639026,588.88920236162
761,22.17022754208,13260.78992816721,446.71770688289
762,39.40110392501,13260.80281087800,471.16867430128
763,36.78618469913,13260.81389720822,550.56519884299
764,28.53953992148,13260.82073732675,570.07686344295
765,34.03655270976,13260.83124844919,462.94716790086
766,29.55982013989,13260.84204928173,536.16657490474
767,66.60527462293,13260.84979348996,426.48184827894
768,21.05235796321,13260.86143812711,448.07410597173
769,24.13864862329,13260.87363448757,469.92933664425
770,36.72720267804,13260.88387310406,544.75244987229
771,39.25445146668,13260.88970349361,466.12078515444
772,72.80213855722,13260.89942173917,514.78885858692
773,22.09072730121,13260.90975540271,488.00011634829
774,38.37972134245,13260.92146178536,442.61653874785
775,26.02076149612,13260.92947281400,481.91124690273
776,29.69321496625,13260.94215626237,535.30204547097
777,26.76180209805,13260.94830058676,508.47423986288
778,28.38651777094,13260.96291963480,475.84474770231
779,33.54992271197,13260.97368891534,473.27990183598
780,27.33694183202,13260.98224465969,521.55560920839
781,45.33092122348,13260.99061806961,621.54627725230
782,24.97936529465,13261.00142102467,444.74495488528
783,69.67011147303,13261.00890699355,418.02066883816
784,27.66340705847,13261.01852522030,544.20327347595
785,28.08257313180,13261.03155054531,401.09937222018
786,26.79851421515,13261.04007082627,433.77184717839
787,61.54424856230,13261.04661124651,364.10068468550
788,23.13372134986,13261.05977516228,541.05219501512
789,31.88880440120,13261.07027667441,415.77914070273
790,26.67227766800,13261.08099812153,422.56834878607
791,24.43054798655,13261.09171184446,425.25998812684
792,76.61528906749,13261.10187243021,612.92231253996
793,30.87771458355,13261.10859940990,476.35817971451
794,24.98442674143,13261.12291642895,439.89622602990
795,26.23479012038,13261.12938707799,485.16632274906
796,37.05782499621,13261.13731493645,412.65847475580
797,37.89906734541,13261.15016952578,589.57112545284
798,29.23679308343,13261.15871932584,516.42473002224
799,34.80674388318,13261.17238229582,488.53593080821
800,28.10259976935,13261.18052382872,554.98187752443
801,37.20863919057,13261.18984373463,551.89330734397
802,31.12686285986,13261.19673188373,495.10306265318
803,26.47220333434,13261.20988772287,498.07153349558
804,38.60492304288,13261.22132751115,445.21369145449
805,25.87321438898,13261.22713704338,469.29760313378
806,25.52037269897,13261.23765228548,461.48850605520
807,31.29302515587,13261.25334427232,392.10048134977
808,44.52644685859,13261.25938026080,595.72325798424
809,24.19555660965,13261.27283060947,532.30224541228
810,28.93273644749,13261.28282392264,506.11618323469
811,61.79664479268,13261.29325191143,405.22769923615
812,27.43154884178,13261.30211271033,533.33026499778
813,41.00102093424,13261.31425408294,488.58355263590
814,40.34677247353,13261.31901183043,489.17861891901
815,25.07434483596,13261.32901289266,509.57090142330
816,26.88494197930,13261.34064079471,433.50666357029
817,29.29026375720,13261.34899479787,523.96016671990
818,31.42954558178,13261.35855688858,604.55938014930
819,37.97558456542,13261.37308748413,573.41875210313
820,27.86042103541,13261.38087027247,550.90416277757
821,26.72448360459,13261.39148457835,495.66533087620
822,36.40160709443,13261.39729789724,550.85627234705
823,27.77305362069,13261.41080782615,539.25515787649
824,42.34714521980,13261.42287102168,558.59721019571
825,33.29160190729,13261.42956555854,442.91595600861
826,29.04828633404,13261.44176904602,430.85571432640
827,40.61639824760,13261.44564729805,492.44765769702
828,20.37304600149,13261.45757975351,461.43937276028
829,28.73379594572,13261.46976024424,577.54215075424
830,44.54798202332,13261.48230666177,594.34421088984
831,31.24567680297,13261.49140539714,391.50720818846
832,26.94037903516,13261.50250101671,513.98967325344
833,23.81852994770,13261.51275737160,398.56023796087
834,35.87555182477,13261.52073530439,528.47987895927
835,33.69733344328,13261.53356908008,450.83959490333
836,21.41303263094,13261.54116131362,459.25838540927
837,70.43350802406,13261.55495253882,545.57560718433
838,30.27098785689,13261.56313790724,554.87637286116
839,60.84270700541,13261.56970979812,349.51474197752
840,24.55456150705,13261.57888986744,428.12340884878
841,25.94294443462,13261.59068419406,537.96434580120
842,43.98505109550,13261.59927769642,578.53302113031
843,23.32418706492,13261.60841618415,445.60796819327
844,40.75463825237,13261.62487670396,500.80137919269
845,20.86678766749,13261.63102903139,438.20254101723
846,28.35823251222,13261.64251053583,324.57480649219
847,32.39413569242,13261.65239216742,419.87598714320
848,31.73783183246,13261.65746490260,513.72168728748
849,29.47982321491,13261.67118495878,521.55131361439
850,31.42411072739,13261.67866772035,394.99494696912
851,40.03157909061,13261.68859926438,657.78596641433
852,41.61728963017,13261.69748521255,519.79978087839
853,19.90997769032,13261.70853819264,439.82578286748
854,28.31620127040,13261.72425571604,481.37542159680
855,57.49227395208,13261.73341793641,363.61306710186
856,21.13974814499,13261.73849696795,494.86881645051
857,81.76370701648,13261.75334143771,622.69384093184
858,33.42091502621,13261.76001751491,335.87603915748
859,22.20178114513,13261.76880370400,496.94311756383
860,35.47252058713,13261.77661976414,516.48769584820
861,35.12184341800,13261.78787018747,492.95856353292
862,24.49121590385,13261.80196995108,426.31602820447
863,17.49316099272,13261.81809595046,460.17321913581
864,42.42643225867,13261.83138033720,556.41744268337
865,31.80266265464,13261.84292281171,404.78181161192
866,30.15343689902,13261.84794158352,371.75653731594
867,25.71468497534,13261.85866443390,394.19865612973
868,22.42149320492,13261.86995199903,409.76774082137
869,41.05396910917,13261.87920658657,490.93406714666
870,21.74202925740,13261.88789920058,429.92079731704
871,30.11223754985,13261.90208083743,551.96643166673
872,85.15668472957,13261.91033157039,707.36454946162
873,22.76960937181,13261.92066897900,517.72704426018
874,41.76893555154,13261.93271361415,555.69954467166
875,33.41376220134,13261.94214523185,439.48942452520
876,35.76031844686,13261.94833850959,523.12835933458
877,23.56627226628,13261.95989708157,444.64753582603
878,39.66224437631,13261.96939440477,629.61861035035
879,26.02724541755,13261.98104719855,486.22907040288
880,29.56180122407,13261.98898263803,517.12032258752
881,23.97368156389,13262.00237515905,407.55258658605
882,32.77467679382,13262.01059890016,440.93817984842
883,33.76092696284,13262.02188395781,581.82527982962
884,40.67090023597,13262.02784007062,644.34823940709
885,25.49274502972,13262.04045723732,454.60076510030
886,28.48464187822,13262.05139284267,575.36156263302
887,39.09432993955,13262.06407333966,459.25439073817
888,43.76904248200,13262.06862124247,575.69187140674
889,24.73874369303,13262.08290759466,502.14165439426
890,45.16763281172,13262.08755031085,611.01641127551
891,23.82132934075,13262.09959101210,575.17535717369
892,31.58646002480,13262.11280079935,591.77213889404
893,47.25095402690,13262.12280978913,674.87861272702
894,24.08325015811,13262.12981208415,412.94171964619
895,45.71927852191,13262.14057065891,630.19676405641
896,33.62931603743,13262.14875451402,459.87398031008
897,33.35913506672,13262.15693127649,323.42881424757
898,24.14632317982,13262.16792277462,472.55286005796
899,26.91068163218,13262.18274224825,513.42308291567
900,33.83250013115,13262.19121204660,460.17175277057
901,22.81735979244,13262.20171574145,420.73132600892
902,41.83256873970,13262.21009496859,525.82723547108
903,35.85106554233,13262.21856195692,524.45587489453
904,26.40781606333,13262.22966958558,483.34239519589
905,26.53240528157,13262.24184728539,499.90881984516
906,42.31322649874,13262.25383414093,536.89465541582
907,36.56656475052,13262.26151658360,547.27822843096
908,29.42597547069,13262.26861960484,433.47168653927
909,42.34691833288,13262.27960070370,558.59421735168
910,23.05519837458,13262.28882060764,583.71100067627
911,41.56454666674,13262.30457594658,519.14102147623
912,26.65931146210,13262.30867411621,503.71285757366
913,22.62035969033,13262.31933750417,517.30937718921
914,27.64524669681,13262.32990882360,465.88597836748
915,41.51909302704,13262.34010793632,499.95608551077
916,26.22238028819,13262.35016808499,482.09259593650
917,33.87739663851,13262.36189174057,480.29499123309
918,41.70295908210,13262.37069696674,520.86979199007
919,28.09979136849,13262.38134595838,554.21451528860
920,37.00010529371,13262.38852891439,558.68933811025
921,27.81877771695,13262.39832796055,465.49718605621
922,29.73909947052,13262.41167805427,538.59799873389
923,39.37635319312,13262.42007165931,465.90729411604
924,25.32275752503,13262.42847655333,449.43436153851
925,27.24852076220,13262.44030051598,526.25634687920
926,22.97318942539,13262.45919751085,533.35414693253
927,36.66233209348,13262.47160434551,536.32368139962
928,28.45559803103,13262.48152157599,576.18194549504
929,26.37779762789,13262.49263405560,483.51301718409
930,49.83329275315,13262.49657566710,520.27485069119
931,29.57379737608,13262.51051111479,530.68282069405
932,26.39006251336,13262.52236742298,486.60870914540
933,33.65682396640,13262.53165086007,451.55367777366
934,24.87808712569,13262.53872018545,440.13829140115
935,43.00667734011,13262.54904957233,555.76875353394
936,73.39918317281,13262.55906089498,587.19346538246
937,24.95358275325,13262.57037239591,497.82241241716
938,29.39557917978,13262.58022344224,614.50120659979
939,27.32595393862,13262.59067828424,522.77628070519
940,28.39434879140,13262.59811051054,322.49780865012
941,30.84832651034,13262.60824996530,573.81204237710
942,23.38176948059,13262.62160891525,496.00223267607
943,36.23078666039,13262.63124139325,523.78240665793
944,39.93831716040,13262.63880038038,494.00970048528
945,27.63926412990,13262.65328801376,469.05386623824
946,37.20078214164,13262.65769995234,537.80546865708
947,23.66192626888,13262.66948330566,393.10144277545
948,79.52770907950,13262.67640885877,684.12322124456
949,21.28197258582,13262.68784534547,452.46094353984
950,37.40257266641,13262.69906691704,585.44286510820
951,33.93295006587,13262.70776492149,576.86015111984
952,30.48370709869,13262.72122363456,650.95385220945
953,43.69636933462,13262.73491229228,571.40417438768
954,26.59196362197,13262.73974501582,494.63911605146
955,21.29308610218,13262.75245932239,463.58329830547
956,80.90752717803,13262.75999651464,566.35269024622
957,21.20922699492,13262.77158517667,501.00486107921
958,36.40017745202,13262.78262610998,539.90188189939
959,35.88257580158,13262.79038361123,513.76029961652
960,36.98131297220,13262.80046901218,533.35208062102
961,22.95305025525,13262.80944272142,485.28198468622
962,80.63608795118,13262.81728366512,650.10892487692
963,26.77923034531,13262.83285384047,508.80537656088
964,28.09473257505,13262.83940291334,475.95495328769
965,33.36617319533,13262.85034815923,557.32497012285
966,25.25185063394,13262.85889399240,452.42409672886
967,36.89811102996,13262.86772925831,543.54311666567
968,40.31530938364,13262.87744174914,483.78371260363
969,38.33101287101,13262.88606663935,603.63739433035
970,29.12237656208,13262.89989227016,593.26791494122
971,36.35256541623,13262.90782861438,526.79872113709
972,21.41650311836,13262.92076635986,514.44205850348
973,43.58944670690,13262.92752686839,190.00199320023
974,27.78259770040,13262.93910546696,463.22847529598
975,39.21002658649,13262.95179122971,614.98523680543
976,28.83210564446,13262.95848550259,581.66584786154
977,26.04317409335,13262.96753934187,482.32633401240
978,39.21137442486,13262.97609546176,458.95737072984
979,28.28459846662,13262.98961629607,489.08642857362
980,44.29330526481,13263.00151648107,587.61709715217
981,33.05946864859,13263.00904492749,436.08434197397
982,20.52122769712,13263.02124646741,556.34861180264
983,34.96827636139,13263.03335093154,476.90370664702
984,35.87115514550,13263.03903803284,527.19615954415
985,27.67499937299,13263.04847497949,536.63814805774
986,30.99977555641,13263.05763839815,587.36190236734
987,57.37908766591,13263.06968065742,587.96068630827
988,29.61670538534,13263.07910122161,640.70729926282
989,28.80654882581,13263.09079863787,588.95128210754
990,41.47494675287,13263.10089621659,519.67959328816
991,41.58312748567,13263.11195793734,695.81881091059
992,24.27875632408,13263.11795472346,409.15287418635
993,27.51707418179,13263.13074136635,546.19832696671
994,26.29013590444,13263.14023357063,553.96753800922
995,26.89040184209,13263.15484635646,512.33096449092
996,67.78364781263,13263.16128363920,454.70653281585
997,39.41298822120,13263.17318229988,462.99777795620
998,26.73681436965,13263.18136750223,502.33913509790
999,35.04904802000,13263.18773014587,505.48455916920
1000,20.24759861286,13263.20131321791,532.24617186507
1001,33.75876682882,13263.21003465435,467.77519478710
1002,37.34000268850,13263.21906460454,556.35350971535
1003,28.03910575721,13263.23145946554,471.69076821671
1004,29.32890173493,13263.24114470590,613.10734495593
1005,71.46985216362,13263.25205194798,452.01503374510
1006,28.07775496473,13263.25847752249,490.35690958434
1007,27.22107837705,13263.27017812955,509.25974492720
1008,26.88412747215,13263.28260736155,515.02579134212
1009,37.16785152554,13263.29295157503,563.67837728230
1010,31.81970273688,13263.30213050866,404.99869645061
1011,30.72011303281,13263.31079181661,577.17852237957
1012,24.54685629027,13263.31907318726,480.39144755139
1013,36.93424675039,13263.32873258462,411.28236564956
1014,37.43772628388,13263.33795109006,573.90947638719
1015,27.29324426198,13263.35387631361,528.53140245316
1016,31.46019860912,13263.36194865186,693.55290419055
1017,30.66022874876,13263.36992502958,564.51467963906
1018,69.27091099990,13263.37652859664,522.98390922963
1019,30.79388045568,13263.38686113651,663.32048522017
1020,40.25963709965,13263.40240703914,488.12215865613
1021,28.85945470884,13263.40889028516,591.44282306791
1022,28.06165081152,13263.42101243483,480.33808942919
1023,29.52927650324,13263.42615510194,435.99454266703
1024,29.68714988533,13263.44060232888,528.56467651129
1025,33.35242516870,13263.44868548208,444.97685232473
1026,31.66515570208,13263.46016290856,591.55392644059
1027,21.61901439029,13263.47018919885,529.55553998107
1028,32.74495946578,13263.48284602625,424.42318295520
1029,27.28172219591,13263.48952587304,521.21657070816
1030,34.76353474436,13263.49956041401,496.52259060003
1031,27.93953058114,13263.51123569134,477.43090785530
1032,33.80262858558,13263.52300038720,454.76785679320
1033,24.93032093893,13263.53250292117,435.38933742795
1034,26.57647006058,13263.54244878041,502.14761538268
1035,39.99853156477,13263.55179499762,481.64610084994
1036,67.70382050899,13263.55985045889,449.09633900379
1037,26.69965076359,13263.56568043929,436.27588827454
1038,21.39636850681,13263.58261212428,507.23384836475
1039,44.11240999775,13263.58967109079,581.88265187314
1040,74.40963723331,13263.59995398684,609.06913038172
1041,24.77473328658,13263.60975540302,614.39340555858
1042,29.05268121202,13263.62049943621,590.42025029287
1043,29.26707928062,13263.63123110033,616.69562731588
1044,28.80462461352,13263.63938626135,580.39710375310
1045,32.28457963516,13263.64555935187,316.32298666558
1046,28.05780465269,13263.66218806168,549.10206149542
1047,66.81257468321,13263.66600771478,490.97014912634
1048,29.13477549608,13263.68052965668,501.25363079901
1049,25.16548402307,13263.68893446086,512.65988553602
1050,23.90328338009,13263.70037290054,405.65217049648
1051,30.12714120777,13263.71123676239,554.69949708173
1052,31.35392732348,13263.72199347164,381.43698860195
1053,34.81481446029,13263.72942460355,498.47228379358
1054,42.83470801475,13263.74267089229,550.22178688869
1055,23.01716818023,13263.74974089121,534.87065423336
1056,36.37084505273,13263.76138278285,544.34896421906
1057,31.92060517553,13263.77428881021,612.34337817608
1058,29.97406240766,13263.77656961376,450.60896383818
1059,30.76786183033,13263.79050013190,667.74058022450
1060,41.20316398524,13263.79889552661,499.56181418514
1061,32.03422901147,13263.80717791473,427.38992202429
1062,29.48726066682,13263.82152968837,600.70116928267
1063,27.57279890677,13263.82979636465,541.01738163202
1064,27.90829180604,13263.83962864890,466.16037763541
1065,28.32912295745,13263.85198801321,569.40832435564
1066,79.66733253831,13263.85822974259,685.32430765222
1067,25.66961393313,13263.87110743237,456.31303851010
1068,27.33179149054,13263.88107793859,529.27786632437
1069,40.34550482279,13263.89246185781,487.49658960160
1070,26.05953244384,13263.89816627824,489.61416300043
1071,27.94667967822,13263.91108180161,546.92730287418
1072,31.74698343422,13263.91874075822,412.71078464480
1073,46.35355453102,13263.92668815102,645.63030553570
1074,20.72066452767,13263.94084966124,472.50384972344
1075,29.95779007561,13263.95423644764,537.57332333468
1076,77.33473456594,13263.96153805752,669.73844729026
1077,29.23505278663,13263.96653292547,596.99667157309
1078,39.70433970308,13263.97901279680,489.50797528866
1079,31.68197975825,13263.99029719428,702.74030620840
1080,32.98764981604,13264.00482376918,653.95467799510
1081,39.34521991398,13264.00889813074,633.20138936248
1082,28.84661757245,13264.02134022594,581.24323843006
1083,34.94375449501,13264.03111823926,489.21256293015
1084,27.35611874847,13264.04154068387,539.54699853625
1085,22.85376679030,13264.04967083373,525.63663617679
1086,74.81029535255,13264.05579026285,523.67206746784
1087,27.11082560634,13264.06674123754,521.48714276695
1088,33.39095233184,13264.07956272458,568.62742838517
1089,20.78462486686,13264.09003364836,432.00031542801
1090,35.11401974805,13264.10265904915,630.09855680121
1091,97.74128177633,13264.10876420548,868.74351502563
1092,26.25435133515,13264.11844414913,557.55737352970
1093,70.32873449851,13264.13241798942,492.30114148955
1094,21.86427370628,13264.13993184682,478.52299484219
1095,65.64460451335,13264.14776223062,495.60589564460
1096,23.79161798511,13264.15984296429,505.81673660529
1097,31.03656197723,13264.17088224002,491.71161570682
1098,28.85012673588,13264.18134112553,590.54736601842
1099,35.21085249254,13264.19017444648,482.78688574901
1100,25.16535320558,13264.20042868909,513.27450824692
1101,51.84094300949,13264.21098446105,553.50980517139
1102,30.49231608237,13264.21866640098,655.40749088708
1103,33.28059777776,13264.23073654909,441.51702251026
1104,25.52315449648,13264.23949121176,528.64362024766
1105,44.08923823147,13264.25152861142,599.67847355798
1106,29.22194743697,13264.26358548527,427.48023740275
1107,44.54699127339,13264.26546607778,594.33099263720
1108,33.27073078146,13264.27812353333,454.97040068448
1109,23.86887220785,13264.29057706106,570.86039501042
1110,73.64554163913,13264.30218134863,525.93436469709
1111,30.11228385147,13264.30781755250,544.52468435477
1112,29.21053134228,13264.32053687530,529.02522278802
1113,26.93843264884,13264.32972109939,502.52994482364
1114,43.53128827249,13264.33837606556,580.77982441021
1115,33.62384514763,13264.34744567898,451.11122049016
1116,27.66645487919,13264.35897743553,544.96595996992
1117,28.93978748069,13264.36719115088,426.30969022032
1118,27.86478398803,13264.38050609641,543.89888502597
1119,28.76450852189,13264.39084373323,579.58878690438
1120,31.83321344044,13264.40243748177,609.00523226635
1121,35.11446309799,13264.41409318910,630.10651243146
1122,72.33226932954,13264.41825229095,564.93308308861
1123,24.13090990363,13264.42915922380,588.12131638776
1124,48.47088842139,13264.44277515066,687.19344576051
1125,26.68846119070,13264.44768644714,574.26722335234
1126,33.52491128334,13264.45718332589,561.97991878025
1127,30.13428890096,13264.47079149466,645.60560229376
1128,31.61115815910,13264.48293071574,611.33070407078
1129,67.61391327002,13264.49285278462,400.00930535301
1130,22.57372110953,13264.50322680431,571.07499177220
1131,31.90473420492,13264.51216771395,407.33237846250
1132,38.35906525550,13264.51780208792,588.03333537292
1133,27.23627492931,13264.52717608347,519.63500711276
1134,22.62800266918,13264.54008419448,568.85916625402
1135,74.41383056186,13264.54972673425,609.10345425513
1136,25.49394468345,13264.56100194865,454.62215799089
1137,35.17546683614,13264.57235123482,380.48084794828
1138,28.70538094860,13264.58206035236,569.78554280477
1139,37.23680641619,13264.59098360167,581.65751048770
1140,28.36686903958,13264.59832275667,564.49356648871
1141,38.84754340071,13264.61440699632,603.07605027313
1142,26.43705022767,13264.62045723187,488.90676786188
1143,103.95539894291,13264.62891360412,1080.33619614125
1144,23.19046619666,13264.63955557799,598.02632501285
1145,37.43421085542,13264.65100140296,557.75717978863
1146,43.33362786274,13264.66012726124,590.99189038166
1147,28.12579398713,13264.66963843966,628.91187276389
1148,33.19483361840,13264.68151766118,672.14415222539
1149,69.34088976699,13264.68593018200,490.31413367749
1150,29.59057933397,13264.69941204772,610.74267588423
1151,35.61974963232,13264.70654843201,647.06488552295
1152,21.12622370290,13264.72058967862,580.87511560272
1153,74.52333583672,13264.73261944446,605.43044237907
1154,33.31891977161,13264.73876739853,665.54490117804
1155,33.81470155598,13264.75224420885,572.85737305094
1156,53.38417056159,13264.76077685316,582.35254813496
1157,25.92750568519,13264.76640697934,610.81153462894
1158,25.56295750748,13264.77985794386,586.83553724274
1159,51.12153765125,13264.78818790315,573.83783692809
1160,32.23953631162,13264.80062829936,419.11397205106
1161,41.45481808583,13264.81321672270,679.90956938433
1162,30.30706588107,13264.81950409133,653.53728484198
1163,37.60547261283,13264.82820912475,555.23814922494
1164,28.22560140433,13264.83880286843,573.61200242384
1165,29.47285015677,13264.84889940535,698.07738171349
1166,38.71853720585,13264.85759648386,591.01282028652
1167,44.45037158633,13264.87308008618,609.47278891075
1168,26.41571023275,13264.87950205526,706.34245885202
1169,35.15675918215,13264.89290807331,617.99942904764
1170,29.34816318555,13264.89837608093,696.36209415199
1171,33.79550953879,13264.91889432046,684.30691260890
1172,30.47321026784,13264.93082079760,752.63277357348
1173,39.47378956459,13264.93754489387,777.54348063941
1174,38.52112665145,13264.95090190577,605.40702674211
1175,24.86417208464,13264.95809787209,619.61197551003
1176,31.28080149256,13264.97099589151,686.04153570323
1177,25.20203094464,13264.98921143009,709.69563507278
1178,83.52215638129,13264.99703014367,646.95984140812
1179,29.90493302801,13265.00993874608,635.08390292443
1180,33.62273858024,13265.02070059381,690.69976686395
1181,33.29347545779,13265.03396054126,553.11275543438
1182,28.58723677143,13265.03938884064,572.45897022986
1183,81.02907513088,13265.04799431722,715.62941477564
1184,24.35272108289,13265.05876420753,598.99773756280
1185,35.52936945634,13265.06706887989,492.30938447409
1186,28.66654187188,13265.08076459675,591.67075756040
1187,34.97297240049,13265.08692859587,612.77597957757
1188,45.09039580421,13265.09911034677,589.63343590435
1189,30.05997677898,13265.10919891524,661.31948913748
1190,29.37517179082,13265.11963025996,593.34938513317
1191,42.06414170562,13265.12882899313,706.37705859925
1192,38.54761790536,13265.13774219031,744.47815926605
1193,27.25850141866,13265.15047617405,686.35152825702
1194,29.48889023068,13265.15932536330,692.20419712506
1195,25.52252411803,13265.17980292903,593.08986517375
1196,46.00211170139,13265.19328429561,634.09535039099
1197,39.46687674069,13265.19667853506,624.02611316854
1198,29.01861413577,13265.20769076820,596.82478649155
1199,23.59434777634,13265.21994494425,562.81298629100
1200,27.55177294038,13265.24044120518,606.13900468828
1201,26.61239482068,13265.25337170013,505.63550159283
1202,30.97493948786,13265.26289695319,680.74432883547
1203,36.44404918350,13265.27133015869,528.12444687480
1204,39.62655359440,13265.27953510419,626.55082590525
1205,37.52915311255,13265.28834587015,718.95514556731
1206,41.49489229240,13265.29729244172,516.60724286968
1207,28.69359195577,13265.30764388247,584.53290841456
1208,21.33086081528,13265.32151791864,636.00314382438
1209,34.06475633716,13265.33188242624,593.93932164007
1210,39.37348395146,13265.34066305314,485.42891163208
1211,41.07788622012,13265.35196423329,654.67377755915
1212,41.34160355813,13265.35720537255,701.59027730587
1213,46.21454164411,13265.36857038326,638.69767272210
1214,29.61276766435,13265.38044067295,792.93680597407
1215,31.09594365717,13265.39020953691,687.63531114521
1216,31.79537196861,13265.39802494175,613.24692616226
1217,33.40324503905,13265.41161018232,792.57953963948
1218,93.16166124106,13265.41929438727,768.23073910978
1219,34.10175174751,13265.42889532127,711.24842384939
1220,39.07783407632,13265.44350619214,621.57100187542
1221,25.03167034034,13265.44906721066,759.24815338929
1222,40.61891491897,13265.45782889761,497.47807728498
1223,31.86224629924,13265.47301551944,707.45667743126
1224,73.30888372644,13265.47778976665,591.03511584262
1225,24.29947206562,13265.49048493643,708.86187343545
1226,43.46966941138,13265.50423382057,584.82458971128
1227,30.64269686015,13265.51142129837,649.30710531891
1228,36.76788216939,13265.51792211382,568.41766427000
1229,36.45693685624,13265.52762033163,663.27583181897
1230,32.05210169180,13265.54341176264,616.53448602547
1231,30.33693940414,13265.55301718202,655.58680566015
1232,43.36623861343,13265.56239235615,747.36022337865
1233,42.62093536906,13265.56668703029,727.05869249626
1234,41.34726319159,13265.57963065703,869.27642821942
1235,32.93320156869,13265.59047648004,769.53836031596
1236,28.26032826821,13265.60201136587,568.72813566767
1237,45.29232022234,13265.61446695618,614.37492289858
1238,32.71386488648,13265.61934428931,846.14523779153
1239,34.51811796974,13265.63057820375,859.49420606958
1240,44.56878683383,13265.64068661891,771.95403227906
1241,45.76077867313,13265.64601819619,655.19464075806
1242,28.38913883496,13265.66095058200,641.74525875696
1243,32.66707545130,13265.67154032047,761.92058200720
1244,38.08890900928,13265.67747481490,720.67597868057
1245,50.31237085278,13265.68903899939,753.00661618967
1246,40.79519903414,13265.69741496534,685.06788752227
1247,25.71200005906,13265.71181660683,734.48163270584
1248,42.22317884062,13265.72287096447,698.91797215811
1249,30.24489388323,13265.73226556284,656.39085035497
1250,38.54447037655,13265.73980193560,594.63512744612
1251,43.62016654621,13265.74745880101,588.46821933944
1252,29.78042615028,13265.75894240474,712.24420189133
1253,37.15242813064,13265.76811600342,548.54902760688
1254,29.90122852801,13265.77929468951,626.50031302909
1255,30.73803927046,13265.79104799668,671.32891100983
1256,46.16851683222,13265.79732807322,869.88150974878
1257,24.89763859179,13265.81060130122,684.57188083517
1258,75.40845293249,13265.82286133522,548.98182392919
1259,31.21845671346,13265.83263698813,596.42777806131
1260,42.60443787215,13265.84316850435,724.27544382661
1261,24.61552035490,13265.85164304283,678.15646891987
1262,38.84983971419,13265.86005091477,605.60906625792
1263,40.87533120735,13265.87446222496,666.65647716688
1264,36.14969518693,13265.88234973678,784.54000385764
1265,30.08374555882,13265.88926042385,727.00656129026
1266,42.36843501506,13265.89811913409,728.93411811029
1267,33.33227337829,13265.90999377957,566.64864743101
1268,32.13776410616,13265.92430405786,629.76898827220
1269,29.14410759557,13265.93216825623,595.85268745943
1270,31.38456666348,13265.94334660985,699.67173678312
1271,93.83308428624,13265.95131929105,779.43613706326
1272,45.57866862921,13265.95970096652,641.34871695071
1273,37.07444223715,13265.96911366223,686.62827909151
1274,32.05635550299,13265.97822950553,730.99737525496
1275,25.74610431866,13265.99114570978,669.89364670559
1276,30.32943190236,13266.00201618895,645.52546123484
1277,33.63001807252,13266.00940477892,572.69857125003
1278,40.71018425302,13266.02405580899,667.69666647002
1279,30.68686561108,13266.03200715561,667.39523526053
1280,41.47288604699,13266.04160339264,685.24453711007
1281,34.45514295885,13266.05164164243,728.46353629585
1282,43.86007083159,13266.06294291196,767.23788937057
1283,40.82462147336,13266.06710711919,680.68246762143
1284,39.96166885764,13266.07988840028,784.10456349064
1285,29.89577291798,13266.08724286364,642.58528159616
1286,29.03049187651,13266.09800060802,590.68312643672
1287,26.48208235638,13266.11157519657,560.52003291293
1288,48.09352137643,13266.11904205337,714.96159508257
1289,32.01565800203,13266.12961109220,709.41959194530
1290,36.63866147987,13266.14391056782,548.35727347064
1291,40.54895303618,13266.15325579011,493.29930434257
1292,31.40202348342,13266.16286683783,701.46806937142
1293,34.02812599235,13266.16791345539,703.97934448383
1294,30.82926608596,13266.17896443460,676.84107296052
1295,33.22125514130,13266.19251417557,665.25511577024
1296,87.98482182971,13266.19568844111,692.79317988065
1297,25.59141246684,13266.21139031381,731.93229242555
1298,43.74085926823,13266.21968591751,763.90126633253
1299,32.36482582872,13266.23048799382,733.76135273994
1300,29.53899837531,13266.24157605695,619.61525724213
1301,43.22208971861,13266.25292861994,560.22231181927
1302,35.10588363482,13266.26244023534,751.29871830582
1303,32.78435140158,13266.27086591554,753.32704181007
1304,44.47692159810,13266.27888170885,611.45657970570
1305,41.68128441001,13266.28727314681,694.96589317666
1306,32.40799159039,13266.30259591799,746.08799549994
1307,38.98195591318,13266.30776060010,757.89584457022
1308,32.15511977756,13266.31791417068,616.00347737864
1309,29.68747119533,13266.32948006346,629.76636595497
1310,30.13185529728,13266.34089076984,736.22920078118
1311,29.62348206630,13266.35072703825,702.27023831975
1312,30.60998908839,13266.36762424665,665.01918461049
1313,36.66084910326,13266.37910731458,548.68934741040
1314,33.26929348217,13266.39140418285,657.85769169460
1315,31.98969535789,13266.40015695594,621.95076190661
1316,31.88563464343,13266.41064675826,619.92759038482
1317,26.21712039422,13266.42073504990,549.93495686000
1318,45.75018174927,13266.43257021002,648.62077144378
1319,27.74413098008,13266.44019690790,531.50108843663
1320,34.38079320259,13266.45073904352,495.84685113228
1321,26.55129016106,13266.46218144212,556.94456102508
1322,40.09624751550,13266.47495193795,497.58134609623
1323,28.38472191579,13266.48263977731,572.64022069913
1324,40.74804021423,13266.49134536002,664.58042389617
1325,24.04865896112,13266.50358410720,462.58519128530
1326,36.04618226989,13266.51197126618,519.86543383522
1327,33.79857748528,13266.51976279062,681.86064770714
1328,35.20335903858,13266.52723879549,647.20588131485
1329,29.73093699852,13266.54167620436,628.58260461137
1330,34.91760652768,13266.54817587046,596.67232190010
1331,44.62331367398,13266.56184587334,618.31877188336
1332,24.69834883827,13266.57119558413,610.00421765383
1333,36.85110458903,13266.58263808318,555.21787384857
1334,47.00165139936,13266.59035143024,664.70372862909
1335,36.42191141958,13266.60193756960,672.57376571369
1336,29.08780007718,13266.60782393561,595.41241798038
1337,82.79209269154,13266.62073819175,749.71428571429
1338,22.56054666428,13266.62828264098,661.60510017707
1339,32.07762335813,13266.63918429457,527.08913713201
1340,44.12681464178,13266.64895608712,776.93274408622
1341,23.95668274350,13266.65952035859,579.43485321705
1342,59.62221882166,13266.66724539577,381.76847442651
1343,28.25295366201,13266.67636313588,551.47565479286
1344,23.01707983844,13266.68976425710,590.42286922364
1345,80.75194684732,13266.70225763900,694.65451272759
1346,30.32983841811,13266.71152545173,553.46761403906
1347,36.71237410422,13266.71889505573,538.30907354346
1348,22.49194888494,13266.73057247674,565.88599118450
1349,41.24329770565,13266.74215086140,681.45111514981
1350,35.15468372705,13266.75160989918,493.41949923567
1351,40.98153108279,13266.75885613356,524.81966992667
1352,26.49387123501,13266.77140502475,566.37427761947
1353,30.60511575842,13266.78036124456,565.15973910920
1354,41.21147326905,13266.79266909930,674.66089391152
1355,24.21567691470,13266.80174159883,475.14589154099
1356,69.31084156131,13266.81014616345,480.19959639820
1357,23.66932465679,13266.81912231269,560.11845232659
1358,34.67760676682,13266.82749000204,492.86139536081
1359,27.19833758235,13266.84134126917,524.58253784756
1360,34.60190982498,13266.84843579933,601.31708223526
1361,32.68610478044,13266.86015557344,640.51422712981
1362,28.31117216922,13266.87121562670,569.04751797763
1363,35.61831443282,13266.88141996970,507.48286431774
1364,40.80573058542,13266.88982411228,679.14270861507
1365,22.91807940587,13266.90040751935,579.33350876218
1366,87.26775005003,13266.90602911856,760.78260699647
1367,48.58638145055,13266.91637175470,728.79572175829
1368,26.45325558715,13266.93065914252,490.63480055823
1369,24.40355144053,13266.94085582830,541.84677556926
1370,44.38742824645,13266.95314613025,588.86577960914
1371,42.24924817747,13266.96017874619,732.99706032145
1372,29.45213963688,13266.97168934030,520.22850854927
1373,26.70676178453,13266.98178591884,498.92348374329
1374,32.24838037512,13266.99056519483,523.97416130963
1375,28.13697893345,13266.99678628743,645.92601008573
1376,43.84008508991,13267.00778170246,578.29043962374
1377,22.36598124411,13267.01941501901,501.11778330046
1378,75.22224902956,13267.03057386502,567.91552602190
1379,23.17163905057,13267.03832992834,596.64158396829
1380,68.02160494523,13267.04881164014,451.20428248222
1381,22.42864542102,13267.05953479231,507.99767860838
1382,38.12193531302,13267.06749732880,581.90608762781
1383,29.88595448574,13267.07653719806,457.16719531547
1384,30.92520305014,13267.09130203109,573.57706996545
1385,24.91720990302,13267.10162048302,502.68579767670
1386,44.06469498472,13267.10846449937,579.58057293934
1387,24.19675280113,13267.12035937528,467.94292862327
1388,34.67560868406,13267.12969384368,481.72895144335
1389,29.06025499903,13267.13978548971,607.49140718698
1390,26.46705723321,13267.15244408264,490.17675962347
1391,26.82060133924,13267.16799491490,505.33884963496
1392,24.48763497719,13267.18064479173,545.36552542400
1393,40.95529127745,13267.18998404877,503.26704484475
1394,36.54449529624,13267.19897717036,548.16742944359
1395,26.29917556479,13267.20937830860,484.93283661947
1396,27.58796837233,13267.22060462164,466.55487961119
1397,33.05176327642,13267.23188464286,545.10364440639
1398,25.45700001301,13267.23815215134,517.97332340605
1399,31.30230066193,13267.25046150898,594.74371257673
1400,35.14261954920,13267.26131647067,493.25017043046
1401,27.68508252115,13267.27047127355,625.21719029751
1402,79.41288459306,13267.27817409764,583.56313876659
1403,29.71405476743,13267.28930253467,539.78261062967
1404,28.49330504796,13267.29898158855,657.20164798921
1405,44.47719636673,13267.31069907527,591.73061134780
1406,25.35409114071,13267.32095157770,522.68797907347
1407,28.44263840473,13267.33180279376,646.09254645274
1408,36.07544383029,13267.34166120856,386.86603555820
1409,30.26375368028,13267.34880359321,642.70409120839
1410,34.96628004540,13267.35904267225,499.41837271322
1411,34.08309731765,13267.36836804316,595.23570494656
1412,27.81267410406,13267.37941015107,540.02444851001
1413,31.98950679112,13267.38682177748,625.22916126041
1414,74.18500730273,13267.40185607561,569.82585339900
1415,21.01982733101,13267.40951793461,577.94969903540
1416,77.28710078225,13267.42055353824,593.65348553868
1417,34.64275218105,13267.42739447432,609.94859323550
1418,28.69730947809,13267.43991198719,577.52221287914
1419,30.30843489757,13267.44755149775,550.58006189857
1420,33.99356390095,13267.45997086848,576.88990922545
1421,24.80742057633,13267.46876405025,561.87575435219
1422,25.06459030196,13267.48286563163,577.03020208023
1423,48.92188100900,13267.49520936958,723.97772526470
1424,29.26691945099,13267.50135876645,605.47873764193
1425,34.76231089359,13267.50806157739,472.81854643468
1426,37.05973386880,13267.51678416476,562.03869183356
1427,35.97896382290,13267.52699861807,660.48597814665
1428,28.42297698606,13267.54257882647,567.03660998090
1429,43.26703775203,13267.54905980561,555.77516291475
1430,39.81941510101,13267.55826928464,634.61704832332
1431,21.15956326050,13267.56838453598,497.13717301275
1432,35.81921091987,13267.57889518285,527.64992560426
1433,43.45516324468,13267.58836595846,753.91890478959
1434,32.23175259421,13267.60016498476,626.65689245491
1435,25.58887238561,13267.61043945701,527.52811843168
1436,37.03623804446,13267.62335206749,564.11917128277
1437,75.96990002882,13267.63220714200,573.56016728166
1438,26.88047394219,13267.64091135443,513.55073358459
1439,26.86806033051,13267.64808503801,505.51953843255
1440,32.01680461109,13267.65981605941,618.34720425447
1441,24.27611833224,13267.67010918885,534.07460330923
1442,44.72050054131,13267.68119821358,604.96771803606
1443,41.04196619636,13267.69043332848,669.37421159167
1444,30.49586825663,13267.70164283195,660.43096002553
1445,26.97288209401,13267.71148382328,591.56148727574
1446,39.16137698002,13267.71599619021,609.20805490979
1447,29.19640151796,13267.73061014279,603.31380798241
1448,24.24753463194,13267.74810140924,588.97056979009
1449,58.17795844464,13267.76197728954,377.03626304243
1450,22.41054160446,13267.77053039609,552.13680517427
1451,36.52205493617,13267.78399187864,533.02184365184
1452,43.45995481156,13267.79116077840,568.31265334333
1453,26.70427420509,13267.79704589958,583.84118446057
1454,36.27206405419,13267.81121846167,539.22299783672
1455,23.26592044256,13267.81884772186,600.87364482435
1456,35.44107162904,13267.83020051633,496.17500280654
1457,43.51645496838,13267.83947380342,578.94877837652
1458,28.92949323100,13267.85157895975,594.28812386770
1459,28.36991476424,13267.85959095733,563.84090413293
1460,31.73833977036,13267.87307853006,706.84638843526
1461,29.94114515619,13267.88120123676,455.06600842513
1462,37.98302391392,13267.88903597908,592.09674519606
1463,40.40898522285,13267.90070655225,657.81062091318
1464,25.64127942655,13267.91020025650,595.84948916692
1465,35.90037666529,13267.92252052702,645.20877663074
1466,28.09416154181,13267.93235685987,560.47676247045
1467,35.59760918356,13267.93926082412,507.18785992559
1468,41.86054023949,13267.94926998373,507.53207768958
1469,27.17647029284,13267.96144209940,605.24873121589
1470,39.84144371697,13267.96788971192,618.50553241351
1471,67.17264602003,13267.97615814275,455.58705114752
1472,24.58872053506,13267.98965939272,610.27599442519
1473,35.75641507720,13268.00184150621,524.29196267181
1474,27.50682676911,13268.00949049863,537.61598583201
1475,27.05687152129,13268.02264890967,577.77666897601
1476,22.57209265913,13268.03720423860,565.65502073587
1477,29.75588983877,13268.04881686248,551.08679186975
1478,38.92567101011,13268.06256483090,603.03390224848
1479,46.64877045711,13268.06897619245,654.74669428462
1480,26.85865650489,13268.08340631608,583.51937980241
1481,35.76141864054,13268.09015514306,639.71970441656
1482,38.50193209423,13268.09904842504,458.80347214074
1483,29.55975461275,13268.10956087467,612.96411794605
1484,40.19395842364,13268.11904997076,645.61056976357
1485,21.56550324326,13268.12987992131,516.22247429505
1486,81.00241520339,13268.13802961984,672.85659508244
1487,23.03336341442,13268.14834152625,529.26639637846
1488,26.44745834786,13268.16125523298,568.46656939045
1489,75.06196423849,13268.17232160354,551.59053442602
1490,29.86940567690,13268.17826847723,545.88330812920
1491,41.59600453439,13268.19171009107,687.27878837511
1492,25.56299325415,13268.19978736245,724.38504896336
1493,38.77784671472,13268.21125175819,591.91814064821
1494,29.20819992230,13268.22008608496,604.96944254968
1495,26.58481681701,13268.23227763980,500.89632883844
1496,31.31348272051,13268.24234032793,687.47180628889
1497,37.81818571414,13268.25269480961,727.44732672710
1498,77.83059986305,13268.25926730113,617.76123488586
1499,29.01539499117,13268.27037933306,598.16769158804
1500,31.09173936560,13268.27858174713,576.66585847589
1501,29.30886902500,13268.29187085620,701.57866089252
1502,26.57969118154,13268.30092386979,565.09198583444
1503,30.53825714725,13268.32030556734,657.81419064235
1504,25.70133359933,13268.33084996032,666.75025559175
1505,36.28046517722,13268.35086112867,672.90238578531
1506,29.18273438475,13268.36150235181,680.02659395854
1507,29.61193034516,13268.36946415624,538.74185340641
1508,28.36307749598,13268.37944491792,641.15613413356
1509,42.42233286954,13268.39179882328,726.15337053921
1510,39.23049014058,13268.40131263117,614.05429921474
1511,35.04774152695,13268.40805759709,506.67932156660
1512,31.56560144506,13268.42195395665,696.59210716489
1513,36.02946150980,13268.43200856058,777.76917980570
1514,36.36328888531,13268.44016504261,806.57676575127
1515,32.28506784046,13268.44993645961,633.47877478509
1516,44.05379486608,13268.46028421883,774.39504402444
1517,31.68450455994,13268.46817487912,712.72530583651
1518,30.77350025816,13268.48171471281,750.64635434589
1519,86.85562457465,13268.48788880716,810.13533330049
1520,29.07453940263,13268.50226749524,601.49874825425
1521,30.93240491167,13268.51035439980,677.69503712019
1522,34.50849102387,13268.52216854712,704.68332766880
1523,34.92946112640,13268.53271979925,744.25166011220
1524,31.00996260749,13268.54077499202,681.51404107576
1525,32.36105567734,13268.54727772817,633.31834420239
1526,33.16033412938,13268.56357030912,767.00075056743
1527,34.01234143022,13268.57386072320,704.47433561744
1528,55.58309011089,13268.58105142424,923.41564537977
1529,44.71855511277,13268.59058415554,619.63847597109
1530,24.39018247036,13268.59887599955,654.45727184821
1531,47.64228754967,13268.60995096085,706.64932169525
1532,96.26109101869,13268.62018080457,805.37806965900
1533,22.80559532198,13268.62830090660,583.66286637367
1534,29.53522136282,13268.64308487694,611.74281369540
1535,84.98851048756,13268.64984606780,731.09881117547
1536,30.70914195794,13268.65973586278,657.20433740592
1537,37.43902898517,13268.67184635811,586.01349675697
1538,22.85296859275,13268.67963859389,574.96906336463
1539,29.78823797400,13268.69184354834,631.20144612992
1540,46.36045642993,13268.70268953284,642.38932798984
1541,31.96621103274,13268.71464613635,714.78620852317
1542,34.77827178516,13268.72195288735,740.21366464564
1543,47.85200564503,13268.73252999108,683.46334695247
1544,32.30941818941,13268.74130868435,741.71053078011
1545,42.84064975080,13268.75155868287,734.56412497132
1546,32.87589176248,13268.76086651920,660.79724629275
1547,33.13820735149,13268.77187917924,537.41141301780
1548,28.78399601379,13268.78092078216,595.48793988736
1549,28.17263552368,13268.79146317297,634.35366943184
1550,38.34711456986,13268.80469968425,456.95860841918
1551,32.73880283865,13268.81355204683,654.77605677300
1552,37.59591053217,13268.81938998501,693.23433712746
1553,38.05965745742,13268.83038511840,582.20080816805
1554,29.18769008316,13268.83892165007,604.54463629713
1555,42.08153168110,13268.84698262254,721.54796149415
1556,29.27625373670,13268.86105960958,607.79082187944
1557,29.74271494104,13268.86874472620,711.34228094542
1558,33.21895759449,13268.88315554676,771.22372787355
1559,71.53021284621,13268.88939081375,549.43399024779
1560,32.59335467617,13268.90326351577,637.86452522840
1561,31.95760214441,13268.91127352815,716.02146900763
1562,60.32038379649,13268.92168840485,758.21546727443
1563,27.62787599475,13268.92685999315,764.64857385458
1564,94.90215781992,13268.93950023232,972.45773876408
1565,27.89078630206,13268.95033539491,779.44643509817
1566,39.50350118527,13268.95822430815,624.60519648303
1567,38.34434815539,13268.96840380363,747.46895151268
1568,24.37384004459,13268.97867466697,600.50731524375
1569,44.53533615318,13268.98665560498,597.50423423583
1570,35.26362991606,13269.00058729124,493.69081882488
1571,41.47878200925,13269.01067900873,690.34451680373
1572,24.02639097610,13269.01956665520,647.82207884997
1573,29.83375144449,13269.03016941191,711.02035691183
1574,36.63401341898,13269.04112887553,817.52147844118
1575,39.12116896264,13269.05206599324,750.47414135942
1576,30.45251751432,13269.06055223916,659.49213867062
1577,43.28259998318,13269.07241673117,764.52314544867
1578,43.10703994562,13269.08311664549,745.39040171522
1579,47.62668519796,13269.08808008585,708.02157635978
1580,32.28648833054,13269.09862470112,736.95279920912
1581,42.02280897110,13269.10872823443,708.18096456011
1582,41.45408566925,13269.11786966929,859.61021633620
1583,26.26532354571,13269.12784074110,689.43347412358
1584,36.74343978466,13269.14091534783,824.06942954218
1585,44.63448386754,13269.15006298235,812.05325976207
1586,26.98416018229,13269.16258602973,664.27088589719
1587,46.76994627893,13269.17457218404,658.11147933833
1588,41.26183987629,13269.17854147374,678.00121393222
1589,30.08431501253,13269.19094544032,643.83245683657
1590,38.35796539881,13269.19701226579,588.01647488916
1591,25.78274630214,13269.20963306162,737.85517253406
1592,41.27245232868,13269.22309690803,679.43031434534
1593,45.99415243263,13269.22614606996,637.31367091513
1594,32.87522370489,13269.23976772078,767.47982503616
1595,73.27040866299,13269.25205799824,533.41662669907
1596,24.53698420953,13269.26059766394,668.37952304159
1597,40.94161711453,13269.26858113347,670.24315826673
1598,32.94108911950,13269.28126679219,761.21718199875
1599,28.97558488609,13269.28902783605,594.52929507782
1600,46.24696498034,13269.29649731658,635.79065305315
1601,76.73651766633,13269.30999258050,668.97345157351
1602,23.81255733600,13269.31818769111,685.61972566707
1603,42.74672210303,13269.33220336477,532.19239832582
1604,29.33989293256,13269.33897264650,618.92571944925
1605,83.37150035950,13269.35083754992,697.53601702969
1606,25.90842843405,13269.36024455037,604.28319947991
1607,32.18874490019,13269.36961569364,724.78304078707
1608,31.87824995734,13269.37714417957,722.02652779222
1609,36.20340134279,13269.39174012330,774.78662295145
1610,43.57680496333,13269.39857077976,778.30662333621
1611,33.26648451764,13269.40728614055,677.68981233855
1612,35.34415709767,13269.41811957847,748.92926166918
1613,31.00936270273,13269.42711783042,584.26116096013
1614,37.70852175191,13269.44251312513,711.48296545060
1615,30.36593476618,13269.44668745093,654.10225295422
1616,33.48455980157,13269.46012171487,674.69518488918
1617,32.21377487839,13269.47224535742,621.31678924097
1618,34.16911123773,13269.47931234045,712.65331740445
1619,47.02079173259,13269.48845449287,668.29101500935
1620,29.79053908246,13269.49939728436,716.83242860434
1621,29.64647883563,13269.51174132608,616.90326250005
1622,44.52304577936,13269.52150328664,790.20567305181
1623,45.36403645752,13269.52827842737,821.57764308665
1624,33.79526024309,13269.53772933180,709.70046510486
1625,25.45188399632,13269.54828316423,649.39722645261
1626,43.25483104087,13269.56215089895,742.92612046584
1627,26.79219800860,13269.57031685259,581.45859931396
1628,76.87969380111,13269.58169902721,590.52413313786
1629,35.41269189024,13269.58887087860,752.88415682947
1630,54.77391361599,13269.60200848969,629.30435632626
1631,25.07229596537,13269.60783687602,633.78876288476
1632,29.79090822319,13269.62263876835,719.31318494830
1633,42.59865416376,13269.62941754268,710.26150364830
1634,40.39816491053,13269.64267501353,851.24215549593
1635,26.66062930399,13269.65088083203,779.56701278762
1636,52.29139831997,13269.65800784540,848.02397310560
1637,35.21300001920,13269.67321116519,746.15009300293
1638,37.47256850644,13269.68070508830,853.68399871026
1639,96.05253999138,13269.69062165875,926.29715038322
1640,25.46244884987,13269.69999148971,719.73655238856
1641,45.58797433311,13269.71246290872,834.39693208442
1642,43.22744769821,13269.71883298441,763.54896186454
1643,41.81002196017,13269.72942410405,702.10966240288
1644,28.87949322651,13269.73718688223,674.81680509966
1645,38.46639848134,13269.75305220616,738.91538532786
1646,25.82518125185,13269.75986952472,674.42795829008
1647,46.50198060923,13269.76732561618,864.98684001619
1648,42.07902897458,13269.77815101405,723.95498832133
1649,33.02588154996,13269.78950550717,766.02960938707
1650,35.91513481015,13269.80233737163,645.47401297281
1651,30.51079690684,13269.81133394867,751.70579206853
1652,43.98289207723,13269.81883494142,778.13679451897
1653,33.63024881595,13269.82883157795,802.20656850691
1654,58.18092922507,13269.83970607978,700.59116194575
1655,31.62624297571,13269.84639818957,703.63948592691
1656,30.97184276859,13269.86088267329,776.15215514422
1657,33.04422783024,13269.86901492284,765.74249796221
1658,32.91451127195,13269.88304887640,756.31788792752
1659,90.97223821349,13269.89069045025,905.16234147889
1660,39.55623789282,13269.89843128293,786.16467913047
1661,31.52344550743,13269.90841676585,703.47448645745
1662,45.21754106408,13269.92070143416,797.42002243688
1663,25.18933165633,13269.93143377230,773.93171097467
1664,31.91448039684,13269.94450118203,714.34274935714
1665,38.50216149881,13269.95177379637,743.60025023528
1666,85.79006982156,13269.95719093244,727.95288155153
1667,32.77162274175,13269.97109661878,652.96995725658
1668,88.58764312434,13269.97785325437,792.35196797007
1669,25.55588991540,13269.98874975622,790.58210102747
1670,46.01896989440,13269.99843368356,639.31596171018
1671,46.15169057426,13270.00842219422,869.56447875709
1672,30.81062385651,13270.01895131992,769.03218393781
1673,25.56061869551,13270.03096832519,784.09046648928
1674,54.50872205827,13270.04286892298,894.00951333557
1675,34.64046075114,13270.04829079096,730.74132007704
1676,56.05317550742,13270.06381569919,944.62490417535
1677,29.61116999581,13270.07182711543,709.43320828043
1678,30.87695178634,13270.08197368520,671.52933645101
1679,33.22546186293,13270.09163318554,780.62160259291
1680,42.22256273601,13270.10085823164,890.68593666820
1681,100.59319703438,13270.10665878097,1000.88967307595
1682,36.87617815891,13270.11789993666,965.14194458199
1683,28.29275213557,13270.12917302794,889.31100607372
1684,43.82862736725,13270.14261340605,961.23684151596
1685,35.14912336909,13270.14875146223,877.32099271719
1686,36.09526046017,13270.16249528818,791.63086417703
1687,36.33305387786,13270.17033059002,794.35722716902
1688,35.10466363939,13270.18149072417,862.03216747894
1689,40.40524086141,13270.19017544955,831.99483133324
1690,92.41564844718,13270.19814452469,852.03017940831
1691,31.91570880280,13270.21041502529,724.98554032936
1692,39.16929958644,13270.22083197029,765.55692113334
1693,43.56650902236,13270.22787040538,795.01418597131
1694,23.28393831723,13270.23883168240,754.12646880679
1695,75.53339554980,13270.25254502941,631.95772724906
1696,36.55412317730,13270.26208732521,801.69450922811
1697,37.68778607274,13270.26741708404,862.71285535218
1698,36.53900840129,13270.27887309845,816.21962016357
1699,36.02702656449,13270.28621270016,781.04732394825
1700,45.99669950707,13270.29604761374,632.35007162786
1701,27.22634902705,13270.30995618529,675.19149878064
1702,55.29968076985,13270.32056402174,917.04146070018
1703,33.48360285378,13270.33005611816,796.60017549541
1704,33.61194506735,13270.34133799811,798.94681358275
1705,29.94636482249,13270.35080126848,718.71275573972
1706,109.63658081662,13270.35811489379,1210.97561580956
1707,39.85107870572,13270.36681233087,795.02652324039
1708,33.87410928579,13270.37670568760,814.38882100961
1709,32.82318919145,13270.38997795274,872.13381690006
1710,48.64132180350,13270.40130378074,946.94547509025
1711,43.01020652805,13270.41126781841,942.30641273467
1712,36.55808675789,13270.42221844511,937.05729054324
1713,33.75402920642,13270.43150211737,911.98364897480
1714,48.67999421237,13270.44103625569,730.19991318551
1715,30.28892026276,13270.45006922966,735.09156491751
1716,32.29300988651,13270.46093004780,844.57180006846
1717,41.06072651295,13270.47099525474,688.30320103704
1718,44.41835323400,13270.48125761347,771.90868074799
1719,31.31110512904,13270.48947986572,794.58677061390
1720,45.55516234122,13270.49909680705,1057.62566524697
1721,37.49857493403,13270.51126324768,985.00698182174
1722,41.73250740772,13270.52003158097,888.22620151873
1723,40.07084159436,13270.53025076878,963.36836985352
1724,66.37486963007,13270.54211465930,919.71717236031
1725,26.11163536709,13270.55138154559,955.48607240878
1726,49.37638654272,13270.56159470049,730.70379293907
1727,98.41755367292,13270.57291650373,1069.08828202987
1728,43.84086885738,13270.57946105087,962.50428518824
1729,34.35901437249,13270.58734412064,836.69667628653
1730,34.97947193656,13270.59811348662,980.67368536674
1731,33.41593294744,13270.60877625266,903.46696903673
1732,36.23440546123,13270.62363888960,918.09718076070
1733,100.14360327881,13270.62904644613,1097.01821011308
1734,28.11560636998,13270.64228534490,791.74266399547
1735,80.49559304357,13270.64900915379,643.96474434855
1736,36.23221962109,13270.65995042881,932.23184616289
1737,41.18187505330,13270.67132195861,1034.47689754940
1738,56.88857953827,13270.67715597944,973.77562671874
1739,36.54158570399,13270.69039961203,1067.23953513480
1740,34.05278399500,13270.70085019693,939.38787858554
1741,41.39162640907,13270.71054585562,873.15731564859
1742,60.16702886327,13270.71887813116,1084.67653829413
1743,34.70387297186,13270.73124036963,963.61851072896
1744,39.15232049388,13270.74260340430,781.08634069621
1745,36.41591023842,13270.74590980394,929.85443702605
1746,36.92003274820,13270.75951178538,966.28972902436
1747,47.05952081225,13270.77239087274,866.45766843379
1748,30.94770217618,13270.78054735328,774.92947374642
1749,85.94646599620,13270.78903381438,810.81733857507
1750,38.57906232517,13270.79918537215,894.00265927480
1751,36.61927743105,13270.80782113803,805.62410348319
1752,36.72039348063,13270.81840624656,808.68278034449
1753,38.78904694418,13270.83069315082,903.87635128971
1754,34.12790147267,13270.83881387357,835.95944600026
1755,29.27067806601,13270.85007835259,952.53460699139
1756,43.62237466993,13270.87298141253,950.72761431741
1757,30.57715136887,13270.87805905369,1038.72342924050
1758,48.43069937477,13270.89130077621,934.09750176178
1759,52.50606372025,13270.89881262952,1131.01522602988
1760,35.41748043135,13270.91269464263,1004.88323982658
1761,49.65509284567,13270.91758305602,1009.11072999776
1762,36.38760561410,13270.93009471787,927.70555539605
1763,100.13125390136,13270.93865368895,996.29339693589
1764,28.26688970328,13270.94803168275,974.28551233977
1765,49.72090229018,13270.96094866980,991.92888533949
1766,50.15638266345,13270.97147474052,1004.38078012027
1767,37.41650938132,13270.97970136243,979.28376601662
1768,43.80520537771,13270.98760765865,787.27594518892
1769,28.13944730410,13271.00077769065,880.00469754392
1770,43.22028699799,13271.01106145478,933.99830204557
1771,46.09209184155,13271.02278681907,847.39279820599
1772,57.72411098018,13271.02654524577,1035.82213834300
1773,42.55127570745,13271.04188976421,1069.72248394488
1774,40.58326870163,13271.05107663024,1016.20375169781
1775,40.11870159946,13271.05890795830,967.85068419231
1776,38.73843793189,13271.06856119398,1065.13094476327
1777,35.59283222847,13271.08209756368,1014.86393719245
1778,53.43048288613,13271.09371935224,856.55580137634
1779,49.44961990184,13271.10153211375,1001.27848896243
1780,37.59190270452,13271.11096238266,1130.88540082377
1781,34.01453683736,13271.11941938523,935.86348267728
1782,49.26986081562,13271.12692586667,973.00178934478
1783,95.42961872886,13271.14354252716,1005.41342069403
1784,37.43806980568,13271.14835126951,982.70476225777
1785,36.17125713862,13271.16019987025,1045.21790498203
1786,35.43825954205,13271.17185543133,892.31257514406
1787,29.62564662346,13271.17958651616,711.01551896306
1788,49.38751723278,13271.19284942887,975.32531741120
1789,55.20246217380,13271.19725512776,913.76333994842
1790,90.21369790681,13271.20691510131,816.91977928176
1791,27.94235209527,13271.21845737742,874.28757555117
1792,43.44061243569,13271.23141661046,939.76413344655
1793,39.44412400085,13271.23881148325,1092.39573884898
1794,42.12215335741,13271.25153167862,1064.78271887481
1795,30.16716140117,13271.25954003922,1018.56059946624
1796,107.36518779768,13271.27292277301,1161.33206941307
1797,42.48764853620,13271.28194341962,1081.55895827820
1798,36.89766028781,13271.28893819454,967.11294529085
1799,41.90249966042,13271.29974590825,878.95424808585
1800,123.15083195451,13271.30847840947,1513.30275856301
1801,29.32542903143,13271.31932951659,955.21705174176
1802,43.94360527697,13271.32687672589,792.20461027428
1803,34.69492323023,13271.33901655401,962.11968575891
1804,43.91668177313,13271.35132309116,789.27942134704
1805,50.33013232006,13271.35831311420,990.11024582639
1806,55.23038290226,13271.37250795538,942.15975391613
1807,28.40507555137,13271.37932057976,976.57294186720
1808,46.74663070821,13271.38988997702,894.31570411150
1809,42.71625820241,13271.39853517190,914.16784639650
1810,53.48943423550,13271.40884294530,860.83097637221
1811,34.39043956568,13271.41686706961,957.38931917934
1812,46.16743197995,13271.43093207535,848.77790979778
1813,31.94228318490,13271.43912797209,930.17332680226
1814,43.08203370533,13271.45210110449,1114.31828005156
1815,45.95081778233,13271.45859645508,1057.86726817615
1816,73.18926134748,13271.47111700038,1114.78561641639
1817,30.96912956354,13271.47733031738,960.04301646968
1818,38.81456553724,13271.48721733199,1054.44251972765
1819,98.08944141965,13271.50090435349,956.05761291447
1820,31.03223748460,13271.50996728195,1059.64981197020
1821,100.06049328636,13271.52009047586,1105.20427190573
1822,40.29978279689,13271.52824375434,991.24359193556
1823,34.73769101990,13271.54195176427,1084.68405444140
1824,36.68371334877,13271.55258990506,1090.68520909950
1825,88.31590170012,13271.56090634752,774.96889225895
1826,36.51215714062,13271.56855138867,947.20727279103
1827,44.02471137686,13271.57885409567,969.54369562741
1828,55.25548906859,13271.59023254693,912.97051251014
1829,35.28752333357,13271.59922782371,1010.48088971243
1830,49.42336852212,13271.61149670988,953.24341091831
1831,30.58500163221,13271.62176179922,850.90091046366
1832,36.58437205426,13271.62946732084,816.41368603481
1833,108.73167736698,13271.63975563045,1155.83358487426
1834,37.84577842691,13271.64806872758,1163.41148471980
1835,38.46906183300,13271.65758527489,1035.81118973274
1836,50.20383706425,13271.66812520129,1032.54049958185
1837,35.11800689565,13271.68007910730,987.68418889004
1838,33.64796659192,13271.69099040992,917.17715967967
1839,50.15314187323,13271.70078510225,1025.38340800807
1840,44.19272311501,13271.70696847900,785.58702975368
1841,44.85397687406,13271.72034813420,1005.96980990176
1842,34.53839907755,13271.72919210238,833.94321708358
1843,47.55627318166,13271.73769345154,906.06869506192
1844,32.69557739572,13271.75080075419,876.70494564100
1845,38.81766039982,13271.75925574989,903.70981588800
1846,95.46864154980,13271.77164767600,905.69505725864
1847,29.72004859579,13271.77990247640,980.76160366092
1848,97.11284679463,13271.78950479438,946.53894594625
1849,39.49662932529,13271.79861179974,779.99593200421
1850,36.74358414516,13271.80865073110,823.25310194848
1851,39.02830207118,13271.82249262870,914.46235080788
1852,28.74605651006,13271.83007801977,916.72431672927
1853,48.71169879586,13271.84035145645,952.06139877592
1854,52.62631653810,13271.85127527340,1132.38333441756
1855,39.36648839629,13271.86019760947,1102.26167509603
1856,46.31076491306,13271.87020415992,1047.89298918265
1857,52.72470915672,13271.87584688711,835.31648724949
1858,31.10358240531,13271.89152490802,782.55030939540
1859,46.29151044014,13271.90094712593,859.82664467685
1860,55.20057489823,13271.90947849535,913.73209997897
1861,36.79335217250,13271.91748472384,826.82775465337
1862,28.41654934847,13271.92978862086,895.00853328855
1863,74.72302463951,13271.93738569139,512.27524762574
1864,36.74661563130,13271.94998532001,970.83417983070
1865,43.84309621563,13271.96005972969,943.39096387064
1866,42.03571202959,13271.96922270648,1096.15725987081
1867,47.59535310556,13271.98113428864,1132.32936139605
1868,34.21887185227,13271.99131333089,948.30119401303
1869,39.56163498293,13271.99988415502,938.70348241607
1870,33.03080178705,13272.01009524584,993.12366576006
1871,49.15200401780,13272.02150901409,966.93373407896
1872,44.72217088775,13272.02995784472,819.77093334351
1873,54.76474221302,13272.04155256609,1198.58490648209
1874,50.07451605066,13272.04677870145,1028.66268550610
1875,38.43390152765,13272.06023521758,1034.86446953778
1876,45.55049783722,13272.06875999236,1058.49791721001
1877,56.10174698036,13272.07861632993,943.77746425330
1878,31.40659289601,13272.09140560610,887.75722345211
1879,37.75941761170,13272.09983568915,1012.48764516486
1880,46.50181708752,13272.11076750731,862.48022203399
1881,35.56419010645,13272.12021634522,1025.21141941446
1882,35.22221918030,13272.13038753512,991.86669775740
1883,58.51900798911,13272.14206912426,1064.66003587333
1884,39.48242504991,13272.15373384062,920.88048463138
1885,34.36971497802,13272.15972948682,837.66265331343
1886,39.96295054441,13272.17111547291,974.80114005262
1887,99.75380919852,13272.18114549266,992.53786956056
1888,34.43482630253,13272.19278474718,959.86113211826
1889,52.63052722557,13272.20177715296,1106.49346995376
1890,49.11413018673,13272.20691696387,992.05680072853
1891,37.16315273132,13272.22190309526,966.95638292040
1892,40.11968503231,13272.22977427278,819.26715178712
1893,33.61891370067,13272.24196216862,790.58076197332
1894,37.96785994519,13272.24740412352,867.46381997334
1895,38.93632535840,13272.25949018253,923.86637261556
1896,38.18236910171,13272.27098286520,727.47183561254
1897,39.76100214079,13272.28133353417,1124.61096962114
1898,47.68814873574,13272.28948598046,911.08080234001
1899,51.15630462745,13272.30006292290,1069.39927009075
1900,45.11646208748,13272.31023897513,794.35728542022
1901,34.19069366331,13272.31851681032,946.28574247671
1902,34.14658826951,13272.33015171688,828.01076103105
1903,46.59150855716,13272.34513186119,653.94298521921
1904,27.76736527887,13272.35216093197,840.39296895531
1905,37.54898225990,13272.35734415880,874.17385528554
1906,34.96104860443,13272.37393667873,854.22369842691
1907,111.06900028136,13272.37886328772,1369.35060126033
1908,38.00571388811,13272.38841609742,1011.26627354346
1909,33.63899528470,13272.40070308096,803.12000482224
1910,40.88324873537,13272.41147961984,1004.76354253310
1911,42.97426601633,13272.42404254176,919.68945473800
1912,84.01669668889,13272.43062471973,779.13879234453
1913,33.61855349774,13272.44014120390,791.28677175935
1914,47.51742020731,13272.44722911192,926.28504511311
1915,26.04790441484,13272.45925543277,887.54197063219
1916,48.32757646446,13272.46918242452,937.10647593808
1917,44.57712441644,13272.48112848800,794.92400061506
1918,37.45424194476,13272.49067643809,856.54829714407
1919,89.32519007381,13272.49918986638,803.92671066425
1920,28.63837689237,13272.51102049321,828.04042385661
1921,43.34121763455,13272.51752800580,750.69191004938
1922,33.27269543935,13272.53059806590,885.95385524080
1923,47.23060280376,13272.54208479078,913.39638745245
1924,32.74998330156,13272.54996314647,763.15191383832
1925,58.04860171357,13272.55938531604,971.33889299878
1926,36.72032059339,13272.56729683712,834.12534031302
1927,36.34454487192,13272.57866918380,926.60771757286
1928,34.04017355601,13272.59121748922,811.98479883959
1929,46.42809737076,13272.59843779126,667.98399881440
1930,25.20952668302,13272.61143472076,635.76007253532
1931,33.57007608663,13272.62145646776,674.75017852446
1932,44.68043540526,13272.63395835385,838.27927352243
1933,43.47163243255,13272.63716449386,749.17654756821
1934,40.02116168359,13272.65228896461,807.39656097812
1935,47.32215813610,13272.66033340445,920.04790850744
1936,31.87047295092,13272.66811534051,710.50428705211
1937,40.18265844140,13272.67663377146,824.47921901950
1938,47.78738380244,13272.68697985794,682.54036242491
1939,30.34379397670,13272.69922399825,737.04819476828
1940,24.15580431043,13272.71201093091,706.32497054152
1941,47.21364311920,13272.71779599408,689.06043608169
1942,31.54039644169,13272.73102139638,697.46364863335
1943,87.67955653473,13272.74095137000,840.99276235871
1944,25.15257829217,13272.74880679706,702.47328198298
1945,34.36632515374,13272.75671135878,579.15160579815
1946,32.54008671009,13272.76670580200,539.61629131507
1947,37.80731533856,13272.78102679543,572.12849808585
1948,36.76162502300,13272.78603730893,689.70922145842
1949,42.55140058237,13272.79652090605,541.59091021405
1950,81.83608694573,13272.80824114129,674.83766092896
1951,26.91736384989,13272.82016985513,732.23146115437
1952,27.61072471969,13272.83130096433,685.83617414099
1953,31.63807193661,13272.84044408095,621.58948833154
1954,32.69463579615,13272.84736203768,640.68140021352
1955,49.34587687831,13272.85965609059,733.57919806970
1956,28.82740415203,13272.87259320568,664.90768565038
1957,39.09679486131,13272.88043223478,625.54871778104
1958,26.69890047707,13272.89274582987,577.58552801145
1959,33.83081865219,13272.89845539367,457.65483193553
1960,34.97985093120,13272.90684730014,489.71791303685
1961,35.96842770535,13272.92165653548,517.49555829999
1962,28.30951677723,13272.93049389176,569.01424501042
1963,33.66077887770,13272.94304312026,566.26194804780
1964,29.31922098175,13272.95245537270,610.09346768903
1965,35.72765883700,13272.96248532121,650.98892554558
1966,39.89803323066,13272.96974306641,637.12049817690
1967,25.91429596646,13272.97712206853,604.42005267679
1968,43.85169591432,13272.98865605558,593.21474688756
1969,26.36235280422,13272.99814759442,626.07119083310
1970,49.63233207380,13273.00869687068,741.16877316822
1971,40.38495751093,13273.01806887341,668.48999493320
1972,35.20073589096,13273.03037109166,618.77246904241
1973,30.00530867822,13273.03951742503,541.75995323887
1974,22.11693374115,13273.05104155767,542.65419226467
1975,45.23104847214,13273.06234132814,633.23467860999
1976,38.32540250998,13273.06840036656,588.76600504978
1977,22.56582108464,13273.07981740960,564.59666315550
1978,36.06559177936,13273.09362811571,652.17919293659
1979,40.01385344259,13273.09935354202,638.96999864460
1980,43.27458419198,13273.10818247076,582.19998651230
1981,32.46039548151,13273.12061484171,631.93645816272
1982,33.42978920672,13273.12921800504,681.01658177937
1983,33.53355048026,13273.14276485978,674.84968560710
1984,30.63431852505,13273.15252764737,657.03293440091
1985,33.83342234420,13273.15736060530,584.05542487108
1986,35.26738905402,13273.16912748780,756.40122693999
1987,37.10786640042,13273.17990752738,828.92694530162
1988,34.30517615456,13273.18949944278,717.13409729632
1989,70.44052452998,13273.19906000287,498.08972565487
1990,28.30884282175,13273.20952367406,649.25453104524
1991,28.90318744400,13273.22095312286,663.51546086796
1992,40.87821216792,13273.22904202486,694.92960685456
1993,49.62029031821,13273.23705697717,712.18514553470
1994,28.98830451370,13273.25186215703,773.50444122069
1995,28.25334676025,13273.26330074861,639.30025873252
1996,27.20665793628,13273.28014189234,604.08584024002
1997,30.02918125196,13273.29040436696,715.67798676833
1998,47.32831784804,13273.30198432507,692.35360145632
1999,27.00431536344,13273.31044687183,657.04335059624
2000,44.38455654512,13273.31977429479,610.18677016520
2001,31.34413929478,13273.33403290758,490.61338311538
2002,32.58377534298,13273.33885833099,743.73850144290
2003,58.59520117417,13273.35110653761,379.74030498084
2004,26.87196915752,13273.35857387574,577.59108337816
2005,45.97796962532,13273.37056944771,655.08523052047
2006,30.82903427097,13273.38110970084,560.88511854093
2007,29.58738724328,13273.38869907328,629.73193360291
2008,28.75958309202,13273.40260937263,662.09532425644
2009,28.77125337943,13273.41278233713,661.11306983030
2010,44.44294027372,13273.42127799573,792.53115457709
2011,40.66952560555,13273.43056396180,676.87580596122
2012,35.79023729896,13273.43936082472,654.09045452135
2013,23.45732715058,13273.45085800456,604.90802692449
2014,74.43677402653,13273.46043370053,613.82136348321
2015,34.46302082486,13273.47176955849,723.72343732213
2016,30.73207448148,13273.48077514144,568.33569082177
2017,32.72644191935,13273.48671100492,759.08415895540
2018,41.41028474155,13273.50243082276,686.71188474751
2019,29.75570463160,13273.50915273004,715.99422745796
2020,39.09697968137,13273.52020942074,766.14120562646
2021,30.72331128612,13273.52990212977,566.50986855524
2022,58.81324923910,13273.54406975933,760.03467932200
2023,32.15858150187,13273.54930433536,713.31184428173
2024,27.72763943477,13273.55972485622,623.71782581883
2025,39.64082688530,13273.57177557972,615.39112167158
2026,26.61665291843,13273.57896691710,578.87395739520
2027,62.99791678894,13273.59146502559,398.43380979762
2028,29.37708257832,13273.60338585495,690.83006476988
2029,38.88090416851,13273.61324840508,443.31051438569
2030,26.11372492486,13273.61897470668,624.54946325016
2031,43.80587836890,13273.63109332105,576.17637185418
2032,22.93045457961,13273.64223102043,636.29429147620
2033,35.92542854960,13273.65250448787,658.52398280907
2034,75.87848085872,13273.65770582180,577.87329383762
2035,31.58103606549,13273.67194369608,597.54124405862
2036,39.02197300394,13273.67893716013,778.48591643899
2037,32.07620782727,13273.68902620859,720.10907973966
2038,87.98091265110,13273.70357172671,772.02937528368
2039,22.22426462986,13273.70904200063,601.28855873325
2040,28.01193816300,13273.71894688515,637.54088187149
2041,52.15814768405,13273.73064099042,813.06505635705
2042,34.25700471009,13273.74189887012,588.38337812485
2043,90.77553084681,13273.75114754225,822.00739293671
2044,28.95360980729,13273.76256797362,671.57397078037
2045,35.96476390473,13273.76693839340,528.57192171754
2046,30.03627631104,13273.77891444027,634.32747142649
2047,28.46169294506,13273.78827720588,499.50068399559
2048,89.11020613383,13273.79912110588,792.02883668455
2049,23.73179351329,13273.80867784725,675.00163029136
2050,36.08394024554,13273.81951019732,665.35498257618
2051,34.83101668488,13273.82924538736,609.29394821427
2052,32.55891833081,13273.83959029231,754.49629453190
2053,36.50032828335,13273.84971108023,675.99553986981
2054,48.43845183630,13273.85686755268,703.60915502773
2055,26.87358110045,13273.87012588751,729.55709795503
2056,35.07217875097,13273.88302018396,615.51423905598
2057,29.04146494335,13273.89335105064,600.81449852009
2058,33.07012253078,13273.90136566747,553.36899188179
2059,44.22613194951,13273.90976467223,782.44014715410
2060,28.57461141343,13273.92145506852,654.10275242703
2061,91.93874577545,13273.92826322079,877.03973724309
2062,24.49308070072,13273.93895482560,663.57718136157
2063,32.91320770334,13273.94985826606,545.80380299513
2064,76.93984650956,13273.95736454842,629.77978589447
2065,30.67279177362,13273.96976706882,657.14264146480
2066,46.88100766032,13273.97731547126,878.31539700488
2067,62.65909791254,13273.99030051814,795.05482247794
2068,25.77736864848,13273.99729140297,670.21158486048
2069,32.84801098814,13274.00985310693,767.54774244255
2070,35.06753394436,13274.02349813018,737.25268132903
2071,31.56839458568,13274.02891916628,711.51547885656
2072,39.40773054341,13274.03803621751,615.56842940975
2073,37.23090307258,13274.04869931908,567.08422065430
2074,27.44583267150,13274.05980465427,601.30806654777
2075,32.92865670122,13274.06925931412,765.19283410079
2076,37.93818835739,13274.08208394401,718.82605877001
2077,82.44089341355,13274.09282217374,684.80549250931
2078,37.38786674243,13274.10121706739,848.46572026702
2079,24.00173466234,13274.11077822479,692.73181047627
2080,76.43639234724,13274.12006236566,648.58429629805
2081,44.76184617368,13274.13161881669,799.47213612949
2082,29.00313039281,13274.13894933946,679.56506925224
2083,41.72228691015,13274.15132215030,711.72889816187
2084,46.73610089268,13274.15637306116,875.60056958319
2085,24.04190961228,13274.17073877570,704.22688991322
2086,45.97228164314,13274.17905921505,621.90149890808
2087,37.05919322660,13274.18984501123,823.68173373441
2088,30.94393438373,13274.20185959918,776.06992614448
2089,39.84444416351,13274.21073410380,627.47093415815
2090,42.12160404905,13274.22509742912,699.77664267640
2091,43.65956458857,13274.23102715036,793.11537711804
2092,39.31292563119,13274.23849872483,620.34750285558
2093,39.26361571088,13274.24693768917,628.21785137401
2094,32.17534537335,13274.25980155707,829.10065271349
2095,36.02261474443,13274.26760910393,661.28730254675
2096,33.89080754943,13274.28050497643,689.57592058452
2097,40.31787048337,13274.29006025582,814.38106410206
2098,32.54984490923,13274.30179840657,741.53661910658
2099,68.29917456261,13274.30838097989,468.23555029375
2100,23.55425109747,13274.32079202633,671.19284020867
2101,41.70890833851,13274.33253324798,720.00739188391
2102,38.69823403514,13274.34381778246,605.72317338231
2103,50.30088302421,13274.34904906715,746.08266516749
2104,34.38017159862,13274.35776210199,706.25943961238
2105,26.22723346997,13274.37008996742,493.46245300207
2106,33.52212763472,13274.37864922580,567.90085649923
2107,30.25624011800,13274.38977101848,546.29063834319
2108,33.86933009881,13274.40289647577,587.61091542279
2109,81.05463855545,13274.40807120979,633.05696450843
2110,25.68394923124,13274.42018424906,729.17089216388
2111,43.47866697910,13274.42847797120,763.04750870584
2112,32.45394748002,13274.44077163848,848.78086430619
2113,77.83850919110,13274.44779842287,665.05251405870
2114,25.82737187072,13274.46136955069,734.15184757706
2115,76.78475876812,13274.46929566622,609.46012854158
2116,38.01000563908,13274.48150934427,883.27271297645
2117,113.84675548450,13274.49249223284,1293.05057972647
2118,29.09639537247,13274.50062337817,678.01469117820
2119,51.43238592217,13274.50854869206,771.48578883257
2120,35.31355972702,13274.51927081013,763.94910188948
2121,27.13708407357,13274.53079204513,820.86875856893
2122,38.95803179655,13274.54431318642,759.43184799909
2123,40.68854438535,13274.55334774550,652.28698788107
2124,31.10438559374,13274.56337537102,790.56555126315
2125,31.36985487442,13274.57019155183,698.63984014776
2126,81.98815665855,13274.57848027936,737.89340992695
2127,32.87828120693,13274.58968947542,744.67673888587
2128,38.97648709267,13274.60252524710,615.03859226482
2129,30.31695576720,13274.61157358411,833.02697692062
2130,49.38407969838,13274.62300655080,727.47292052786
2131,33.27070572127,13274.63467885192,788.03125636384
2132,53.61945736896,13274.63557054359,579.98310871901
2133,48.10595177295,13274.64538948063,713.52657351772
2134,29.99175286791,13274.66075886063,809.22173400470
2135,32.22206603844,13274.67108090481,840.86628461008
2136,86.51634388999,13274.67808076434,754.23199996214
2137,27.51348361182,13274.69212175516,839.95020053974
2138,95.08108494929,13274.70366324226,902.01837251918
2139,55.48990969458,13274.71171090934,920.19605053811
2140,31.79068337281,13274.71865881455,814.23878091609
2141,46.71501930247,13274.73315971967,882.65429877697
2142,50.10710973941,13274.74233026340,993.33474793237
2143,36.94073127150,13274.74854188872,689.12040613512
2144,36.03927097103,13274.76071743519,949.41422054521
2145,31.64847576222,13274.77022601353,782.30013232903
2146,51.21532223438,13274.78272635313,808.16415328904
2147,36.30277372928,13274.78692740763,804.41573069888
2148,35.58818695448,13274.79910010850,885.42379253533
2149,29.54738000696,13274.81649138032,699.21863001094
2150,51.83002478612,13274.82549675720,827.65912347964
2151,31.69652923078,13274.83889053236,614.61850520816
2152,25.17419964716,13274.85197146050,699.00915072111
2153,89.40357267752,13274.85834403235,779.40227698562
2154,32.11588076408,13274.87149115177,731.65023390561
2155,45.86853105278,13274.88076630181,840.78406226326
2156,30.82200853338,13274.89311108028,684.35965072881
2157,37.18032787789,13274.90328115593,675.41419718977
2158,44.08852032924,13274.91369438116,799.69332782404
2159,30.29915050899,13274.92115143289,835.28993552563
2160,34.61487021840,13274.93028358804,721.95035805996
2161,38.65877701231,13274.94287618695,756.56718033075
2162,31.79756586371,13274.95306520506,708.87893313601
2163,32.63575695145,13274.97004622062,648.62284076237
2164,34.79663906536,13274.98236972585,727.40790581137
2165,88.43934270968,13274.99037082083,795.95408438714
2166,28.14248330321,13274.99883258855,878.29800349492
2167,37.41509816757,13275.01224022470,714.81444681431
2168,35.36608864750,13275.02028924569,982.64281132267
2169,47.03309082656,13275.03346392514,916.84372737450
2170,36.49117444327,13275.04109101802,803.63475468693
2171,67.40854406013,13275.04919861318,981.48321646824
2172,31.57469179921,13275.06015672210,897.52137527172
2173,46.34475009470,13275.07249589076,858.31678326807
2174,49.79557433805,13275.07795502619,990.91941779745
2175,40.79048494073,13275.08957009342,832.96527354324
2176,40.16678161629,13275.09973593638,969.01059902823
2177,38.51169255941,13275.10952041171,893.27204675799
2178,35.80632524610,13275.12154624451,791.79760141764
2179,42.48697516411,13275.13162263092,918.15129927717
2180,45.70796992389,13275.14264686591,837.84092815591
2181,34.58142167674,13275.15148679681,945.78765821840
2182,100.70747075225,13275.16442280422,1031.94449456263
2183,36.02903592406,13275.17147273588,931.19550846439
2184,44.20767537676,13275.18193516497,982.56468984765
2185,50.72025498214,13275.19052472996,789.02199731039
2186,58.90769726617,13275.19958373629,1037.17703750749
2187,31.74859896007,13275.21186298077,918.51720156512
2188,41.88520102146,13275.22165627529,689.51743089547
2189,33.83932530016,13275.23026693039,924.87277653053
2190,46.54882109575,13275.24136002838,864.60597798333
2191,47.36479263627,13275.24982624852,920.87681792863
2192,44.76150217925,13275.26011883955,800.71809318245
2193,45.50636754792,13275.26840405174,835.38586129765
2194,33.37561930144,13275.27980739895,899.28560851695
2195,31.70608894460,13275.28914607051,913.44356323489
2196,41.93083905059,13275.30449192189,1056.62386510722
2197,106.81410635737,13275.31071182325,1236.46267411026
2198,44.11475297286,13275.31912322166,976.52168466955
2199,42.47083123087,13275.32737448271,1081.13085957530
2200,40.02236203355,13275.34280339834,977.07037607121
2201,41.33908390088,13275.35190047108,1014.28287690080
2202,90.30729811383,13275.36124636924,875.56174008825
2203,46.00170937786,13275.36806825487,1061.03518572409
2204,28.67880209949,13275.38126379561,914.57954415637
2205,92.44232316561,13275.38992491103,831.98090849051
2206,38.07499558289,13275.39833848012,887.23726912820
2207,42.94233301967,13275.41362833868,922.01099122752
2208,47.14927276342,13275.42020936642,910.60370796008
2209,44.40027986164,13275.42964707940,791.77041045353
2210,41.33253153474,13275.44004295684,862.05829323516
2211,28.15966592809,13275.45069541715,880.18665584217
2212,45.81183515578,13275.46092891223,864.37597696903
2213,54.79980300600,13275.46943073139,871.64422650670
2214,28.78510142508,13275.48376617691,830.28927326049
2215,44.28078036134,13275.50209954978,805.61818848289
2216,44.04769726995,13275.50792121347,786.71702885890
2217,43.79179155751,13275.51705945384,939.22929234316
2218,54.44281437379,13275.52811002145,919.10048989632
2219,35.78942440710,13275.53908922218,1024.85314923699
2220,35.07390888521,13275.54706025139,869.09720853051
2221,40.40292081230,13275.56114864374,838.78643311699
2222,44.26204353372,13275.56953571918,764.08133882374
2223,52.49275388574,13275.57810429460,854.52012310115
2224,39.59279419030,13275.58874721618,956.80310484888
2225,34.92760730594,13275.59805074566,854.12105451537
2226,50.48176124540,13275.61200705760,1041.93181209451
2227,36.70971568856,13275.62189547817,944.51751469686
2228,90.46355309503,13275.63144663588,745.98156935897
2229,40.10229179395,13275.64022234471,818.91197180904
2230,40.19710075080,13275.64993892183,984.62385978695
2231,40.58874418037,13275.65979865529,1006.56812228266
2232,37.28358795221,13275.67220402668,832.85226743067
2233,42.62447531436,13275.67657224373,927.02109400225
2234,31.79135423302,13275.68781968600,807.40026106028
2235,26.74104756982,13275.71204342708,800.89325864477
2236,93.52680756389,13275.71923694218,793.60127821386
2237,37.94038089505,13275.72774433607,734.71231677644
2238,53.84013809610,13275.74086204220,896.07848442382
2239,30.22493955161,13275.75169269677,822.76260575924
2240,42.65549038429,13275.76290308362,1109.86274474310
2241,104.10558525337,13275.76744102897,1091.86858957672
2242,32.54240070350,13275.77839537666,851.71613394942
2243,52.20730354875,13275.79162242690,805.41505165462
2244,46.07367341120,13275.80291756387,1073.62534257057
2245,100.16929080650,13275.81022406768,1045.79809880006
2246,36.66409299643,13275.82018013875,946.18936072920
2247,37.56516253329,13275.83023399511,1137.54854707478
2248,45.67136461565,13275.84083769480,854.43299389098
2249,41.88856195312,13275.84779668085,893.51356354430
2250,57.03891077109,13275.86407449395,947.60155465202
2251,37.21769346129,13275.86936284662,1106.56157922445
2252,39.96898950387,13275.88300204820,1135.42887862797
2253,42.86356753446,13275.90075059443,938.11498071044
2254,39.59163016705,13275.90837519451,1091.46592079460
2255,91.09665947863,13275.91970056706,1022.55746654598
2256,35.68033159585,13275.92986227077,1004.76726050977
2257,49.24909243019,13275.94017556335,975.08228229083
2258,37.77521966355,13275.95089369811,1152.60855558437
2259,63.38856547249,13275.95982520565,1196.01306131113
2260,41.27819806948,13275.96774182468,852.97178998705
2261,45.63190962934,13275.98058758357,848.80258425711
2262,50.24206641765,13275.98750017763,1023.50870721021
2263,27.71864194374,13276.00053004857,929.29821747095
2264,47.86360380810,13276.01184791783,940.37060982715
2265,44.24031917398,13276.02238990398,773.88951874829
2266,55.96115788041,13276.03330373704,957.90072505226
2267,44.73874289787,13276.03981096476,1017.25316171259
2268,33.48587714164,13276.05114219344,899.14412687190
2269,35.50045327721,13276.06228362718,1019.67288915718
2270,47.72662689328,13276.06810320902,908.06100625955
2271,51.36260048490,13276.07776974271,1082.27714911011
2272,52.00975779465,13276.09325652241,1113.05742299450
2273,53.61477012007,13276.09876687092,1118.22468902149
2274,44.69866893975,13276.11006958837,1022.22249809290
2275,56.44107791695,13276.12237612722,947.80687270804
2276,29.52278807831,13276.12891426410,1055.41386685121
2277,55.36165527662,13276.13913681856,892.67986842513
2278,91.33694665652,13276.14694871212,1072.96617830473
2279,38.67376971029,13276.15744840441,1181.92507080886
2280,53.28982780245,13276.16901733059,1141.69647366171
2281,47.19730512911,13276.18209187855,1090.65609452042
2282,39.75044344701,13276.18810989414,1134.10738995326
2283,49.62465389048,13276.20159693185,990.00873579597
2284,38.64243064333,13276.20806791323,1054.73309291421
2285,41.14210278497,13276.22327463745,1021.94863251930
2286,63.10283127500,13276.22987377355,1226.85926048592
2287,52.98436522560,13276.23789927643,1131.43642729591
2288,44.92453786069,13276.24844915216,1022.46511179325
2289,41.63647169686,13276.25975301530,1219.60041622736
2290,53.54238362741,13276.26754372156,1168.15689784570
2291,92.97656760225,13276.27889964568,862.22921696395
2292,43.53475749119,13276.28783641988,1326.91769790748
2293,37.58035270494,13276.29871843621,1150.35172279338
2294,60.61013746506,13276.30888342388,1099.36832008311
2295,37.50199921834,13276.32079053678,1273.96449595746
2296,36.82891886000,13276.33110124924,1086.29704041994
2297,53.25056107911,13276.34292453720,1159.34677684620
2298,56.33741225724,13276.35186206000,959.39156018493
2299,46.01285471283,13276.36302105125,1078.11565082526
2300,56.90550535989,13276.37309123398,1287.62459925846
2301,52.72802124847,13276.37979926546,1145.54584111502
2302,50.19900574770,13276.38566590601,1263.97866789300
2303,66.58356751852,13276.39887151382,1321.64607842505
2304,37.26873272844,13276.40974017078,1124.87383207921
2305,40.00947500536,13276.42017843544,1135.16970652609
2306,52.46372336913,13276.43166510199,1059.71526650272
2307,38.55312286703,13276.44007147951,1212.43288749912
2308,41.43863192606,13276.45302597869,877.09051797688
2309,56.25236034696,13276.46271440899,1262.86235769407
2310,55.79933473719,13276.46844770123,1278.52337580665
2311,37.67804079209,13276.48017845391,1134.10276901375
2312,55.42078541078,13276.48892823955,1267.42865173988
2313,34.84166151725,13276.50390383014,1094.05036355754
2314,56.88364193760,13276.51428454533,1313.26085291735
2315,66.03190921294,13276.51882921751,1278.70242350000
2316,45.78332526014,13276.53011539451,1256.33315347587
2317,65.23438881477,13276.54089410142,1316.05428155631
2318,38.34061144820,13276.55001360157,1173.62358939718
2319,54.47683039562,13276.55848733948,1219.35649013186
2320,58.91116861103,13276.57055444267,1045.56952085543
2321,45.16765416294,13276.57985292694,1246.00522621114
2322,70.35652436529,13276.58801304466,1492.48726438236
2323,42.15793930031,13276.60141107704,1430.88790848496
2324,57.32311109031,13276.60959223688,1318.43155507721
2325,58.99697747744,13276.61979016004,1043.76308088154
2326,40.92933098561,13276.63007366046,1524.85791708015
2327,54.30971397866,13276.64265601327,1207.09371882525
2328,43.23835687286,13276.65032476925,1310.77134129280
2329,46.31498255406,13276.65735912146,1096.99067390727
2330,46.00195285987,13276.67304236420,1053.03283209354
2331,62.85895670379,13276.67944002673,1194.32017737205
2332,54.81431754465,13276.68689973358,1170.51351551182
2333,29.92099825452,13276.70032652270,1001.79505841713
2334,99.73343764851,13276.71180774316,982.26044548448
2335,53.39053097201,13276.72248963845,1148.82726866587
2336,43.12244800359,13276.73185379231,1316.47120224433
2337,49.60394336880,13276.74148876870,1237.11876753649
2338,44.93671911300,13276.75075796958,1411.75695897727
2339,120.20502594345,13276.76218503763,1585.61319293180
2340,45.15506734642,13276.76656601876,1018.74475433898
2341,46.10037218628,13276.77947692622,1275.90640167562
2342,35.60363876779,13276.79032134442,1277.27278736528
2343,114.02822594806,13276.80034966237,1310.08457486440
2344,39.86006144236,13276.80881686971,968.19752836456
2345,42.81357067186,13276.82005541777,1086.48662250675
2346,40.58311188262,13276.83119389508,1016.19982495493
2347,138.92525153211,13276.84029331048,1925.00475286321
2348,39.43331348356,13276.84991539390,1234.45797338227
2349,55.06894388432,13276.85728319888,1264.18914009804
2350,46.27490433539,13276.87123474881,1505.17973809841
2351,38.29525419040,13276.87988082287,1329.34736795038
2352,51.99995303734,13276.89304675337,1083.29768775463
2353,68.36354484608,13276.90000044744,1389.31140173829
2354,41.39021682983,13276.90705716397,1051.18113650652
2355,46.69565892099,13276.92069471166,1311.64107875183
2356,47.61625079444,13276.93253191871,1377.58347962820
2357,63.25606715158,13276.93925044274,1213.46176354526
2358,38.51398501796,13276.94970363374,1200.74721935483
2359,58.19143789304,13276.95788705537,1347.22918837743
2360,67.31323521270,13276.96522566476,1369.62172033285
2361,47.58306895739,13276.97894796485,1377.44560773794
2362,65.73758071821,13276.98826434699,1288.18823747714
2363,57.23321084138,13276.99775926097,1347.10979302373
2364,55.63832891176,13277.00828419779,1545.90473614652
2365,35.42323690289,13277.02050740243,1392.81356677796
2366,125.93531269386,13277.03192104189,1597.93998019680
2367,49.24004074070,13277.03993480088,1453.20699976946
2368,51.40655603150,13277.04833786600,1328.63821788226
2369,43.01215013140,13277.06202977816,1494.32405659682
2370,57.51805244106,13277.06952546386,1660.07103916010
2371,67.05138465590,13277.08183829490,1380.67251371640
2372,41.29895351294,13277.09074509630,1365.99059148410
2373,58.87672090443,13277.10421689403,1397.00452142795
2374,39.57207018162,13277.11004670798,1277.38740618266
2375,113.86277607748,13277.11852246263,1293.23253868474
2376,42.91378538348,13277.12906992692,1107.47502092629
2377,47.65094041134,13277.14221981263,1369.49830698769
2378,66.11497155752,13277.14937398460,1348.48612044967
2379,56.73620353836,13277.15885180540,1277.50983304119
2380,32.28246199541,13277.16998788083,1159.02580961473
2381,127.15078285197,13277.18112756234,1577.89971902517
2382,54.13807976730,13277.19247359186,1154.80470851353
2383,41.18982031510,13277.20220836234,1206.51726607321
2384,38.18827702636,13277.21363596271,1307.91364437027
2385,78.75590601566,13277.21665574532,1274.77570414366
2386,45.38709471798,13277.23232083316,1488.80740286519
2387,54.58147713979,13277.23665016850,1464.57471836304
2388,47.29584336197,13277.24999196356,1588.46453836180
2389,52.68776016887,13277.25994630157,1366.83870599110
2390,74.13920838129,13277.26757628145,1716.44676864752
2391,59.68129141955,13277.27703897361,1413.57756137691
2392,54.63008834222,13277.29083595537,1517.89088486596
2393,49.41287197488,13277.29712092598,1492.23600952639
2394,53.38671612557,13277.31020970880,1681.46969256143
2395,47.54636733378,13277.32127021234,1605.35012790597
2396,59.66595234859,13277.32937489561,1810.74123661026
2397,70.49363068882,13277.34406537797,1497.05635746579
2398,47.06705199861,13277.35155431874,1794.11304792068
2399,68.09720564360,13277.35802640848,1852.44426857737
2400,65.01138331218,13277.36850239409,1732.28195502813
2401,39.36277134640,13277.38077408833,1706.72909507309
2402,122.23607580514,13277.39192305670,1607.76455785217
2403,58.63176542893,13277.39875882037,1728.39443534883
2404,56.03025950653,13277.40865949549,1878.47660031590
2405,60.98905005782,13277.42270211794,1880.79788383408
2406,64.31918442285,13277.42951865271,1682.16495018091
2407,65.46346107183,13277.44007216086,1730.76279429530
2408,45.48075373716,13277.44996011254,1657.39754420710
2409,62.42774060907,13277.46017740838,1579.31079602283
2410,57.08904310004,13277.46839195577,1621.77100281041
2411,50.45889097018,13277.48029117730,1556.06580635943
2412,47.32714894959,13277.49170430507,1366.76348689131
2413,45.63359119285,13277.49969119176,1250.56023785845
2414,121.54474120184,13277.50976355779,1473.65167008079
2415,35.56845531648,13277.52114344267,1526.96004206591
2416,44.57087215281,13277.54110804060,1608.87884122254
2417,71.25090524022,13277.55260801939,1585.23256694014
2418,38.53039573206,13277.56302525342,1619.65212173492
2419,91.62304390037,13277.56588086672,1750.45579588643
2420,65.32241147840,13277.58085306080,1743.01933960698
2421,57.87684621962,13277.59006166538,1712.99821704995
2422,46.66021594383,13277.59664555865,1732.72195170029
2423,76.36522344152,13277.60914519229,1766.33273562227
2424,40.77333833560,13277.61988538059,1513.01502600039
2425,39.90243397826,13277.64044351611,1754.79998720965
2426,122.15717304499,13277.64999872915,1569.13729891508
2427,51.41971887802,13277.65898188394,1617.06636447296
2428,55.00004359951,13277.67104618269,1819.16333702260
2429,68.46028769460,13277.68361007640,1374.33068417498
2430,47.50854996197,13277.69050317141,1844.28656001993
2431,52.87510853386,13277.70256237637,1955.66435672778
2432,62.48445104419,13277.71075428392,1989.71528491044
2433,61.56513510257,13277.71822563920,1511.79704778754
2434,74.41874449441,13277.72844672677,1674.00826260050
2435,64.63770201980,13277.73852196759,2129.12312626692
2436,58.30718215750,13277.74840317226,2009.69556388106
2437,53.18089877888,13277.75843150232,1727.35619796588
2438,57.72341735519,13277.77025552081,2017.84423022189
2439,80.56385579226,13277.78068127028,1955.23017381793
2440,46.83136367927,13277.78746364948,1778.97551093831
2441,69.55162466183,13277.80362588479,1934.98569856723
2442,76.91618696015,13277.80789518558,2418.88873628091
2443,43.85584528551,13277.82636262523,2136.81952522598
2444,62.65688864062,13277.84342700335,1960.46986575828
2445,70.11635244044,13277.84987182135,1979.46795755913
2446,45.92785888828,13277.85973043564,1911.39366971106
2447,70.86532851408,13277.87320030083,1519.89197026888
2448,46.71125158957,13277.88162165595,1740.89519610277
2449,64.12764172421,13277.89095607265,1697.86938767644
2450,78.74987065662,13277.89940120797,1853.55181722889
2451,58.42355710472,13277.90641782557,1742.94225436300
2452,36.81494196796,13277.92270300017,1627.37035318074
2453,120.70408864075,13277.93324760737,1728.21954276413
2454,49.61288073450,13277.93883562078,1728.63693493395
2455,66.23263381436,13277.95333696356,1752.35077749595
2456,62.41167277896,13277.96312991293,1552.78435737960
2457,65.11082497135,13277.96825520897,1712.79838675978
2458,58.68278537293,13277.97936584936,1775.09363378382
2459,83.04262311799,13277.99068166570,2008.53309501626
2460,41.66477962729,13277.99925437214,1575.56784106186
2461,53.95373392964,13278.01079972507,1783.74014576430
2462,60.79899145626,13278.02270934173,1832.05834098835
2463,67.00483669245,13278.03010095760,1816.56031637639
2464,44.91258668401,13278.03929426609,1606.21375481220
2465,124.54572264307,13278.04694302559,1752.51366091102
2466,53.21514362475,13278.06150827896,1696.21966006151
2467,41.50038637336,13278.07021871488,1551.13766332505
2468,66.28796060276,13278.08145040491,1363.34208617246
2469,112.76348001180,13278.09166998393,1381.06493824718
2470,46.42975613211,13278.10172746117,1727.28677416627
2471,63.10824964536,13278.10996174216,1621.28028865417
2472,56.52875065647,13278.11899423154,1607.84303260045
2473,52.55670605890,13278.13102413404,1662.81976146339
2474,50.89787121444,13278.14087835007,1577.01286056743
2475,50.60882900859,13278.15136707887,1530.02802794253
2476,55.99884961650,13278.16438739061,1572.95974009350
2477,60.43164185518,13278.17069149233,1497.43706682774
2478,42.37595361851,13278.18095807816,1615.85240079128
2479,69.80405434803,13278.19262144638,1464.22219676718
2480,62.57260983994,13278.20221962652,1213.32792138818
2481,53.76045831642,13278.20734538087,1469.34325402839
2482,45.14948206228,13278.22156589112,1429.17902375903
2483,52.50817837844,13278.23416390659,1404.04159111635
2484,59.43370995817,13278.24184948305,1410.22054661583
2485,44.84155815908,13278.25144304154,1609.93059504283
2486,53.75714875928,13278.26242313381,1185.09826038421
2487,55.61540899288,13278.27053131083,1260.88853225282
2488,57.19561092229,13278.28346797184,1320.46321621486
2489,49.58860150469,13278.29310318905,1497.54292494813
2490,50.30019544269,13278.29873994462,1492.99250227372
2491,40.43329263156,13278.30728066197,1325.69415383298
2492,42.97124037764,13278.32867722587,1494.75692823523
2493,41.92802713843,13278.34017881289,1420.61164987478
2494,61.71570214748,13278.34866640592,1490.14987862874
2495,43.14253593573,13278.36134647082,1508.13865851645
2496,99.68563110800,13278.37339771668,1082.86312885296
2497,48.86361603087,13278.37969600970,1192.91289333329
2498,35.04173143926,13278.39012800940,1363.47912876692
2499,113.87936325010,13278.40020946298,1194.37683800688
2500,64.95340732244,13278.40566215257,1267.83993145224
2501,42.30402228991,13278.42006069888,1445.78289954797
2502,42.86541390224,13278.43202565373,1302.99577402451
2503,133.67896672518,13278.43870851257,1818.23052355076
2504,45.34734559794,13278.44973060163,1646.92669293912
2505,71.99534466541,13278.46200590611,1557.49744071512
2506,52.69062653172,13278.47032557223,1661.21771949342
2507,48.80466684210,13278.48182819174,1718.58966216632
2508,59.41542895594,13278.49190348842,1761.54472581840
2509,72.93458074002,13278.50318913744,1639.00085393503
2510,41.96130065110,13278.51254991235,1413.66619252801
2511,110.26831671153,13278.52286171550,1227.89600827146
2512,42.35500850258,13278.53081296334,1284.69101562727
2513,58.11140656185,13278.54312457153,1351.63683908618
2514,41.37538251279,13278.54902945540,1377.86857370017
2515,50.82915506547,13278.56060694969,1304.83500109285
2516,44.93313141089,13278.57189419761,1215.68827024879
2517,49.03907562177,13278.57827148560,1465.43987508495
2518,46.24100539523,13278.59005620960,1277.29007375416
2519,109.86671627439,13278.60113894569,1115.02539008152
2520,39.28030164497,13278.60843510936,1249.58289140325
2521,59.36196024035,13278.61861985048,1444.33882990023
2522,40.82132055952,13278.63135025269,1350.19256114530
2523,61.49084639043,13278.64037408067,1127.14583252416
2524,30.66763776660,13278.64996802403,1141.31417609894
2525,102.06550623498,13278.66350340392,1104.00724855927
2526,32.83280792287,13278.67216637261,853.65300599450
2527,53.69275070899,13278.67980438454,890.39354031897
2528,39.80896120758,13278.69142992224,796.17922415168
2529,38.07469345063,13278.70134491788,1028.01672316703
2530,35.16544716396,13278.72299312752,984.00436580885
2531,33.91185894340,13278.73017739187,1049.07748397623
2532,104.90943164960,13278.74039269697,1120.12621109893
2533,65.15914199510,13278.74836914561,1325.79240728424
2534,36.25290475221,13278.75938716531,1050.70900181589
2535,35.09317984790,13278.76763165562,985.11250230994
2536,34.02754937993,13278.77910327114,936.83967707244
2537,51.15625079101,13278.78757225393,1048.39116645321
2538,52.08995752512,13278.80333005978,1082.66943597128
2539,108.32681095299,13278.81198398318,1290.86293304782
2540,36.80642277709,13278.81859089309,959.08808898952
2541,35.20035370737,13278.83084996311,994.99389746772
2542,48.69021019535,13278.83928599798,944.13820486944
2543,43.83668003795,13278.84853396390,983.15422082461
2544,42.85599814780,13278.86237819619,1102.65743281211
2545,34.15022759398,13278.87351123462,1060.85800800846
2546,56.49497894190,13278.87878020405,983.40217695042
2547,95.65446854684,13278.88689538643,839.36455499348
2548,33.14070314574,13278.89953116817,997.52965957143
2549,44.68660603898,13278.91234661106,995.21797039856
2550,36.52382705308,13278.92009547761,804.35385382476
2551,44.40806759555,13278.92772657008,824.84324650932
2552,42.38407861245,13278.93883982517,880.93653106499
2553,33.60157327289,13278.94835279726,700.01037511129
2554,38.74997018018,13278.95818954867,737.26846426889
2555,36.26551492125,13278.97046233159,801.13140955875
2556,48.02313535728,13278.98218916634,689.26165937623
2557,43.32020659708,13278.99133594640,755.31361107983
2558,30.29651480028,13278.99873549669,752.54981574637
2559,29.12499113750,13279.00789021269,762.27396616978
2560,50.31236268368,13279.02069023935,759.70001661817
2561,47.92839128055,13279.02969686005,923.16601229949
2562,41.34569005017,13279.03755865245,884.83640706184
2563,33.48083925829,13279.05040141733,785.90877027127
2564,31.75983691886,13279.06137381381,808.47345796948
2565,39.22673529937,13279.07029629633,613.99552665340
2566,41.04862659891,13279.07946028645,861.04325564332
2567,27.30396309970,13279.09126229167,820.02852002629
2568,80.36477373426,13279.10405550791,732.15793320896
2569,39.64407904576,13279.10820192362,937.31212991875
2570,40.59779249201,13279.12158768205,824.04518756703
2571,87.06356985521,13279.13244189972,835.08442568748
2572,27.85881467309,13279.14101452550,853.22594579642
2573,80.31229089515,13279.15058728371,718.33496748117
2574,53.92811521284,13279.16292062493,835.45076844679
2575,24.83231228206,13279.16943881084,746.20995111702
2576,43.13226899294,13279.17822665362,765.52183376503
2577,46.76047105932,13279.19443054460,877.30420157356
2578,48.81903866647,13279.19870884039,949.15059222874
2579,28.82056410927,13279.20685568023,672.20529161383
2580,28.26455725260,13279.22175060920,568.11056974938
2581,74.93345634238,13279.23046322293,555.72138555917
2582,31.44948761702,13279.24167110709,793.12589958552
2583,30.98121887855,13279.25223476080,776.38711978635
2584,41.07317630111,13279.26259093688,689.73591963321
2585,52.56864673326,13279.27069044688,809.28402973847
2586,38.96990435361,13279.28375454678,770.57997451523
2587,29.61491142928,13279.28920687293,711.37458407113
2588,37.87103145582,13279.30335092930,716.55354190945
2589,37.88945978184,13279.30900525455,860.68307749176
2590,97.10729585882,13279.31845616281,1050.37600332193
2591,30.67710059079,13279.32733347815,753.30867106152
2592,48.04906047355,13279.33940909911,921.74079553839
2593,36.64839012553,13279.35071827397,683.66685277267
2594,33.24302000739,13279.36029856527,674.75961070245
2595,28.51248633020,13279.37183901924,811.98034583839
2596,77.24948497599,13279.37980781258,664.52519647498
2597,32.32573335204,13279.38862289800,722.82537197702
2598,26.52420933505,13279.40036164222,569.49892613733
2599,46.06988291203,13279.41364271684,654.77606135888
2600,37.94360594649,13279.42266866935,732.81275072086
2601,31.91310371488,13279.43188895015,704.26081383607
2602,39.28544413135,13279.44171979646,788.64978704168
2603,34.77256540538,13279.45159164756,855.29201998324
2604,92.16322100541,13279.45760812877,898.29596129489
2605,30.03604876113,13279.46971540653,725.23219956141
2606,40.67143063625,13279.47811980029,663.33095949149
2607,37.95243610334,13279.49126303794,734.94576488119
2608,39.81425319110,13279.50488794620,949.71808281569
2609,31.76839228059,13279.51285285237,626.57063529047
2610,36.55509293756,13279.51937542639,788.26885714736
2611,63.66987858581,13279.53301131810,812.88259335438
2612,32.87396852007,13279.53888037797,757.52923054043
2613,28.34008425895,13279.54667355324,649.97104371898
2614,32.23534186751,13279.56360115701,734.37174557481
2615,34.57202445069,13279.57370065487,598.80502869111
2616,40.43578758374,13279.59178091165,671.76975611794
2617,28.34139595396,13279.59901376551,731.95461698167
2618,35.74026262363,13279.61253419336,767.37598195356
2619,96.91158338214,13279.62296787727,855.89992960827
2620,29.77693779677,13279.62980278367,724.50416598880
2621,39.30836507540,13279.64058190985,621.51982367839
2622,42.52987453586,13279.64958264503,721.75590449559
2623,31.37873815338,13279.65670834746,800.00399078012
2624,47.64159065130,13279.67179402483,879.75844155495
2625,30.65294792796,13279.67730974306,770.60316177520
2626,36.19829169280,13279.68737310364,658.57019550608
2627,34.33964785779,13279.70088649038,709.59373884198
2628,36.23427905117,13279.71010401591,661.21354477450
2629,31.09673600853,13279.71782057064,687.65283268363
2630,70.43974838173,13279.72781877721,493.07823867209
2631,31.21174284193,13279.73927962669,781.54104358094
2632,43.45362369958,13279.74965894375,757.63981774838
2633,29.80808949475,13279.76019537111,720.34503150009
2634,32.11897153989,13279.77224861149,823.90014138220
2635,82.79010754230,13279.77844856955,749.69630942338
2636,34.66562547120,13279.79241325477,853.36603349428
2637,38.64557127728,13279.79931298036,731.20852306732
2638,50.14804068069,13279.80849081323,775.26989507066
2639,30.30634535901,13279.82015447063,827.20224487095
2640,50.72158786073,13279.83016519754,801.97872090128
2641,52.90512893350,13279.83798024119,834.82885323878
2642,28.47281299713,13279.84742869341,742.48012389521
2643,44.39703022945,13279.85749978598,776.63084262578
2644,37.88036601734,13279.86701603424,731.59138482064
2645,36.08749563186,13279.87766926941,782.35826208985
2646,34.15318655813,13279.88705051218,711.50195080577
2647,34.90003890098,13279.90051404419,739.51856580145
2648,41.19132917573,13279.91318801382,853.16779245577
2649,41.78805645574,13279.92027645525,699.24792846137
2650,34.92754543599,13279.93029658447,856.25930157860
2651,35.61968843909,13279.94026991997,646.08263038086
2652,34.31191272048,13279.95266803844,831.31186513473
2653,57.30477373589,13279.95897122231,665.82130301183
2654,30.98739347026,13279.96917591615,673.21850652381
2655,29.83262333809,13279.98098260125,718.46471091817
2656,33.23887595317,13279.99324500119,775.96937225210
2657,65.49413993915,13279.99907515746,848.90107642173
2658,42.40388293848,13280.00903880364,740.55197853998
2659,98.61612595601,13280.02188577674,925.10126271361
2660,28.92878077513,13280.02957697289,857.67858777173
2661,42.79238473939,13280.03637261823,729.98339966053
2662,39.03607749555,13280.04770438857,764.94777139066
2663,26.11942445314,13280.05967601349,758.36344411019
2664,37.04462588785,13280.07166079060,683.06915055371
2665,48.13111635584,13280.08294876031,948.07304166076
2666,30.86461051805,13280.08997233131,762.92422655560
2667,41.32046139009,13280.10193645126,682.72606845692
2668,45.06622670937,13280.11263998958,814.93894634581
2669,31.54349567055,13280.11880424659,804.82288085370
2670,56.19961747122,13280.13231301784,947.09278801543
2671,32.08320708133,13280.13983254803,627.88073998711
2672,35.01064796510,13280.15096263152,734.38954731924
2673,65.19085140718,13280.15576396469,470.09791487949
2674,26.80673406603,13280.17058216909,798.37276962038
2675,104.64196411499,13280.18181360815,976.03526416023
2676,32.64368038268,13280.18886516966,863.67060170457
2677,31.98418834908,13280.20187841729,828.50778645622
2678,45.91138411138,13280.21177982741,862.59659310192
2679,44.50114938621,13280.21786371101,772.06608609943
2680,32.37068591259,13280.23091888076,849.69196780087
2681,42.88914288141,13280.23743143777,753.92233043242
2682,37.78957203316,13280.24960118976,716.01018138516
2683,34.32840962058,13280.26462800607,823.88183089400
2684,44.45351785671,13280.27408592811,787.71834334913
2685,43.76779696077,13280.27925137942,787.82034529383
2686,45.56995697867,13280.28694657132,829.07270131239
2687,42.07358717970,13280.29893882598,901.39653472771
2688,26.73985218584,13280.31015176108,787.35130373690
2689,82.85341064758,13280.32019018691,693.20136750845
2690,28.62251719984,13280.33000810058,907.83477670799
2691,86.58601585756,13280.33898513064,835.00529771607
2692,36.74383525491,13280.34848214396,931.72976930085
2693,39.31332830444,13280.35707893296,788.22978154466
2694,36.74345678358,13280.36997828598,809.19069690475
2695,36.83967040254,13280.38194584430,840.07373723445
2696,39.52870683742,13280.39011102510,923.65317661692
2697,84.48989460208,13280.40165753889,783.52704926434
2698,35.13397667132,13280.40728178540,986.88332335122
2699,33.08875852701,13280.42189386352,888.48091896181
2700,35.44863029770,13280.42837568224,753.64821785262
2701,51.82551857286,13280.44288423839,829.20829716580
2702,31.54977387977,13280.44859985479,896.25794451983
2703,59.37338367170,13280.46197481464,1057.11304234443
2704,35.61059523028,13280.46873036749,1027.78371867903
2705,50.34292532665,13280.48357684531,1014.38183785020
2706,40.03362535936,13280.49199850645,1140.08005433141
2707,64.51955224746,13280.49821241737,823.73050047972
2708,35.87477261209,13280.51073418649,901.87779876232
2709,35.01095313505,13280.51978805441,991.49634654825
2710,61.50758777412,13280.53401466903,1139.13646695650
2711,38.64822950685,13280.53807121321,747.42118705673
2712,49.29656428979,13280.54987250953,996.96131397763
2713,38.67579836963,13280.56055584319,1196.45193476735
2714,45.57911832089,13280.57217120918,851.48819920867
2715,34.42668212657,13280.57994332902,960.86837210319
2716,49.81175338477,13280.59354662826,964.60045652299
2717,35.45439283518,13280.60357230467,1019.58352000917
2718,34.02032015204,13280.60816079998,820.72920665085
2719,81.72613319911,13280.61798210841,726.39776084914
2720,46.43575311427,13280.63050017397,842.26827438665
2721,34.30274360684,13280.64089009520,953.71498009292
2722,40.20930871384,13280.65146749428,647.10758253665
2723,47.86396869630,13280.65960821530,916.94173002725
2724,44.12879495151,13280.66774231663,778.21977560598
2725,34.14399430761,13280.67947384894,945.60989332929
2726,34.01447793558,13280.69016162507,935.86186207540
2727,35.65288071008,13280.70048979837,1017.20111727370
2728,49.44550856792,13280.71238947289,1006.06726587322
2729,47.22203949723,13280.71869269527,1110.47121569889
2730,36.03769771046,13280.72726696059,910.26402142481
2731,41.61397663164,13280.74209748890,1072.31716666744
2732,57.97871299830,13280.75125211893,973.62815663104
2733,48.32693747723,13280.75577774583,960.47888573440
2734,35.81811303330,13280.76998799432,1025.67466647004
2735,34.95600139875,13280.78010350895,987.46837061433
2736,36.43125905376,13280.79222859155,930.24635813853
2737,94.50225238382,13280.80346792747,991.14798472161
2738,42.57255042752,13280.80967077063,905.10483732915
2739,35.62471324968,13280.82074304503,887.76327956820
2740,42.46434796400,13280.82925276314,922.56178126973
2741,40.33897770176,13280.84073326139,975.66970660336
2742,45.71148246045,13280.85169179658,1065.18543850426
2743,51.32519471435,13280.86244902523,1054.35492527933
2744,52.22270190949,13280.87085863854,1118.83406409524
2745,33.48764066888,13280.87806650394,895.44222899153
2746,37.65406317644,13280.89352493223,994.09579325406
2747,67.35281669145,13280.89870746536,954.89098077770
2748,29.18122157819,13280.91058429781,944.67867026270
2749,54.73923016807,13280.92359685232,1199.27644574086
2750,60.57842740349,13280.92629962496,1100.46178307314
2751,46.62687242944,13280.94204698676,1109.28847538584
2752,52.22321785714,13280.95033353591,1118.84511790492
2753,49.73310637409,13280.95732143829,990.92512443555
2754,36.77086382419,13280.96875869321,1094.51241828059
2755,36.70508408359,13280.98191734175,1077.65526784636
2756,38.96021707173,13280.99181619250,1062.69303875647
2757,89.10193980315,13281.00173130392,791.95536393033
2758,33.50404763426,13281.00932816412,901.50172185305
2759,54.02784472703,13281.01995951684,897.57796854317
2760,34.58635779882,13281.03168107914,1076.63059833393
2761,35.75695885130,13281.04082291663,1034.48287031130
2762,36.16186400492,13281.05421447475,801.29337978064
2763,40.53106369230,13281.05883461977,997.75592063473
2764,111.75587520444,13281.07068669841,1128.67901351822
2765,37.91865184042,13281.08153380406,1019.58171119158
2766,50.04016129266,13281.08986079062,1253.00404004002
2767,38.95343101625,13281.09796394773,1075.98938107971
2768,35.04545956507,13281.10839783430,997.41126485671
2769,65.30766006342,13281.12508729281,1274.75466909820
2770,34.90822230894,13281.13048122809,1074.81050309466
2771,53.67506583164,13281.13665832830,1261.07850905517
2772,53.01883946711,13281.15380310101,1112.13255905625
2773,50.89644748453,13281.15963649866,1051.72308737364
2774,59.93254468162,13281.16854179498,1077.11972481279
2775,31.37811836390,13281.18065157138,1190.71587264345
2776,106.83973189186,13281.19091396588,1145.72848255305
2777,32.89871060149,13281.19918000864,1200.69026485125
2778,47.59228962398,13281.21131541800,1134.25516793123
2779,107.92803208418,13281.21833073676,1157.39920191770
2780,30.55394334786,13281.23104194381,1036.58502578126
2781,107.96724843739,13281.24066651413,1162.84285321638
2782,35.84807051122,13281.25286145107,1042.06339282868
2783,54.72492061653,13281.25719465123,1191.44585604809
2784,48.72823863424,13281.27164359145,1189.60790989112
2785,54.90435511365,13281.28214131187,1210.38889216501
2786,44.28432633034,13281.28917458220,1212.77622375247
2787,57.73811708921,13281.29590009269,1334.23781542641
2788,37.69541608374,13281.31047873572,1278.86942147304
2789,102.94709015397,13281.32049496140,1150.98345835033
2790,30.94045741625,13281.32821294796,1054.70205923644
2791,85.75638642010,13281.34086303105,804.46621274073
2792,31.88719985467,13281.34653118849,1119.23617255359
2793,105.03881861347,13281.36113569555,1111.62636823705
2794,32.73647809202,13281.37076587966,1188.47393037964
2795,48.76584347579,13281.37907237906,976.53525458736
2796,37.33919379254,13281.39177191457,1115.18614169309
2797,53.34673548374,13281.39930678023,1167.55031388964
2798,38.15325331230,13281.40907206389,1162.89213424660
2799,51.62126446371,13281.41944570581,1093.83498308909
2800,57.46426161643,13281.42884931778,1322.92665044387
2801,51.75782071622,13281.44030182304,1069.52248515869
2802,37.70954469082,13281.44743726082,1153.07377315491
2803,38.79022111379,13281.45935675145,1218.03764986964
2804,49.92092038144,13281.47122222328,995.91923372769
2805,56.42390276062,13281.48494563652,1274.23112871929
2806,50.89347691178,13281.49124403701,1039.27420767327
2807,38.55700238515,13281.50125026721,1216.83847046205
2808,42.87747251325,13281.50907102931,1267.60777267049
2809,53.33522635059,13281.52299681174,1425.15876592259
2810,43.09204330533,13281.53183074596,1319.06708391425
2811,51.50658210012,13281.54300442138,1323.22805281637
2812,45.63851032178,13281.55260451431,1481.67094866164
2813,99.73399270312,13281.56296300551,992.34069792087
2814,47.27262302688,13281.56791350553,1118.67443753373
2815,34.08733633109,13281.58048683860,1289.92534099805
2816,100.08588196624,13281.58956413142,1091.80807310917
2817,40.97647155147,13281.59857174117,1175.53205601789
2818,48.57649286556,13281.60902266123,1178.91855665282
2819,48.22779358752,13281.61851347423,1186.24687353165
2820,39.25717040640,13281.63041884215,1094.98656760285
2821,39.81877467381,13281.63998110818,1269.21368318659
2822,56.65704181863,13281.64970937123,1310.48117399166
2823,63.98910571634,13281.66257038282,1603.56239306015
2824,42.51323360196,13281.67011963869,1284.57518408702
2825,104.60501737514,13281.68042884837,1087.08722892217
2826,34.48972542345,13281.68881922942,1319.65459796324
2827,51.76900166333,13281.70231170774,1364.77856283947
2828,101.22407630054,13281.70766972949,1032.28708060372
2829,43.04433138002,13281.71723932387,1295.62722429770
2830,33.84462753234,13281.73146607904,1276.70979107187
2831,51.71317900632,13281.74195503174,1327.52877552893
2832,56.43460857384,13281.75016766131,1306.55564904725
2833,63.92052569817,13281.76098460016,1221.19992876631
2834,46.85599249725,13281.76974362062,1321.13958617462
2835,47.92176823710,13281.77909687768,1376.44799885439
2836,45.99026746572,13281.79033356798,1291.00832872455
2837,35.88732652413,13281.80093391057,1428.74834208250
2838,59.33246260917,13281.81087138722,1410.31653623819
2839,57.41081367305,13281.81753032816,1319.20006293415
2840,59.46363660902,13281.82591796372,1444.36671467940
2841,42.59900428635,13281.83729035429,1272.99054332952
2842,47.82383848758,13281.84790706420,1416.26403815850
2843,43.74024260162,13281.86100540591,1347.45507267718
2844,55.53754631658,13281.86903054383,1252.98415667990
2845,58.54795475912,13281.88243262831,1337.66381777348
2846,41.39585397080,13281.89043554756,1387.84192183111
2847,62.90862983119,13281.89947325917,1581.49843091117
2848,63.23333895572,13281.90744200928,1642.85033705309
2849,44.04471283194,13281.91930567335,1568.38763437863
2850,42.27149397369,13281.93041916872,1432.87271031994
2851,117.44035043595,13281.94411463347,1508.54861546975
2852,49.43750701253,13281.95188453347,1464.88597285295
2853,46.39755436625,13281.96099853070,1313.96039020891
2854,65.47560861481,13281.96517444162,1281.38292047799
2855,39.76294537265,13281.97866698112,1441.37249094977
2856,64.70024926581,13281.98520067279,1256.25160304640
2857,40.88925861479,13281.99758625286,1517.86744011211
2858,72.26455354709,13282.01143770859,1573.31069452175
2859,61.12078448408,13282.01576754940,1537.76784247027
2860,41.85294331503,13282.02854389773,1416.21356067167
2861,40.46140727674,13282.03805213198,1294.76503285557
2862,43.02778123490,13282.05094798965,1312.87625117380
2863,46.88858118839,13282.06021567028,1341.04621080470
2864,70.19344264333,13282.06959223871,1482.39510522483
2865,40.81087617397,13282.08100998247,1498.37619568311
2866,46.91421590052,13282.09075468324,1343.41869717512
2867,127.49495563931,13282.09978028291,1637.70235779355
2868,32.91104306215,13282.10882299049,1201.59115134892
2869,124.16011590928,13282.12186057736,1525.70504743664
2870,40.52189972176,13282.13026872120,1329.21714110124
2871,41.51137849634,13282.14077665785,1381.77406094142
2872,111.92112995645,13282.15005415665,1437.65294475761
2873,50.63696376401,13282.15710995160,1525.00511605978
2874,59.91837576433,13282.17065996280,1791.54941553013
2875,51.95022054182,13282.17790044662,1622.97677259999
2876,38.55050771997,13282.19072850489,1649.58338766216
2877,116.47484167692,13282.20550396548,1353.31536620058
2878,32.71793300211,13282.21940094781,1294.32407610729
2879,64.53413387585,13282.22739301621,1253.02622559754
2880,36.40980047375,13282.23949912712,1205.37887542046
2881,46.98061899617,13282.24695866522,1349.41554498329
2882,104.82500436218,13282.25942961121,1190.58318424186
2883,36.46508443347,13282.26965399154,1463.15441297612
2884,37.96815553915,13282.28726160812,1313.06156699277
2885,41.05172917630,13282.29955653024,1362.15056424356
2886,45.46376645844,13282.31176112545,1448.43307456581
2887,114.29299983438,13282.32264716502,1454.71239405079
2888,40.81862784656,13282.32690459766,1332.71413450441
2889,47.44720849416,13282.34317416461,1574.36101033740
2890,53.11073218820,13282.35085230995,1440.85804538318
2891,66.66062479726,13282.36238799251,1819.48096425304
2892,43.98588414344,13282.36935134161,1547.65319396934
2893,76.58014291550,13282.38274646658,1761.34328705658
2894,45.65976527740,13282.38867359196,1917.71014165099
2895,76.99544095100,13282.39966443275,1759.13942540621
2896,43.71429100235,13282.41091332279,1556.00771667142
2897,54.58265605442,13282.42400820173,1484.80877322540
2898,67.55140626892,13282.42792296038,1826.38815956299
2899,62.99549156519,13282.44108412662,1589.93432472952
2900,59.93845803266,13282.44899630396,1801.14817059946
2901,43.13776158285,13282.45784857614,1877.36014192080
2902,54.39346143198,13282.47380575642,1804.02702618556
2903,47.48309976208,13282.47814968666,1351.39271051866
2904,48.73713836781,13282.49318616282,1450.69758029256
2905,37.54749625597,13282.50952554872,1564.87946604050
2906,111.16974182029,13282.51875251004,1232.93208006600
2907,36.81479106015,13282.53010284195,1491.33987667365
2908,111.17718139017,13282.53951167732,1233.01458888735
2909,40.21098316848,13282.54942817634,1799.63804812364
2910,121.43866236196,13282.55966410894,1426.58127102666
2911,39.34986815364,13282.56994812474,1718.37770001622
2912,66.22142306491,13282.58056743779,1759.54695082438
2913,71.45219126354,13282.59076617861,1580.04691265199
2914,50.86749078443,13282.60137988104,1579.35162659587
2915,52.22083769569,13282.60719981922,1635.60465508533
2916,49.27277227302,13282.61983351166,1457.50825950841
2917,54.89220954743,13282.63316494822,1840.32221307989
2918,58.01453842474,13282.63997932110,2013.86504903023
2919,51.30070729883,13282.64814288584,1865.25872647565
2920,72.94127059057,13282.65562098761,2131.58305676409
2921,52.04434990162,13282.67122694327,1898.01398687887
2922,63.55989361392,13282.68296207813,2023.96099697594
2923,49.80868017188,13282.69174937207,1784.09658596618
2924,94.80638039422,13282.70261127378,1798.82459257232
2925,40.41436837551,13282.70938661595,1959.15919524144
2926,73.76252538695,13282.72030495415,1632.80310332135
2927,60.59730617789,13282.73211181090,2241.28129647113
2928,55.67544182983,13282.73987280400,1859.09295829602
2929,62.76119687249,13282.75181420583,2007.37741668648
2930,72.99759601129,13282.75706707525,2136.97267485496
2931,71.46389712844,13282.76727745186,2038.91395466470
2932,50.74357041388,13282.77804373262,2088.51560577423
2933,46.27508676092,13282.79083423377,1947.95580960743
2934,78.18683242077,13282.80287508048,1942.12062740287
2935,75.62729294752,13282.81256823298,2190.58210550548
2936,62.15615753694,13282.81821806609,1962.59974421612
2937,59.30442546177,13282.83130861166,2115.09879829151
2938,57.50659575108,13282.83843213749,2018.47331902369
2939,80.93397403365,13282.85265007752,1964.21269267011
2940,47.85599684106,13282.86058301390,2083.24800294368
2941,58.88525634597,13282.87149996154,2076.90561368922
2942,60.01510276211,13282.88097261244,2203.46166979809
2943,53.01149267065,13282.89005823918,1966.43343561754
2944,68.62328023159,13282.89722671108,1881.83002725726
2945,52.27725381555,13282.90823112831,1944.12352528422
2946,144.58864575735,13282.92072966388,2281.57034605643
2947,62.31907772066,13282.92694795993,1901.49793427297
2948,55.57529373288,13282.93928849103,1894.45734282998
2949,46.24607324233,13282.95017411709,1939.02897152365
2950,70.73053973605,13282.95972440854,1999.31102928757
2951,60.59968198028,13282.96891051825,1842.07085245022
2952,42.25606527606,13282.98054898572,1985.13579916368
2953,70.48799830325,13282.99348885258,2029.51582971872
2954,68.61749181767,13282.99847807534,1928.62763250056
2955,50.81320261973,13283.01239362750,2065.29260345922
2956,79.43774732211,13283.01896145401,1889.88394510883
2957,55.81832843624,13283.03080089168,1865.53505107185
2958,67.72294497438,13283.03749415528,1428.61708929353
2959,47.11096730163,13283.04890722873,1775.27727438139
2960,48.97262710731,13283.05838970382,1942.30649942554
2961,64.92662642029,13283.07288083228,1683.09052100907
2962,52.41860068093,13283.07947099217,1950.08467024599
2963,155.90974065806,13283.08761927234,2264.71979855467
2964,44.58966687845,13283.09667129262,1802.98912128187
2965,49.12145514357,13283.11162806150,1938.27560537478
2966,64.26754738635,13283.12026338043,2092.39974810747
2967,84.14253946754,13283.13311226920,2120.32521373728
2968,81.74019364983,13283.14434353501,2023.79211508996
2969,42.79306713475,13283.14970501076,2215.34215733420
2970,153.19184318759,13283.16191817146,2388.02450135433
2971,72.04206423127,13283.16966517732,2097.89657701700
2972,57.90883549357,13283.17918446275,2357.96359013263
2973,68.71356587331,13283.18977080521,2410.85734547224
2974,49.21510430705,13283.20000802767,1943.21774409241
2975,75.02289070736,13283.21231668330,2284.19754806616
2976,70.04654002138,13283.21902724582,1963.80318932625
2977,51.64858991741,13283.23046983260,2159.38054013610
2978,69.30756222365,13283.24199621297,1924.45523144820
2979,50.87555734848,13283.25046398553,2098.88651790696
2980,67.66549705824,13283.26093156416,1823.20535082935
2981,75.93219555102,13283.26777683082,2377.05371306038
2982,52.93408616371,13283.27930203630,2234.54584776716
2983,71.44584488503,13283.29393976914,2101.28533757443
2984,65.52435301022,13283.29787273050,2477.82573993684
2985,44.81373213893,13283.31175202363,2052.15579903115
2986,69.34688693969,13283.32130912286,1974.86492717640
2987,52.34730138104,13283.33321755556,2211.63476459167
2988,153.30426286351,13283.33904575899,2438.45357636088
2989,53.47457255115,13283.34795199599,2034.14350012182
2990,63.06970265787,13283.36229509096,1982.43636584674
2991,60.56818628650,13283.36881229994,2203.88313474389
2992,59.38734449151,13283.38072956771,2184.45350049496
2993,61.54883078821,13283.39257318516,2230.24292493954
2994,60.39822215469,13283.40070687414,2256.66381064349
2995,44.67000062364,13283.42036567281,2179.23686519015
2996,126.74143282400,13283.42904131976,1747.01008895572
2997,55.91322879088,13283.43691601867,2197.04129535595
2998,71.99728843025,13283.44690543419,2624.69371173068
2999,62.86931437350,13283.46059563705,2378.25567109492
3000,61.25305423741,13283.47279423506,2288.60297303005
3001,66.67460166080,13283.47753667952,2233.35035595287
3002,63.82063615723,13283.49311032950,2446.92014403513
3003,58.08171761595,13283.50164853235,2382.05863057370
3004,69.54785735556,13283.51196977597,2402.17131446932
3005,61.67116022543,13283.52136611811,2330.48452066751
3006,59.64768332038,13283.52877569714,2138.18433986689
3007,58.97236113088,13283.53973960510,2085.82165130824
3008,85.36854671283,13283.55041073720,2255.41050808189
3009,53.37763314349,13283.55988851002,2277.16765531261
3010,75.92319177082,13283.57328799591,2333.94362421028
3011,49.99790790850,13283.58201286149,2265.40735908609
3012,57.91482062916,13283.59005031274,2045.13952611765
3013,66.96501951689,13283.60366322561,2254.04693373300
3014,76.95262582322,13283.62217046516,2411.45514200623
3015,44.74812764654,13283.62977888636,2403.10361241016
3016,76.09189399438,13283.63829573666,2363.75277049954
3017,77.61988480808,13283.64668854060,2417.45757400009
3018,53.62699359336,13283.65931610628,2332.00359124129
3019,69.39418002497,13283.66888811691,2405.88731449521
3020,47.81798159117,13283.68286290831,2537.50885072049
3021,76.94475225419,13283.69914226705,2377.82939442323
3022,75.04864073949,13283.70936428639,2311.93668912583
3023,46.81692687411,13283.71988012925,2409.13919312371
3024,173.34239631316,13283.72940074032,2997.37023430830
3025,55.30209834473,13283.73837158427,2475.65697361050
3026,50.49555045763,13283.75108672906,2067.23627881481
3027,153.53107978002,13283.75956019526,2171.25735270685
3028,59.36286574989,13283.76747970427,2489.70435012668
3029,56.05190567554,13283.78143084525,2549.59164822145
3030,89.59042186319,13283.78559373959,2398.94979636097
3031,62.01554881870,13283.80337810583,2345.95894903402
3032,58.79946985459,13283.81167723376,2101.20709728154
3033,63.02436947987,13283.81759089633,2401.55102119080
3034,65.13756796269,13283.83226020114,2576.02405205913
3035,67.43016858585,13283.84279665385,2722.37562542184
3036,95.58544067276,13283.85387291305,2793.31994304083
3037,78.48597268567,13283.85685587555,2441.91039461877
3038,49.15370321504,13283.87002846874,2708.36458673636
3039,75.36235605087,13283.88186118762,2796.54258773829
3040,59.54470771708,13283.89409208976,2495.20035533206
3041,66.43668586576,13283.90313028647,2259.82411832247
3042,134.08575162310,13283.91053376829,1833.59507618722
3043,62.86723858640,13283.92243999462,2402.97632809985
3044,49.90107949004,13283.92895349232,2241.10853597634
3045,57.04620054384,13283.94183868810,2638.34823014111
3046,66.20389035489,13283.95220638587,2244.10681736481
3047,177.37023266136,13283.95836017895,2898.25348252538
3048,60.44921517029,13283.96984504056,2556.07989215740
3049,69.65637816657,13283.97888063285,2501.81818181818
3050,65.96049140961,13283.99115242280,2563.14016486908
3051,147.15192820385,13283.99925526502,2368.18616314154
3052,48.16276679014,13284.00973132965,2574.79430552236
3053,64.85261447738,13284.01945223145,2526.75640213074
3054,88.32463343913,13284.03045129029,2383.12890019183
3055,53.22205085138,13284.03913116147,2279.86766911547
3056,58.89163153267,13284.05256250828,2430.30572615441
3057,60.12938481737,13284.06289081790,2219.09203392232
3058,67.74878287697,13284.07118154549,2778.52617978756
3059,152.33965989513,13284.07743934191,2315.36237480852
3060,44.88943387907,13284.08784764957,2216.01090356003
3061,144.94295524694,13284.09652472934,2100.42297118951
3062,76.64682693495,13284.10761446298,2404.31701360895
3063,52.80180576131,13284.12128918939,2233.95947547447
3064,55.64349010771,13284.13153913612,2505.19327168599
3065,86.11520040410,13284.14019630853,2234.02150156387
3066,62.57830759962,13284.15170305051,1958.01114547636
3067,75.43421123472,13284.15817206585,2301.67072560499
3068,89.89414383807,13284.16849955605,2466.77130954073
3069,42.73563253450,13284.17791404620,2208.23743046121
3070,155.54215457428,13284.19256104333,2419.66806971655
3071,52.42917463598,13284.19806975540,2229.93551489597
3072,78.33079631116,13284.20746617594,2449.63833053444
3073,73.89374986472,13284.22006534429,2240.08997169207
3074,56.06436909876,13284.22952709244,2553.85355415457
3075,78.92161445426,13284.23885310587,2468.11498132682
3076,58.99538254751,13284.25057307786,2474.99516868044
3077,49.71645713912,13284.26407095723,2253.20337095826
3078,76.68416689151,13284.26974173886,2336.03686343191
3079,71.65696170462,13284.27725182313,2577.65938168615
3080,92.41970456243,13284.29410881201,2552.85909655104
3081,54.33040895784,13284.30128112995,2688.66916588891
3082,59.25599098356,13284.31789905632,2459.65901323848
3083,67.75846537278,13284.33169745415,2382.17025048117
3084,64.90367240690,13284.34017951032,2481.66386594965
3085,63.36814097859,13284.35318370996,2450.96304571478
3086,44.51736919612,13284.36150496321,2198.54516319114
3087,156.62919066072,13284.36932672467,2496.25853132762
3088,62.08770668505,13284.38055843954,2356.88074924261
3089,66.08594560884,13284.39046565507,2167.78019521062
3090,53.54020968700,13284.39772814372,2010.43309144863
3091,64.73751725271,13284.41189359886,2175.21911358636
3092,51.58690201781,13284.42143109271,1839.12912879968
3093,62.23465895971,13284.43158747818,1972.94666418290
3094,76.22240521871,13284.44092022048,2323.22089958210
3095,51.97699395330,13284.45108860233,2187.97833616957
3096,71.32512294559,13284.47177748085,2041.19492471031
3097,76.17688687224,13284.47635208687,2330.56459587768
3098,51.51031330323,13284.48815313181,2150.51702444039
3099,68.69377950022,13284.49592572198,1888.76666599407
3100,66.38464598178,13284.50664049360,2232.53844361619
3101,58.72133956134,13284.51828929048,2417.57972881847
3102,42.71415248380,13284.52902978256,2027.01044596851
3103,62.30498692918,13284.54333092278,1942.47725267248
3104,148.24671859087,13284.55241059106,2394.99903518617
3105,50.59181775820,13284.56067691133,1809.32071750608
3106,66.35270698862,13284.56805272040,2247.19290187801
3107,51.41459749378,13284.57870760677,1856.62945399008
3108,41.56478472735,13284.59121205163,1913.78640876999
3109,139.55967211759,13284.60137715883,1787.23583820867
3110,43.18802621630,13284.61019098702,1889.44529812098
3111,49.25912660114,13284.63018078436,1714.89690735365
3112,64.45338720779,13284.63675565317,2074.55820139346
3113,75.93932852331,13284.64846976920,1735.01008753546
3114,45.15631532790,13284.66061593898,2074.24343738249
3115,61.25956491144,13284.67203823938,1886.15802887672
3116,150.12262748342,13284.67775446753,2256.83795205831
3117,67.22046896046,13284.68863045854,1824.88407758778
3118,45.99003917045,13284.70019192190,1706.59610303464
3119,60.45403429117,13284.70720770798,1823.66886755539
3120,41.02814172966,13284.71896391135,1695.11281699400
3121,64.00078125954,13284.73178462562,1280.01562519074
3122,59.58494208877,13284.74081190048,1771.58769079342
3123,47.58294694222,13284.75057356814,1610.10455606560
3124,58.77985803580,13284.76242664511,1722.76132981309
3125,53.75057575622,13284.77333021127,1160.31546040818
3126,66.08268637062,13284.77883412019,1354.29206744427
3127,40.58095249922,13284.78803395617,1480.50972382666
3128,44.44117763446,13284.80145586633,1399.72073049652
3129,79.14260187618,13284.80737459812,1310.04316428670
3130,47.71278207276,13284.81922247580,1371.27564967776
3131,39.91207330106,13284.83256078890,1434.06028861745
3132,74.28758505558,13284.83782149126,1165.15524380822
3133,64.91082124790,13284.84830950318,1270.32981381784
3134,41.00915941991,13284.86062000467,1360.73804353243
3135,42.22861106284,13284.87052043825,1246.28071512409
3136,48.37509486504,13284.88414986139,1170.03745020096
3137,57.37298154522,13284.88973777686,1349.18028198518
3138,51.77243926869,13284.89729181163,1074.82377003613
3139,35.86935510278,13284.90943595485,1414.45379499861
3140,47.50060851725,13284.91837008805,1149.86798214950
3141,43.20779866456,13284.93194700034,1313.40336974734
3142,48.32420704351,13284.94098586639,1180.73354524691
3143,39.98734161307,13284.95247511175,1121.07277487874
3144,89.67925878092,13284.96115452135,887.77936822076
3145,57.66322545041,13284.96941637950,1328.75891693051
3146,37.01959676487,13284.98168182808,1107.49863993023
3147,47.99269995860,13284.98869233783,1154.82044723577
3148,43.75815615570,13285.00061550890,1166.79299776535
3149,42.62852921446,13285.01007120921,1090.99057487104
3150,54.40025639031,13285.02159898211,919.99181412931
3151,49.33502221591,13285.02748232250,971.78723690599
3152,28.85372559362,13285.03776324117,928.26520588345
3153,45.40932366727,13285.04910220416,1021.45747734056
3154,49.08132875813,13285.05998470953,981.62657516268
3155,58.32882611455,13285.07142882591,1030.29248771463
3156,37.71201481873,13285.07721352192,854.99051205703
3157,41.68712680172,13285.09006045154,1053.78592213410
3158,37.25147333667,13285.09988520299,847.82912999009
3159,36.28365909162,13285.10744984842,922.20471178139
3160,45.38474314867,13285.12105009992,1031.94167898027
3161,35.50209287100,13285.12880697321,768.84780195158
3162,88.52195727281,13285.13872451461,776.77702257117
3163,32.56062352148,13285.14835216760,849.07718070450
3164,30.96857813493,13285.16236150645,777.30514212291
3165,37.32531548662,13285.17277581739,988.24015426384
3166,45.47296687398,13285.17884192589,1033.94767775664
3167,46.80990326070,13285.19180444030,896.74874122147
3168,29.47124250679,13285.19946099796,696.79391602239
3169,31.53962895555,13285.20826971259,702.42088846228
3170,77.16738260958,13285.22209454072,597.73597543460
3171,30.56211792011,13285.22939039360,758.53181863771
3172,47.79968334817,13285.23878076026,686.05451970393
3173,76.46833153315,13285.24903926651,577.32324261670
3174,25.13172538254,13285.25887697907,702.34067785467
3175,37.84916799031,13285.26623713949,711.12130448907
3176,30.06202537044,13285.28076133531,733.90756921164
3177,27.17651295519,13285.29285123443,591.05010877149
3178,42.18854962521,13285.30050769699,729.50821936708
3179,30.03257468760,13285.31452092223,637.08711654273
3180,88.54075245664,13285.31535163714,730.12574910082
3181,26.67844935155,13285.32714479417,648.56621785579
3182,31.28090297469,13285.34093053493,586.88176117595
3183,35.22536581878,13285.35025710214,634.05658473802
3184,30.65158032538,13285.36125037628,467.87606768389
3185,39.64057267305,13285.37103891409,630.52190720654
3186,39.47394469222,13285.37749581441,637.72109326590
3187,32.14878475453,13285.38899829695,517.38572607769
3188,27.34211410015,13285.40193191428,530.88782591659
3189,27.08845866464,13285.40830401363,586.63870826544
3190,25.15326089622,13285.42204965316,513.02787256127
3191,81.64164203508,13285.42959775339,658.21596108113
3192,28.34575420376,13285.44131015755,482.71080016947
3193,57.90919591903,13285.45008904025,685.19084646430
3194,26.09515706992,13285.45803019536,479.75362552692
3195,22.75602550044,13285.47087004749,471.87898822480
3196,36.87945445819,13285.48349588162,407.34688860762
3197,24.03372828687,13285.49251620439,526.00382667888
3198,40.20770804631,13285.49907678489,484.16491923607
3199,38.15304378918,13285.50660398412,597.18959622792
3200,34.47881268203,13285.51722067116,593.19592302444
3201,21.61366738615,13285.52854151333,519.17810673815
3202,72.33977660393,13285.54329653232,564.99171677601
3203,24.59962515348,13285.54978781406,424.65537108599
3204,20.75784974233,13285.56027125028,478.78240296845
3205,33.89970232870,13285.57191488135,572.29284297704
3206,28.09458660408,13285.58025166532,560.48524243622
3207,31.00884075295,13285.59324975671,481.38666097730
3208,30.75053641079,13285.60295320219,380.36312899824
3209,33.86247302251,13285.61363289942,341.99421351596
3210,29.72085397596,13285.61823131910,538.26755877329
3211,25.42535347069,13285.62990595892,459.06670899742
3212,34.61994204629,13285.64017028900,479.70798863405
3213,26.05639877119,13285.64947029699,481.86728835619
3214,30.96005512705,13285.65854592284,479.63111161895
3215,27.34618099379,13285.67127894734,525.30298296766
3216,29.22013100449,13285.67806434026,433.40458269652
3217,24.70802207720,13285.69060483388,430.08995053962
3218,30.72677549226,13285.70349667475,477.00783059459
3219,35.32347065174,13285.71339714588,511.88572119734
3220,23.96906560965,13285.71851720521,459.18123979022
3221,35.89058123540,13285.73022587743,516.37554263624
3222,22.69417019823,13285.74152398115,417.22724265476
3223,74.45281620965,13285.75063282255,557.15385947392
3224,23.94434873813,13285.76069233722,406.34907273179
3225,30.85765470450,13285.77192514304,477.04776498071
3226,25.69472935568,13285.77994163217,468.18025025797
3227,31.87520685725,13285.79448408762,507.00620260966
3228,27.28016199501,13285.79978355909,529.68493362054
3229,34.76438120482,13285.81000738726,482.96221871585
3230,23.74668012576,13285.82161701689,395.93628164729
3231,31.43456626938,13285.83336392356,501.96976892905
3232,23.79836335003,13285.83862220633,452.79474326320
3233,31.21481642391,13285.85348753454,399.74469522185
3234,26.35253097864,13285.86138801303,485.91666183952
3235,75.38447827646,13285.86869775092,569.14032997655
3236,27.10023268362,13285.87805442445,376.48846465824
3237,20.35355446834,13285.89026652792,458.74581979979
3238,67.30984072216,13285.89874907049,456.51755088930
3239,26.69713411118,13285.90997993730,505.13348252782
3240,29.46276695549,13285.92156703304,434.01365895342
3241,25.01670781522,13285.93059642973,439.04144033676
3242,31.08819581114,13285.93882531859,393.23802843399
3243,24.24846892990,13285.94897089925,419.29522461853
3244,26.32873219977,13285.96101315897,347.29983044772
3245,24.57480484888,13285.96684487947,421.37012685757
3246,66.95408185355,13285.98237394085,496.54476054717
3247,23.85162289802,13285.98816479726,455.05996199666
3248,41.78830638306,13285.99767260921,523.60597820037
3249,18.58216706745,13286.00964751583,454.78881123081
3250,27.97344140905,13286.01743390556,393.62121132452
3251,26.59609948613,13286.03028291547,426.36790981982
3252,66.36871671052,13286.04267479533,473.96744028240
3253,21.43000916384,13286.05189828101,413.32704836194
3254,35.07003456166,13286.06189246492,492.23139158203
3255,30.99684447375,13286.07293072421,289.11931785628
3256,22.45490798956,13286.08013829370,457.44125362738
3257,33.12646294362,13286.08955518717,331.26462943616
3258,25.03606812537,13286.10131660656,381.33802861161
3259,25.71249485570,13286.10697983940,463.53859311161
3260,30.52592119291,13286.12126064643,474.87188930433
3261,19.75817683166,13286.13148898590,429.71195696590
3262,29.32727317876,13286.13814647444,353.14713372008
3263,38.34345327290,13286.15007938899,438.86088178914
3264,29.64286995623,13286.15605481395,439.67481464520
3265,21.73155773554,13286.16925646420,383.24019504968
3266,36.56169603802,13286.17635408848,532.34632979051
3267,25.17803636616,13286.18908873151,449.69410866334
3268,58.53062512529,13286.19789567254,325.88472870676
3269,19.42330020313,13286.21049143195,421.53484109590
3270,44.57378660116,13286.22199010684,393.66502416819
3271,24.14984530912,13286.22738958874,409.12432482862
3272,23.04439132132,13286.23998192940,429.88754580325
3273,37.86559303641,13286.24926142626,576.75153016858
3274,24.31978824019,13286.25805550520,477.80802695053
3275,29.12368723186,13286.27235194495,340.88401934255
3276,39.95742151776,13286.28086828594,476.14763033895
3277,19.47942110802,13286.29076551812,420.95385068970
3278,37.92678951990,13286.29859966415,430.76552306798
3279,23.11053000451,13286.31081874320,432.35842651818
3280,64.97056127123,13286.31763192851,421.05736062888
3281,26.75437080766,13286.32830082710,509.03662083151
3282,40.97694049650,13286.34263673474,505.19765159091
3283,33.51129056232,13286.34879036459,448.35051079730
3284,20.34716162621,13286.35882087853,459.95387809032
3285,70.27929767388,13286.37028430249,535.23118512375
3286,23.27697194209,13286.38009681667,433.60194384839
3287,22.81245345551,13286.38908365536,421.25899294494
3288,33.98948992270,13286.40052000920,463.55483935371
3289,22.06064985819,13286.40870333178,394.63290168588
3290,67.42646256990,13286.41802397730,500.04802970114
3291,16.90673406642,13286.42932525083,342.75250100001
3292,38.90774764344,13286.44149029917,468.51132309631
3293,36.51483977890,13286.45078085428,534.16605484884
3294,22.57295695946,13286.46151413437,407.56534911763
3295,34.72909305501,13286.47042512224,496.03066488113
3296,32.19244388039,13286.47724867320,516.08413543619
3297,19.27347068147,13286.49042970344,412.47028477958
3298,29.87404151830,13286.50238882406,447.11371247893
3299,34.72981840369,13286.50916414751,494.82374450878
3300,23.63279631750,13286.52110004868,446.52853778578
3301,83.10110006740,13286.53126142737,675.11652841506
3302,23.02393702385,13286.53907796481,377.62064411921
3303,34.18638548020,13286.54707035810,467.49179036804
3304,31.11892138928,13286.55912571872,393.62667967145
3305,22.48016498998,13286.56711395010,456.85093720425
3306,24.70275741693,13286.58113606510,432.12177050443
3307,37.24432165279,13286.58517848643,557.42196491024
3308,34.85309986400,13286.60169659339,485.44750756932
3309,22.10219726613,13286.60829312461,443.69851359721
3310,37.60701093602,13286.61983455417,425.47475924830
3311,23.48213744273,13286.63035160177,446.16061141185
3312,56.49519599265,13286.63792961155,319.58508952692
3313,23.61802656975,13286.64883184864,391.66066210252
3314,21.12346992267,13286.66031591036,363.42191808686
3315,23.69565043693,13286.66986884991,448.34274630830
3316,33.61512795346,13286.68229750451,457.21517150642
3317,21.78532806045,13286.69064527646,385.42179797411
3318,72.28274058458,13286.70327077411,521.23825501752
3319,25.94826623505,13286.70729947160,404.49343938686
3320,26.76385684916,13286.71678104917,436.50529538098
3321,25.58394444195,13286.73173432253,465.45907292923
3322,22.78425310435,13286.73770572892,414.52315343309
3323,33.30339482361,13286.74677394057,444.32270593157
3324,29.53287192054,13286.76022120059,442.99307880817
3325,29.30614294784,13286.76943298768,516.81946025958
3326,19.02820947974,13286.77931620971,329.57825595982
3327,23.60370565849,13286.79074397563,445.97888596904
3328,54.08832482324,13286.80183681448,319.99084498849
3329,27.36532621819,13286.80872384029,444.63392230394
3330,29.75251370467,13286.81971000343,450.23723127917
3331,24.40583224489,13286.82761591515,422.01629070705
3332,28.62451375166,13286.83861244777,408.83983251858
3333,29.25680978526,13286.85121924089,427.99022959125
3334,21.78512193169,13286.85941437230,384.18480993775
3335,24.49500915169,13286.87099051996,421.42807228403
3336,34.92199650438,13286.87826080638,501.22494252533
3337,29.90933538743,13286.88810301854,543.33005925939
3338,23.99286158587,13286.90155598712,403.62240547735
3339,33.71630656564,13286.91240535633,456.10574114162
3340,26.97964915311,13286.92248588623,515.44547332873
3341,23.91077346661,13286.93152735209,348.96625008056
3342,26.19496326480,13286.94031081003,410.85194499881
3343,24.66360663264,13286.95310219861,433.54664001463
3344,31.19938774061,13286.96319574014,485.34857008561
3345,32.46516149208,13286.97317175168,430.69903771011
3346,29.66842963842,13286.98008994428,352.29308271187
3347,30.37524556764,13286.98738730129,378.16875758133
3348,18.12524238706,13286.99990194012,394.19797904333
3349,49.31649146891,13287.00737100131,256.25600662554
3350,34.54634771002,13287.01961633243,483.64886794026
3351,19.10173784969,13287.02958484789,441.41136331208
3352,78.17206537677,13287.03902135422,615.52745830442
3353,25.02095687061,13287.05073666720,437.68798762650
3354,23.86275484549,13287.05765716843,462.10026055615
3355,22.15030114436,13287.07035894243,396.85526945255
3356,56.92404088679,13287.07683130543,322.01100258870
3357,19.64247530087,13287.09214165483,466.89630787692
3358,35.79576354538,13287.10580640388,385.53217217813
3359,21.44899262689,13287.11819711363,418.11784007520
3360,25.79927808413,13287.12929968019,468.66716056133
3361,17.71199464832,13287.14799388893,347.08279372233
3362,70.86408205731,13287.15871017740,506.07077016663
3363,19.57284837265,13287.16795187370,425.23111091923
3364,27.62776584651,13287.17950299929,463.12574775446
3365,24.94111719064,13287.19104836170,374.94720673464
3366,64.57056150361,13287.20057012009,418.46506585552
3367,21.71494193893,13287.20793485877,381.71384485511
3368,21.53048124853,13287.21868657657,417.49152107591
3369,35.93505245479,13287.23227602904,395.28557700270
3370,23.68952407216,13287.24141932242,451.34605230115
3371,28.84401109593,13287.25252828193,413.98944077961
3372,23.13891755557,13287.25938482224,381.61680457625
3373,32.56951991736,13287.27196151704,434.53159346735
3374,24.47672815042,13287.27686536268,478.39325288163
3375,26.94003808387,13287.29295161999,516.09688457645
3376,27.27645277780,13287.30240553960,374.98922863250
3377,37.49440111301,13287.31281968757,571.09770323392
3378,28.42057170351,13287.31798582894,322.79564367895
3379,22.96689954491,13287.33002502314,422.24131068694
3380,31.08116563221,13287.33820426438,394.37578017185
3381,31.02845742948,13287.34565592300,386.30117967753
3382,17.95712376579,13287.35963106843,390.54164058851
3383,74.93472651503,13287.36984296583,565.74477864075
3384,23.38842201970,13287.37875393215,387.14727168431
3385,24.11261360735,13287.39058062435,465.06724912801
3386,36.98388204978,13287.40202383506,423.29987789141
3387,21.12748859491,13287.41073837519,403.64010285115
3388,21.99360366083,13287.42209112906,439.32188904478
3389,36.40755521730,13287.43388668384,398.82478512265
3390,28.42423866002,13287.44452169022,329.03435081434
3391,29.32325982002,13287.45157511532,340.70549081830
3392,20.83964471932,13287.46152822043,397.04855812093
3393,21.94070131203,13287.47131661832,385.05774529500
3394,66.09116590113,13287.48387994133,438.39919850236
3395,24.59276721968,13287.48936160890,429.49421515780
3396,22.73946419457,13287.49939396913,418.05996264575
3397,33.40478075395,13287.50867990379,448.17216323585
3398,25.97495848862,13287.51717342861,336.67394123330
3399,35.02191803240,13287.53089341618,382.04402151782
3400,32.22122459285,13287.53770946635,415.14143875026
3401,18.55811483862,13287.54913011529,416.21511753044
3402,28.54393250454,13287.56134199081,408.68691804229
3403,24.09731164519,13287.57338134586,411.77504189713
3404,30.39191368200,13287.57828449816,370.98058462786
3405,25.79462086711,13287.58799633794,474.22833466500
3406,30.22673683581,13287.60272961513,370.20040918567
3407,22.34153329605,13287.60807484845,400.28147510954
3408,28.90511545195,13287.62168140080,425.79893934347
3409,24.28157853726,13287.62788629179,412.78683513349
3410,26.92383577053,13287.64117626885,297.38348605299
3411,20.38437243806,13287.65082657736,373.65171876625
3412,31.85820027957,13287.65699931944,517.63448514758
3413,26.95444807424,13287.67105576166,435.46243549546
3414,60.37552899972,13287.68013683337,367.25000554640
3415,22.32365465435,13287.68983766560,453.12070084704
3416,23.40272120023,13287.69999720248,384.54594925110
3417,77.75692310265,13287.71359249258,655.19147996430
3418,20.33681032663,13287.71994630993,458.81935423331
3419,32.96840416898,13287.72749530963,436.13099276892
3420,36.83449956113,13287.73626699722,406.85034554008
3421,26.76444521294,13287.74697708989,436.51489130384
3422,28.34436435320,13287.75900163424,481.85419400438
3423,25.38173516953,13287.77140847857,393.21215043769
3424,23.29287239164,13287.77730038109,382.03151210883
3425,31.52312751319,13287.79048191780,403.69300363875
3426,32.19137897240,13287.79788098636,414.75690482980
3427,25.31497083693,13287.80995695835,512.58909164615
3428,23.81242414128,13287.82202896158,408.29802079406
3429,32.61851514156,13287.83324711900,531.99188244808
3430,22.25312457299,13287.84142448544,346.89188148817
3431,26.64319642567,13287.85305734100,425.45772824469
3432,35.31695315557,13287.85875509659,385.26247474022
3433,30.72635198510,13287.86927362276,378.81990887419
3434,23.10636583147,13287.88002214049,431.66253663746
3435,21.42938726813,13287.89122470519,413.87021181818
3436,26.86545311893,13287.89915042786,439.80642230933
3437,31.87478434924,13287.90982641565,508.00046932741
3438,28.78609838686,13287.92369518386,415.15901501746
3439,21.10961088484,13287.92876239179,360.72118892455
3440,39.45872832735,13287.93564090921,466.88196984850
3441,28.67686217385,13287.94672515924,329.47206252760
3442,33.51917214458,13287.95723599691,449.70688478876
3443,23.99117912922,13287.96967108938,467.05841198712
3444,31.08656025983,13287.97665514474,491.52167520571
3445,36.36774849934,13287.98890103379,390.00065391588
3446,22.73406894618,13287.99892326288,472.51874973076
3447,28.99372163876,13288.00601938516,421.15813387890
3448,19.52438744051,13288.02082899430,423.27863319069
3449,43.69727664909,13288.02659160871,190.47201302131
3450,25.86552172463,13288.04165221640,467.72988466267
3451,30.48877685715,13288.04691145920,474.29405904701
3452,38.85365701917,13288.05577395659,454.77039584338
3453,23.07000494078,13288.06750170908,483.92050618440
3454,28.02018635606,13288.08168329904,471.37249462633
3455,20.09977330221,13288.09161694427,367.33676128482
3456,34.84810911904,13288.10115538455,484.12540407449
3457,29.52145334204,13288.10908998777,446.74065351235
3458,27.58371611522,13288.12039413061,459.08453071180
3459,32.48703146838,13288.13275576280,522.82929176695
3460,30.65284562154,13288.14190641041,380.39181048423
3461,34.40107063573,13288.15012605362,360.80147269278
3462,31.63910266704,13288.15960723910,511.14534663562
3463,19.96457321563,13288.17315954211,479.14975717502
3464,64.17592817108,13288.18441130948,425.69494863257
3465,19.79352661213,13288.18992457712,436.35636368920
3466,30.90504588680,13288.20233653601,382.27430566751
3467,22.98985194085,13288.20857139973,423.28806512449
3468,22.61905142029,13288.22126867110,362.61097914781
3469,70.87478193142,13288.23348704260,506.14718255183
3470,22.44708699959,13288.24014210598,408.38895380261
3471,30.44391298656,13288.25075614827,370.36618638062
3472,23.47496088473,13288.25943157855,446.64159171685
3473,37.94355366134,13288.27082003957,432.62307425594
3474,28.69236598318,13288.28263057984,410.81216202916
3475,18.97287208888,13288.29037117226,435.96340919726
3476,56.94994961244,13288.30303177832,317.08389991709
3477,40.62285921909,13288.31436620463,495.86519032789
3478,23.05310800853,13288.31939405407,428.81259653039
3479,67.08065179445,13288.32558686714,469.56456256112
3480,28.39728258169,13288.33941158810,401.59822161566
3481,24.71008457161,13288.34744839266,428.70394462881
3482,24.19401493770,13288.35913285671,473.48620615867
3483,35.42185847142,13288.36715032991,503.43919953557
3484,21.08341802447,13288.37918613012,360.27360513031
3485,37.57185241531,13288.39049701047,563.57778622965
3486,23.85450242117,13288.39632509934,455.73962884848
3487,32.36852047295,13288.40657224181,325.29960479286
3488,26.29122655961,13288.42143251037,419.83722020836
3489,22.48124567611,13288.43129289022,304.12065452450
3490,73.64806183595,13288.44159833226,541.20051612903
3491,19.31254646976,13288.44959824344,413.75750516019
3492,27.01832448114,13288.46106717519,438.99581142741
3493,27.99382228960,13288.47134375098,477.53883521356
3494,27.57138622286,13288.48267354314,456.38764957054
3495,25.02071176449,13288.48937529098,381.10412749117
3496,26.54662463054,13288.50208594658,423.08357677394
3497,27.77512403576,13288.51010726036,471.35948529567
3498,27.87522084130,13288.52183085245,387.25494423124
3499,31.52470309810,13288.53246346538,398.75945740225
3500,33.85956715073,13288.54147271557,469.17192501887
3501,22.01073759984,13288.55040512487,391.89004145483
3502,36.48475483664,13288.55861991308,401.33230320308
3503,30.20951836063,13288.57202470073,557.03599511844
3504,19.35690570198,13288.58117499560,412.44292751046
3505,31.17626932687,13288.59323557598,396.80912615631
3506,38.56059607030,13288.60010573287,593.63283090080
3507,30.72640561647,13288.60927129305,378.82057008620
3508,23.40750786747,13288.61765005221,388.87472684674
3509,30.54352924855,13288.62898064423,559.87213909024
3510,23.74483484243,13288.63909699341,400.15506944334
3511,27.36888703659,13288.64939200119,375.26327264055
3512,28.32888094993,13288.66032002219,489.85214429123
3513,57.59024728378,13288.67369940570,330.83078335126
3514,18.99383858010,13288.67864698150,400.22501343504
3515,60.38880755957,13288.68968852041,362.33284535743
3516,22.07854597245,13288.70073264499,395.56966986192
3517,22.14953034080,13288.70917653406,396.84145937150
3518,29.66765092548,13288.72095073924,352.28383600800
3519,31.72102517317,13288.73183478261,403.74273611042
3520,22.92914151734,13288.73901201801,425.27222172218
3521,36.36735965721,13288.75358518837,400.04095622931
3522,28.78149644077,13288.75658629055,494.33843520832
3523,25.67279499581,13288.76837076200,467.78058720070
3524,28.66020351409,13288.77720918220,415.32580674508
3525,25.67348010473,13288.78816300788,465.67475135157
3526,32.00099271965,13288.79821633368,511.01487398707
3527,24.51236416861,13288.80815393943,426.68415383252
3528,29.77306298802,13288.82317775352,354.78699203289
3529,22.57684771238,13288.82858569195,358.39634660842
3530,30.49689701715,13288.84205525776,472.45589703371
3531,20.88035520398,13288.84878680772,309.00103903432
3532,28.50752017652,13288.86363927129,407.16883003170
3533,76.35897352780,13288.87123105393,581.53261698440
3534,19.64563616504,13288.88146147440,428.16671362480
3535,54.20018915945,13288.88965153166,306.60257036993
3536,27.78858770364,13288.89850644674,467.47640224643
3537,23.37613073763,13288.91139323385,498.08166365689
3538,30.10335280812,13288.91754451134,359.98374212104
3539,27.24128172778,13288.92857690608,372.51892494499
3540,24.28469398919,13288.93888717695,360.20022164441
3541,30.52420736945,13288.95354172130,464.93087512411
3542,34.72976037614,13288.96349321081,494.82291774347
3543,22.06387406085,13288.97039235254,442.92918062022
3544,39.45687149879,13288.98015223021,466.85999955676
3545,24.14739711698,13288.99018847104,466.98843511849
3546,26.83361795623,13289.00247722829,366.94420671286
3547,30.98167593508,13289.01302846296,383.22216701701
3548,22.57899638836,13289.01931714873,408.29918255501
3549,25.73586493954,13289.03037784079,470.34009456802
3550,70.88379128727,13289.03973332629,501.22409495441
3551,28.04074540726,13289.04755303000,401.48237522203
3552,24.56705186649,13289.06065630429,421.95297254095
3553,27.25495998365,13289.06953397475,297.31651215751
3554,22.09998685896,13289.08254606054,400.24778511129
3555,31.68631083146,13289.08928395394,501.00456437741
3556,20.68270124876,13289.10276232309,475.25229209251
3557,34.94450311772,13289.10917549561,489.22304364804
3558,22.35170649045,13289.12201109675,405.42323517360
3559,79.58113532349,13289.13258184112,631.65567935439
3560,23.39952470400,13289.14012666339,330.91925189484
3561,30.63370714191,13289.15324997061,472.59381624713
3562,33.28003374912,13289.15881898297,445.25650550593
3563,31.69641890664,13289.16951048706,408.37979047685
3564,25.44864214951,13289.17934482108,522.16248049226
3565,29.03129428967,13289.18643513220,334.80521859995
3566,24.41340528033,13289.19862948496,481.50761678451
3567,32.19792156283,13289.21133497122,425.93846594201
3568,34.75993614800,13289.22110768913,481.64780380947
3569,26.64451935392,13289.22809476332,498.47331328809
3570,22.93770140123,13289.24010266022,477.85348714665
3571,41.76945980226,13289.25245042340,526.69284765928
3572,27.75081310487,13289.26215085590,392.45576259785
3573,21.98277614179,13289.27337680017,340.55570360216
3574,24.67895388026,13289.28251324652,367.70813119445
3575,39.74300061713,13289.29201525993,475.25716409289
3576,24.45088380997,13289.30248721997,424.91105794606
3577,50.11498280869,13289.30690182788,506.13651636231
3578,25.66752969760,13289.32203926047,466.27383226655
3579,27.87374511049,13289.32747508093,389.23566764173
3580,37.41925129994,13289.34309068404,434.77241133669
3581,22.77877390932,13289.35034899723,413.79697735477
3582,24.21237910832,13289.35801718546,476.31356258968
3583,32.71695023146,13289.36644799491,535.59955852852
3584,25.35793143130,13289.37920734631,391.20311269332
3585,26.20553497269,13289.38681255451,414.34588908451
3586,42.61043594523,13289.39546706296,557.20375267638
3587,19.30062241386,13289.41068755000,448.92102627208
3588,36.86875345567,13289.41702177945,402.19061747336
3589,27.23514572212,13289.42924315176,452.46422273085
3590,38.98496700324,13289.44158566147,456.30733980220
3591,22.94477313650,13289.45094613647,426.18024582158
3592,33.24062601669,13289.46078886511,448.44056202864
3593,39.32443943198,13289.47336606355,453.51155924964
3594,27.16928218518,13289.48080083647,450.55157415757
3595,26.84761843839,13289.49030669023,433.73654990939
3596,28.45888600011,13289.49916310721,484.63736523979
3597,24.83442684828,13289.51159640624,437.95988787848
3598,35.15585873093,13289.52333580677,494.68678152511
3599,22.71143513679,13289.53378756969,417.54465468822
3600,23.86673658943,13289.54164711720,455.97336230497
3601,38.18306432655,13289.55096239494,451.78810983820
3602,68.30044198147,13289.56058614636,468.24423927970
3603,23.07601443315,13289.56907785481,426.12595879922
3604,31.40428189132,13289.58130787039,404.61586832969
3605,21.39579515759,13289.59003603636,412.11211909853
3606,22.16284495890,13289.59946153630,348.31644962305
3607,65.32231335279,13289.60959487972,428.34705407611
3608,23.85506920261,13289.61993457766,455.75045719270
3609,28.87968957479,13289.62754512769,340.48651856005
3610,31.42541894956,13289.63967280785,396.25945544388
3611,21.87079217152,13289.65008758536,435.22326900468
3612,19.37719211722,13289.65857441986,379.21912527599
3613,27.08950478181,13289.67374066403,365.45739972935
3614,31.93578774204,13289.68064242379,413.93511871104
3615,32.02766122978,13289.68900328996,408.90180565441
3616,29.98339378722,13289.70217151861,456.69344805442
3617,25.92624528205,13289.71062822951,476.64822009070
3618,33.42752656523,13289.72472053528,447.22982489569
3619,26.45054573726,13289.73215573775,355.85569818906
3620,23.15880793894,13289.73802260544,429.53189927235
3621,36.72086222999,13289.75293441186,418.68224703088
3622,20.44166522454,13289.76237454640,334.64448221477
3623,24.86809224738,13289.77075267645,438.55358365835
3624,29.52162477686,13289.77739390502,434.88068880336
3625,25.89128964124,13289.79212617482,476.70919865058
3626,26.64024923829,13289.80259556347,357.41644940611
3627,71.13186189831,13289.81202309007,487.65547625821
3628,39.12497359246,13289.81874067870,459.61437215152
3629,18.61591701835,13289.82862029726,419.58146068263
3630,20.58793167088,13289.84203121547,340.79090796677
3631,24.76127722998,13289.86242153660,432.43711596974
3632,56.37043257747,13289.86873106612,347.49068393398
3633,18.61811810104,13289.87782354928,381.55787907236
3634,27.52623395228,13289.88843508584,385.36727533192
3635,25.67281884939,13289.90006603879,462.11073928909
3636,24.61543276945,13289.91194016336,369.23149154172
3637,35.25110881324,13289.91877374713,371.39347686041
3638,29.70799780431,13289.92670031528,363.84717950138
3639,19.20711857088,13289.93766407249,442.59803141861
3640,23.62826750344,13289.95744675212,453.26876053697
3641,22.97411108798,13289.97250706533,426.72517408463
3642,32.67219928186,13289.98122562722,427.24444479855
3643,27.50987312928,13289.99082033473,310.02052542988
3644,29.49771168046,13290.00134926183,346.51965200399
3645,17.90284160186,13290.01139049025,420.24036850245
3646,35.54215787464,13290.02337898779,390.96373662103
3647,39.19681209633,13290.03486185111,463.78293521012
3648,24.67489050151,13290.03791806485,365.15503345328
3649,25.82599072971,13290.04888713606,473.39822966452
3650,32.81630725706,13290.06381335011,430.38183486560
3651,23.70282598081,13290.07257532708,398.74325139348
3652,46.99287988401,13290.08171720605,438.32040347448
3653,19.59347034618,13290.08658309101,426.12982756173
3654,30.49456437986,13290.10092935355,373.48061329549
3655,22.61623886781,13290.10974857751,414.56250618780
3656,33.60361954353,13290.11986319436,450.83986553624
3657,52.51955474860,13290.13101872725,301.70187242161
3658,26.99603380202,13290.13881302928,437.80209706377
3659,22.10830632567,13290.14882306228,444.92108230432
3660,36.73109760175,13290.15670841320,404.04207361928
3661,20.99743943872,13290.17058582980,398.39840194676
3662,34.98572039804,13290.17722578160,375.18005364563
3663,27.61978627574,13290.19112691129,383.70633383626
3664,32.64284172453,13290.20147202233,424.35694241891
3665,22.29676731275,13290.21169115472,405.04089269808
3666,24.49001916840,13290.22045916597,422.76327842281
3667,24.80721979863,13290.23272485882,306.84836252306
3668,32.05922786761,13290.23811380117,515.94444438343
3669,24.85532568061,13290.25075800285,438.32844280100
3670,38.01578465770,13290.26143314032,582.77094345723
3671,23.01910157727,13290.27041849535,477.33424986343
3672,33.08409198985,13290.28065258798,445.10093557019
3673,30.19982055208,13290.29297168452,372.32839339684
3674,22.33260140284,13290.30098557527,449.98944952056
3675,32.37490982406,13290.31259053160,312.21232376188
3676,24.27010002402,13290.32409189696,476.83180839565
3677,19.81640132470,13290.33962358420,475.59363179277
3678,36.69846269610,13290.35433653805,146.79385078440
3679,27.43488108787,13290.35861640522,444.91900406745
3680,28.02588289075,13290.37162708197,400.28967362210
3681,21.07958203967,13290.37909195251,355.86430279765
3682,30.24468138012,13290.39188846115,465.61095151754
3683,43.76973700722,13290.39871815303,575.70100645980
3684,25.00472386347,13290.41011402579,500.71920515485
3685,30.72586018270,13290.42319595523,378.81384552704
3686,31.03876433788,13290.42625109455,391.38392630253
3687,23.13775810189,13290.43970867491,434.10282099242
3688,23.31980632698,13290.45158860726,435.64993415306
3689,33.45381500556,13290.46162663897,110.95375217940
3690,22.52371822272,13290.47073042788,361.08267172793
3691,29.79183137349,13290.47886144418,442.88741330680
3692,25.64829990315,13290.49198151301,396.51309412588
3693,21.91612329508,13290.50224392250,435.57433557623
3694,37.23401084803,13290.50863804982,416.28889665583
3695,28.44791336882,13290.51734969579,413.22981079959
3696,25.32194579013,13290.52871312233,455.09109326289
3697,65.15668504760,13290.53602517725,396.33264240600
3698,21.01066605828,13290.54872056644,444.71197816021
3699,23.59116694483,13290.55947368989,338.59694403631
3700,29.96022705538,13290.57174943108,540.11567436363
3701,26.30734512126,13290.58279395025,421.73882520291
3702,62.66735435283,13290.58701471601,386.30751670160
3703,26.70486040376,13290.59762945287,357.28668164938
3704,25.06104629258,13290.60771778189,383.36029223071
3705,21.64516481382,13290.62034547010,421.94193999950
3706,33.62196973572,13290.62727810896,462.22566398240
3707,31.17803047868,13290.64073348444,486.01739582099
3708,23.24730031021,13290.65178825841,330.40621708137
3709,26.19544177604,13290.65778781500,410.85945015429
3710,27.99324181280,13290.67149942854,477.52893302112
3711,29.68132071616,13290.68097373579,442.24171838390
3712,29.42432543665,13290.68797939944,345.65755883741
3713,32.84153564422,13290.69523912850,323.45161455257
3714,26.06013420550,13290.70841572211,414.51180982773
3715,23.95999485240,13290.71671143464,408.02400966717
3716,23.18732399574,13290.73008052530,430.06079333597
3717,40.43422355541,13290.74086847089,490.23890693802
3718,24.81963164461,13290.74892901047,374.76821932238
3719,25.69017758392,13290.76015198628,397.16050735952
3720,25.56998571043,13290.76955649950,397.77562639512
3721,23.75181614965,13290.77831094410,339.24379016131
3722,28.87783155063,13290.79159643920,419.47473311160
3723,22.24685863561,13290.79854509912,400.44345544106
3724,21.28651848120,13290.81220172207,452.55759060117
3725,42.91121535665,13290.81814142362,386.20093820983
3726,26.78174946479,13290.82846875292,365.25436536402
3727,34.92879412618,13290.83881764094,366.33628335448
3728,21.66251568653,13290.84981811050,423.38997602926
3729,37.87894343211,13290.86027231238,441.74059396040
3730,30.59929639018,13290.86985751000,374.76331322065
3731,23.82707046836,13290.87911794454,459.55989250887
3732,34.76159953594,13290.88760366307,482.92357453678
3733,28.06115929780,13290.89701424091,401.77465765394
3734,25.08935640608,13290.90649638764,440.31641793194
3735,24.20589945397,13290.91650055027,299.41044063536
3736,26.62157197218,13290.92668493450,502.99979090895
3737,30.00020027294,13290.93752881971,450.00300409415
3738,26.88545698773,13290.94864995365,433.51496783180
3739,26.96978369956,13290.95975867828,443.97867301158
3740,25.72816462858,13290.97303515952,396.08005992700
3741,26.32431223545,13290.98373794286,423.64971190755
3742,38.74520478966,13290.99273009909,450.17859868722
3743,23.15844254420,13290.99890427715,429.52512220947
3744,35.07212569701,13291.00833113098,503.37970180260
3745,24.82983079426,13291.01909524503,499.69070573214
3746,65.32418480503,13291.02859436497,428.35932600915
3747,21.13996107826,13291.03891590178,495.77603301753
3748,67.47656307119,13291.04865696633,472.33594149835
3749,24.58299062118,13291.05971936436,426.49894700001
3750,30.40770551716,13291.06903312644,464.15348029798
3751,25.41926198551,13291.07693417824,457.54671573927
3752,23.11977162606,13291.09144918696,427.55953187146
3753,32.61317942970,13291.09908271711,436.33460277634
3754,22.67501562701,13291.10936605417,411.91211455369
3755,30.87926802868,13291.11709188215,380.70518447479
3756,30.43678364840,13291.12712884009,471.52462472941
3757,19.53440493502,13291.14935925879,423.94609536341
3758,31.64201777822,13291.16239038968,396.47334637414
3759,21.76219359844,13291.16921292964,381.30443553189
3760,79.95305167346,13291.17977222739,701.58518109795
3761,23.28642184128,13291.18781365865,434.40256660753
3762,22.88012405502,13291.19952570434,423.12767134327
3763,65.21266718298,13291.20797864378,422.62638626446
3764,26.10835348109,13291.21805385382,409.49352362091
3765,32.61918395503,13291.22951944978,532.00279046569
3766,32.64201254167,13291.23861176005,436.72036352334
3767,32.23853297698,13291.24677535788,421.57352200397
3768,23.45300611946,13291.25591824728,442.51043444204
3769,35.10576503133,13291.27022406606,500.18015944480
3770,20.35777459765,13291.28063870327,457.03090620951
3771,30.29995710457,13291.29219446030,460.51947789911
3772,32.29528115716,13291.29785329246,427.22641231382
3773,22.76185381745,13291.30945047821,414.74071468414
3774,59.67447652405,13291.31544799574,353.03896413096
3775,29.95213528186,13291.32940052103,269.56921753675
3776,20.55944072882,13291.33977426447,385.18099859899
3777,22.47472953656,13291.35068847188,358.18824772222
3778,28.99375009655,13291.35892922484,421.15854725218
3779,30.02797432253,13291.36986097374,541.33700559091
3780,21.17819283517,13291.37940129959,407.37067291660
3781,31.16982136121,13291.38815161349,399.16847726880
3782,19.61857936992,13291.40852570242,427.12670623378
3783,28.25474919688,13291.42382127638,397.57956276872
3784,23.80034773100,13291.43795740135,461.50586518030
3785,22.69938856416,13291.44990566817,410.47625128385
3786,22.64962870682,13291.46126065475,415.79191231626
3787,70.01809587858,13291.46701493149,490.12667115009
3788,24.20386034797,13291.48238090750,351.58137971450
3789,57.81425695907,13291.49219135443,332.11762096442
3790,21.14494549482,13291.49829497384,452.02730562476
3791,35.91774786143,13291.50980148563,386.84598346983
3792,28.76484953157,13291.51727209412,339.13257441860
3793,30.25938860671,13291.52669316737,456.90674818640
3794,19.63125441695,13291.54210639543,428.30340576744
3795,64.96731001065,13291.55004664910,421.03629005213
3796,25.50362104349,13291.55779658132,461.89022193184
3797,28.00002586844,13291.56575244692,392.00036215816
3798,35.64803596477,13291.57914784976,380.61686952706
3799,30.20767941817,13291.59098631740,465.04131355393
3800,23.88872126338,13291.59624638088,399.73476332171
3801,25.02426663837,13291.61180896868,444.84109406520
3802,39.51199180773,13291.61575425125,313.61671238419
3803,25.71791582354,13291.62916857970,471.41718391152
3804,19.23671838592,13291.64158679094,294.89330875918
3805,34.73090396840,13291.64904382479,493.61889092031
3806,41.78196086295,13291.66330030129,523.52646906133
3807,22.75071410706,13291.66975721983,419.50244029039
3808,27.49566394500,13291.68219065161,378.00288393314
3809,21.19804748766,13291.69015092918,319.38078890978
3810,66.50140688881,13291.69758405430,441.12042936186
3811,29.58819744120,13291.70996474037,436.86449989059
3812,20.60462438612,13291.72098265721,471.66141049773
3813,24.03594014164,13291.73841049526,467.31208650117
3814,30.00569683864,13291.74878521632,451.08453361481
3815,26.40786238031,13291.76201176551,494.75114312114
3816,33.75810577120,13291.77456108549,455.42174559105
3817,32.95855270564,13291.77734342070,434.75316926089
3818,33.24278249939,13291.78826198550,453.37110784010
3819,28.69226916590,13291.79832935492,410.81077581665
3820,27.17399948098,13291.81074370735,451.44838507919
3821,28.75322901805,13291.82141010316,496.35769091597
3822,26.00811300721,13291.83117078693,412.86599452280
3823,28.28558038917,13291.84277255873,400.01851405955
3824,34.82432446431,13291.85336350711,397.05838949879
