,error,freq,rate
0,11.59593442600,14733.54716087717,242.96180810587
1,16.18168008604,14733.69087685728,211.60292469521
2,16.35630436726,14733.78838926948,240.94340888328
3,16.50651419134,14733.88499099642,245.38697474702
4,17.20030677336,14733.97947432309,269.77627038344
5,15.38533556251,14734.07801802944,213.18546308611
6,17.80350878658,14734.17681129914,256.14788599282
7,15.22442108331,14734.27301733014,208.74674487652
8,16.89990744979,14734.37565699667,260.17076818766
9,15.32968965493,14734.47207860513,212.96685490672
10,16.25829300491,14734.56796195977,238.39337167424
11,17.79295126698,14734.66889661567,257.22971249625
12,15.52712715592,14734.76489474045,218.48604575078
13,16.20502490227,14734.86333568138,236.50455224738
14,15.81988548965,14734.95896135313,225.39867282629
15,16.36683453802,14735.05511984876,242.75938707882
16,16.24716081132,14735.15809597636,211.83705967776
17,16.52111812733,14735.25440678721,246.15911603535
18,16.61789076676,14735.34959363980,251.47431920520
19,17.02133489695,14735.44790803570,260.93212296189
20,16.91560767503,14735.54431523185,259.31135534075
21,18.81591021213,14735.64109047658,284.11401370099
22,16.04260015934,14735.73444580553,234.68300801869
23,16.54950706356,14735.83199139258,245.46885849396
24,15.60757900389,14735.93483612918,221.82537617968
25,14.77224267789,14736.03283261023,196.53190634347
26,17.02461394813,14736.13062157538,237.12543333870
27,15.79824681133,14736.23078747634,225.09036911709
28,18.10916565575,14736.32843697051,295.35155370986
29,16.05208493012,14736.42585039214,232.06229981668
30,15.38538367376,14736.52415301173,213.18612973510
31,17.58737890814,14736.62429620438,249.96361968374
32,14.43440158835,14736.72706593243,187.64722064858
33,15.50907998715,14736.82332112997,219.33151257752
34,14.39559915904,14736.91798019055,185.47432079539
35,16.73963383344,14737.01886612944,255.51942083618
36,16.71829920123,14737.11888116807,224.29952089281
37,15.25603242701,14737.21566381130,211.94357599342
38,16.41847867996,14737.31187799308,244.62982271270
39,16.72937220294,14737.41038041991,249.26203187727
40,17.51966640402,14737.50984518254,249.00124418051
41,15.56287182060,14737.60725672584,218.43531519185
42,15.56611492241,14737.70393514565,219.58707343953
43,15.62390668007,14737.80196311120,219.84785436663
44,18.16520380908,14737.89972913881,299.03699532714
45,11.48173675768,14738.05225905244,226.74613293137
46,15.11474356673,14738.19427900426,204.46846107679
47,16.47227654937,14738.29467100210,247.08414824059
48,15.85402132837,14738.39317319123,228.09964577362
49,18.37170594423,14738.48805364957,270.00783160693
50,17.41220713328,14738.58442061037,274.75999409640
51,18.66106682265,14738.68768981797,315.58727585001
52,16.08220365738,14738.78829589839,234.71203519143
53,15.87581701533,14738.88254565952,229.51402413353
54,16.76658392814,14738.97775626901,222.43387162254
55,14.79334545271,14739.07785927510,197.36784541469
56,16.03044895886,14739.17215192849,210.23736712934
57,16.47811809807,14739.26443244562,246.07077815136
58,18.05110204886,14739.36121878729,257.82130667651
59,14.56858018721,14739.45922330373,193.27405683669
60,16.71874189058,14739.55296667976,224.30546019366
61,17.55576182937,14739.64341839365,277.58096720128
62,15.78532456870,14739.73857816416,202.76616541461
63,16.57259868234,14739.83435869624,245.81136255044
64,16.94896365946,14739.92705196986,230.53082936779
65,14.58909415455,14740.01788900615,172.00288336771
66,17.60480055516,14740.11439101701,282.22642269086
67,16.98089217446,14740.20961357319,235.90609342456
68,19.25005976464,14740.30319528208,293.20817488366
69,11.43076929855,14740.44192941457,222.53332892133
70,16.76255954184,14740.58071136613,255.86936658724
71,16.85671257735,14740.67734105072,226.78387368531
72,17.73810248794,14740.77502880406,252.10580424551
73,17.16413424890,14740.86549526654,270.30105645286
74,18.83066355046,14740.95928839545,280.57056781604
75,17.30660834468,14741.05401612655,241.67363326860
76,17.52095863902,14741.14819312791,276.47606391146
77,17.49264606586,14741.24555117949,248.61721302000
78,16.00648364327,14741.34136935816,232.50760509998
79,17.60608469462,14741.43600895836,248.36438842259
80,17.26658035967,14741.52838775922,239.25275564732
81,14.13108856450,14741.62250749174,180.96623137730
82,18.38500554043,14741.71822237699,270.82804329054
83,17.69005984026,14741.81401194638,253.28311139154
84,16.94871778920,14741.90664872190,258.71094890745
85,11.53780616149,14742.04783603499,227.56110767617
86,19.61167000325,14742.18200696340,306.97119095700
87,17.42818838799,14742.27539964083,243.37140617789
88,15.14794820064,14742.36946838155,211.52958484431
89,17.67462762713,14742.46406068835,249.33130547481
90,16.79085916907,14742.55760907239,225.89790668796
91,15.50509633833,14742.65084095301,216.51688717025
92,18.25374802671,14742.74670944114,266.40468187676
93,16.63886670732,14742.83880839621,251.24137766154
94,17.64910742647,14742.93116220428,252.69676205870
95,17.39321031699,14743.02552664091,239.74885896478
96,15.51190341202,14743.11970925589,220.46557052678
97,19.49913181924,14743.21172296949,308.92434602615
98,12.91747459193,14743.34280357204,284.18444102248
99,19.11987493802,14743.48446593121,294.96706426255
100,18.44965626532,14743.57873983560,303.15878744203
101,17.05697306856,14743.67176843458,235.11414834018
102,18.82723149742,14743.76239323089,288.00126237689
103,15.85889967811,14743.85328329450,226.51039401339
104,16.81141251733,14743.94727001869,228.04109434999
105,16.81589384323,14744.04102115141,255.02565698724
106,18.80385210557,14744.13439573690,283.30859828088
107,19.11389240512,14744.22695158484,291.13413545460
108,15.39219360801,14744.31557806429,216.03973232045
109,17.50007963472,14744.40546833577,247.48849962029
110,11.84843579432,14744.54723727756,240.49698018497
111,17.95640741070,14744.67631036441,258.34771411711
112,16.66957988789,14744.76377543386,221.77433614836
113,19.53402389599,14744.85761900901,269.96558133892
114,19.14627592136,14744.93968175018,297.84615384615
115,15.56483361216,14745.02184840153,190.62950140561
116,12.56278188886,14745.15521909580,254.68697236301
117,16.31434700188,14745.27808588470,214.58173228606
118,18.62502808190,14745.36579315545,281.84781828289
119,19.30460112882,14745.45239561522,299.06559470838
120,18.36038805964,14745.53880121984,235.12769158665
121,15.88286354837,14745.62999242528,208.90645353320
122,11.83878838788,14745.75399659780,223.37381255539
123,18.20007934606,14745.88457834030,264.37142321144
124,15.51128704520,14745.96928062124,199.24608969005
125,17.77494010611,14746.05252526973,251.37561368424
126,17.67518525836,14746.14347420354,220.05428184239
127,16.60407208955,14746.22331447704,224.00117904110
128,18.46959004875,14746.30448229434,273.32497267651
129,12.29721587699,14746.43878677891,240.34687433012
130,19.12718998436,14746.56110350153,262.95538780543
131,15.47882756678,14746.65177511028,189.57614677572
132,17.78202756143,14746.73549271122,253.35489407488
133,15.60547203349,14746.81712214150,199.23732946975
134,11.96296077233,14746.94562388377,214.66765616131
135,16.62522576486,14747.07148513981,221.80817714502
136,16.62769475498,14747.16406839090,223.08393468748
137,17.05417352527,14747.24310938669,236.30956021493
138,15.66330833720,14747.32097564814,196.88473286275
139,18.07809822566,14747.41251819885,227.95614498753
140,11.70739293969,14747.54045214781,220.58418472940
141,17.80388172195,14747.67438517512,256.15325159843
142,15.44516198169,14747.75373943555,193.52732493525
143,19.29527117916,14747.83274345259,268.05847411773
144,16.23408152866,14747.92619242602,208.53055293665
145,12.35722930706,14748.04941652647,244.03572545304
146,17.94875661631,14748.18028624334,231.94905324212
147,15.63806731413,14748.26111619452,195.94442182271
148,19.82234496719,14748.33840300644,310.90133251495
149,16.89268838133,14748.42970064199,233.46159826187
150,12.45828739828,14748.55222464231,249.78788563311
151,19.86042759998,14748.68335513911,277.33577837804
152,16.61860400859,14748.76447761703,217.31644636853
153,17.31846327202,14748.84593891210,243.69237920097
154,16.40224139847,14748.94050689191,221.27833415558
155,19.85786619030,14749.02145277345,267.16026610136
156,11.57473737587,14749.14696871208,215.61346717256
157,17.40762041845,14749.27871154614,249.23919428879
158,16.92991740518,14749.35968297656,228.39707268043
159,18.97990045494,14749.45652513146,289.09323087345
160,17.87866799144,14749.53812163436,226.14924953156
161,17.36132741790,14749.61788021029,240.56560939719
162,17.77489749426,14749.71532887688,251.37501106176
163,12.04866673320,14749.83797421710,233.63231612498
164,17.20968986269,14749.97500267745,212.87210726393
165,18.60808615454,14750.05860283708,277.87798416684
166,17.02238459750,14750.14003780119,230.90285887989
167,17.66088115477,14750.23747540190,256.53911707059
168,18.18534448785,14750.32076324249,263.53067823268
169,17.36240318924,14750.40341980123,207.62414446376
170,12.17472439374,14750.54259604310,239.19538212202
171,17.30665820472,14750.66681806996,241.67432952611
172,16.57840573834,14750.76772792415,220.56134298206
173,17.96435170062,14750.85127122600,225.09268163957
174,17.12437672086,14750.93148057190,238.51496797289
175,16.52643674413,14751.03193203301,216.11120299346
176,11.45483889374,14751.15552722603,210.59465073822
177,13.09073036218,14751.34013912761,259.51361817104
178,16.75955255699,14751.45750675207,229.79540717600
179,17.05001370710,14751.55811533849,230.01726037194
180,19.00989102236,14751.64254245115,292.03548718766
181,17.76360444879,14751.72428412315,221.86734845406
182,16.78953375718,14751.82917568242,224.62865230700
183,11.44907712720,14751.95530515494,213.57976434685
184,12.27469947638,14752.13558425138,226.00118542339
185,17.25534395343,14752.26250637305,235.96327967692
186,16.99340413559,14752.36422042272,233.00181847724
187,15.56799826920,14752.44942799163,196.92133256099
188,15.75003507831,14752.53119188706,200.46521894044
189,18.68552707115,14752.63530634994,245.05839012647
190,17.54120599933,14752.71995202965,245.57688399063
191,18.50279043020,14752.79897240916,278.15793236409
192,16.96678651592,14752.90735775037,232.63685606379
193,11.79195265439,14753.04057158105,207.61875082714
194,17.78811967203,14753.17916212817,255.30754689603
195,17.44579331805,14753.26672736378,244.24110645273
196,16.89037312887,14753.34807700449,234.64856265374
197,18.51350931208,14753.44971993562,235.63850360638
198,16.20094476338,14753.53629988247,217.35848274380
199,20.31951850601,14753.61466121966,322.56235636487
200,16.60199469167,14753.71475341730,222.73913215605
201,13.48799065099,14753.84279872140,276.75042989727
202,17.60275370134,14753.98024764747,245.17798829985
203,16.07983103058,14754.06327522305,207.17413050700
204,18.19800379894,14754.14278322573,236.57404938628
205,18.44339932956,14754.24082360559,271.06150487892
206,18.29879558276,14754.32294350388,270.17847899476
207,12.42801178826,14754.44391038122,216.33309856271
208,17.66668948961,14754.57342206582,250.46855176249
209,20.06577692058,14754.65733306862,289.39275027675
210,19.20855163942,14754.74132889902,291.94470941505
211,19.36226047672,14754.82209064949,264.06602644589
212,12.54210438839,14754.94463795886,236.64395231279
213,18.40528184074,14755.07422889854,243.47899280328
214,17.54363003409,14755.16394934653,248.72388286889
215,18.95534165009,14755.24566455773,252.18441851492
216,18.49951216714,14755.33286307342,273.14202384840
217,16.05624667300,14755.41757487296,180.94471052638
218,13.59322285181,14755.54210231423,279.24066423881
219,17.98983340585,14755.66217406265,228.97319748652
220,17.88985074975,14755.73998762446,253.63240867348
221,18.85756558123,14755.83411398838,251.59130505202
222,12.18382815138,14755.95496318435,222.66758464821
223,17.45800412135,14756.08310048086,219.44370906541
224,18.35831156569,14756.16728072775,266.66987896571
225,18.26880658348,14756.24916744725,234.66706949939
226,18.24693715579,14756.33359490330,239.30633731181
227,16.31382280442,14756.41748697958,212.07969645749
228,13.26175621250,14756.54492392848,266.55800090641
229,19.07400282637,14756.66754547326,253.76310278722
230,18.60846692353,14756.75546395236,277.88367026051
231,18.63812767083,14756.83536593189,242.29565972073
232,17.96416134291,14756.92046154485,225.09029646437
233,12.58984059052,14757.04169599446,239.53805369145
234,20.46962034530,14757.17291361505,335.72673568657
235,17.95857493763,14757.25635743456,228.57534213915
236,19.87209047303,14757.33597548820,283.83022367741
237,16.45761441228,14757.42829357026,215.83958953036
238,13.16732872085,14757.54737673567,242.07839314425
239,20.36324153561,14757.66939400967,291.55724857513
240,17.30666875207,14757.75111995659,241.67447681187
241,19.22827840380,14757.83025943116,265.74009456876
242,12.53012530390,14757.94952633101,219.90280662258
243,17.37745454629,14758.07553633425,217.04433771773
244,17.84545603281,14758.15205771475,249.19823173271
245,19.27420220626,14758.23196426892,260.73657460328
246,19.77422317370,14758.31264430598,275.42305824297
247,12.79556358597,14758.43980093777,232.79487562387
248,15.63243532296,14758.56223305059,193.36254606662
249,19.39762840458,14758.63807907466,266.67330139987
250,16.88548449872,14758.72222980643,203.32815860005
251,11.96276104478,14758.84151658968,201.24478990402
252,17.24847080491,14758.95982261811,238.37860918211
253,17.11390008848,14759.04049512582,204.65247958944
254,18.65617321414,14759.12570377252,248.20424134627
255,13.41729282048,14759.24352486452,253.15697462336
256,18.27158030699,14759.36085456114,267.91395836476
257,18.93602690983,14759.43828119383,255.46096953083
258,17.96411260278,14759.52467038417,225.08968575224
259,13.35675378223,14759.63974988309,248.09069047766
260,17.42258095999,14759.76213365858,247.00771605111
261,15.99369429252,14759.84311773922,178.09824222378
262,18.08696852110,14759.91988781959,235.13059077426
263,12.70053969461,14760.03738061557,226.12668043689
264,18.05508927871,14760.16701246610,259.76749895716
265,21.45113503782,14760.24355490165,328.13926843974
266,17.73349048034,14760.32061035420,219.35116308397
267,12.89844853593,14760.43995674431,233.95666618969
268,15.96722728328,14760.56450891246,210.01608521978
269,19.44736195438,14760.63866106093,263.79685215176
270,19.02041532372,14760.71650225290,252.33432394203
271,13.75230652007,14760.84175515692,265.95695055528
272,20.05426600352,14760.95990215466,322.74286746483
273,18.49741989446,14761.03988770505,243.99772629856
274,22.62193668188,14761.12307216116,359.82393037076
275,15.24935682790,14761.24821400468,325.99401502907
276,18.98226875956,14761.36418561522,255.38030745157
277,18.12902059593,14761.44204504681,263.33923524415
278,17.73389206633,14761.51963989992,219.35613042829
279,13.76383367853,14761.64497350620,269.36353504898
280,16.75409700980,14761.76108022781,198.94387925381
281,18.27156368248,14761.84612089350,267.91371460163
282,18.56588017256,14761.92721474332,238.48304884411
283,14.31585131851,14762.04213054887,288.45641123628
284,16.97810267098,14762.16208317062,202.31744310236
285,14.86997260197,14762.24734380608,180.90102433960
286,17.50935727708,14762.32642240746,217.28540955961
287,13.65780903470,14762.44561126016,260.21621084987
288,18.65979824979,14762.56515705924,243.29400326121
289,18.08696814612,14762.65197792205,235.13058589952
290,17.87714705584,14762.72999116353,224.71225405674
291,13.12048336032,14762.84491645507,240.14427540304
292,18.48899546744,14762.96039028915,240.35694107666
293,20.20158653043,14763.03654159342,289.24270113699
294,15.19632311190,14763.11606335235,163.66940884012
295,12.25818251800,14763.23150085034,211.96379066893
296,20.53317380917,14763.34406717343,290.38292879485
297,18.41195048049,14763.42813065532,237.93483713573
298,13.92462968275,14763.53905371156,275.69360207708
299,20.20728936517,14763.65237516256,280.72863568424
300,17.82050251234,14763.72953065138,223.29025647660
301,13.62942787636,14763.84718779555,261.45775941659
302,18.66643662460,14763.96673116157,250.43652714176
303,16.85589610386,14764.04286825305,196.57183865224
304,22.21704706574,14764.11744664868,354.77779099313
305,11.98949766769,14764.23967864578,201.33790333476
306,17.89207892380,14764.35280788186,191.87117069736
307,18.28353264431,14764.43025198578,238.38809998081
308,13.82565531209,14764.54885102027,268.80146118958
309,17.25273354883,14764.66634235735,206.31268630814
310,18.55805616726,14764.74400450644,244.09311876070
311,19.78201895566,14764.81900950147,271.23737851714
312,12.70968087248,14764.93706429231,228.77425570464
313,18.22996507175,14765.05782734087,236.98954593281
314,19.01983547527,14765.13676825399,252.32663138300
315,13.32622444569,14765.24864562889,248.95441758261
316,18.34183019971,14765.36230255741,238.44379259621
317,17.46453524052,14765.44021878695,211.02478221869
318,18.71834695472,14765.52204448344,248.32693417800
319,11.60531865653,14765.63819300835,189.98725446737
320,19.57050099312,14765.75344032864,267.62257603904
321,17.16608892510,14765.83203893510,180.85596920555
322,13.55680945633,14765.95178477511,259.71110743889
323,17.93615229001,14766.06795848187,222.58179638383
324,19.60420687710,14766.14426373024,270.22534333996
325,19.57710137848,14766.22236865410,275.47423451185
326,13.43405826238,14766.34621590489,250.96891952509
327,18.75134388673,14766.45943492993,248.76468794882
328,18.49999049790,14766.53638038555,250.26323273962
329,21.65982218836,14766.61280287386,314.62709088027
330,12.46145955940,14766.73618756912,219.05246877022
331,20.00399718275,14766.85257644336,283.60560742130
332,16.57430707165,14766.92843321318,194.70402249807
333,13.00919721974,14767.04572534708,237.03885437686
334,18.29447083965,14767.16760090883,202.06903504233
335,18.28808103313,14767.24158254185,237.04062209436
336,15.87212841500,14767.31777015426,176.03041962098
337,13.44831933009,14767.43352563627,256.92978004402
338,20.08700204958,14767.55134870732,281.93450890937
339,18.45045913733,14767.63585833273,241.27106052463
340,13.36660201820,14767.74933799068,248.99220706873
341,18.87704627212,14767.86684863086,252.55766628005
342,18.98242121534,14767.94521834267,255.38235853440
343,18.21336899143,14768.02741712955,233.24492886868
344,12.79197028765,14768.14341158401,229.18698857629
345,16.47273633843,14768.25683666701,193.51083654832
346,18.41214334902,14768.33117925814,242.17393527776
347,19.17746319495,14768.41591189356,250.77787218078
348,14.13126668826,14768.52748564137,262.09595225003
349,17.67584240880,14768.64387116622,217.92242091811
350,18.92980230638,14768.72223379022,253.96994854624
351,12.28360498585,14768.84191862259,211.33513108025
352,18.28797529493,14768.95957013250,237.03925157060
353,16.00049826927,14769.03437999471,178.89100901974
354,13.00056146132,14769.14971079738,239.36572191304
355,20.13230288334,14769.26582695858,242.42502925869
356,18.86815303839,14769.33991496592,250.31433646131
357,13.56716291150,14769.45055475251,258.84497106589
358,20.71568439071,14769.56131803837,306.56413353625
359,20.83271772430,14769.63670749524,257.68648693796
360,12.60083740762,14769.75174926556,223.28740774878
361,17.93390016368,14769.85717632955,226.13787661038
362,18.43421743565,14769.93190054491,238.93476635697
363,13.75210328974,14770.04544295769,247.15556113502
364,18.65233915209,14770.15652563090,244.62313464846
365,18.71826470335,14770.23543548366,248.32584299027
366,13.22169451508,14770.33853185761,227.47463360037
367,17.43305061597,14770.45326779351,218.43549812998
368,17.39393673008,14770.52667608557,208.00123076734
369,12.41011067562,14770.64020972176,217.44270515063
370,19.88106551231,14770.75282117753,236.91023776623
371,18.10244384063,14770.82289271997,230.40649432368
372,12.40441702376,14770.93300426363,219.45653968820
373,21.30380752731,14771.04852362701,269.47421848054
374,16.76798653448,14771.12549055134,197.69164566682
375,13.34165645581,14771.23527922874,250.31166280986
376,18.21549011209,14771.34372204184,231.84533845605
377,16.51072056534,14771.41525552292,169.18454074355
378,12.85516304220,14771.53067755055,229.60055351083
379,18.45040987227,14771.64584666353,241.27041630044
380,17.57035442958,14771.72196124164,220.15590998343
381,13.02830789357,14771.83300779879,219.17006241551
382,17.76309124231,14771.94078078176,226.78396748598
383,13.34531585174,14772.05404629129,249.66799817746
384,19.91436564200,14772.15843066475,243.90017187058
385,17.10174559902,14772.23217513180,202.35058278812
386,12.45286136644,14772.34584754389,221.36690575357
387,18.39861745865,14772.45542163345,232.72614786991
388,22.84606246291,14772.53367858659,309.89906887710
389,13.18647881867,14772.64070938251,245.28268462686
390,20.00356020260,14772.75091292951,283.59941215837
391,20.19065431200,14772.82597395826,248.92710434001
392,12.77182464132,14772.94007668752,229.18219935961
393,17.70663232065,14773.05246175051,220.44579461065
394,19.02814618104,14773.12236446569,254.57924528238
395,15.37442010552,14773.23434498927,307.87252268751
396,16.82765179180,14773.34687160035,199.10746112497
397,17.19539636609,14773.42109414577,209.19102541855
398,12.79178376170,14773.53407250100,214.04748282971
399,20.21001721118,14773.64028311215,293.56745713326
400,13.24011485012,14773.74478040991,243.77636756221
401,18.54220888244,14773.85814825582,205.64304452016
402,19.23961566059,14773.93021483410,260.26869648574
403,12.67013709049,14774.03780647547,226.65030254853
404,19.88138134931,14774.14398733388,236.91400139849
405,19.27664129341,14774.21761729391,262.89833646715
406,12.04080532902,14774.33537864903,204.69369059332
407,18.41613538870,14774.44072322750,236.55954226802
408,14.23306272887,14774.55469012455,269.30218477119
409,16.13196666428,14774.65950970875,177.45163330705
410,18.91036569693,14774.73473271714,253.00344980196
411,13.21860499008,14774.85430015697,228.57104770119
412,18.54390559725,14774.95728455419,241.78294794283
413,17.68228098728,14775.03146445902,222.96507951964
414,12.94876954660,14775.14696076050,217.44681750128
415,17.40176275352,14775.25970475677,215.95019663616
416,17.69699838708,14775.33730921560,217.46435693874
417,13.44925285691,14775.43772129565,237.94157256359
418,17.73808302309,14775.55363881319,220.83735269830
419,19.36017746276,14775.62864818032,261.89962631563
420,13.63634957447,14775.74034263397,246.96479455020
421,16.25477767098,14775.85629891145,184.61878514966
422,18.35067162420,14775.92568309887,229.19981512484
423,12.76674279664,14776.03822169190,231.56774045218
424,19.85728981055,14776.15086677658,234.11399413147
425,19.93857533764,14776.22977021092,281.26821809878
426,12.86752580031,14776.34361407748,233.04080379353
427,20.68695634717,14776.45164118148,258.38000196210
428,19.55228360029,14776.52468058193,268.79945882270
429,13.82571816204,14776.64554347581,268.80268313225
430,19.07406109764,14776.75161493271,253.76387803612
431,19.02970604248,14776.82715797500,218.63467701247
432,13.00824735468,14776.93922210256,239.86022959584
433,19.71195745601,14777.05361256237,268.83525738826
434,20.04019346630,14777.13722691587,242.97443293996
435,12.27579735848,14777.24829367683,211.91311859902
436,20.62836012892,14777.35904924067,301.06100455326
437,19.70283665476,14777.43702542014,275.13514059021
438,21.10325415276,14777.51562611262,266.93739665653
439,13.26571386162,14777.63760966744,247.46868319424
440,17.25316364151,14777.74792831741,210.60170153741
441,19.74140273194,14777.81925410326,233.58342718489
442,13.30716754532,14777.93534416702,251.78342576983
443,18.64403045555,14778.05210603471,240.93397137350
444,20.31351954185,14778.13664406564,290.13509187987
445,18.98015920487,14778.21782853636,213.89553131652
446,12.59137160896,14778.32660006563,224.53632044819
447,19.51824940574,14778.44288007448,266.19343180261
448,20.27364730836,14778.52190971975,246.63956439950
449,13.21505684503,14778.63089460556,211.85347754112
450,19.39421225535,14778.74830443775,262.36004045596
451,13.04640999365,14778.85226972114,206.69400630969
452,20.03155289917,14778.96427873146,244.51626453322
453,19.83804783657,14779.03259053174,278.44027001729
454,13.53832151501,14779.13735065414,217.87866510037
455,20.37122126211,14779.24922536956,300.08682791656
456,13.86290259029,14779.35505850678,228.21217866229
457,20.12479698680,14779.46333732097,251.35863380151
458,18.96496026153,14779.53868383817,247.27282910312
459,13.84277552732,14779.64628079681,232.45973086227
460,18.44372125374,14779.76621793147,205.38058782909
461,18.63838888170,14779.83935367079,242.29905546208
462,15.89208519825,14779.93873038223,305.27698774870
463,18.30958709140,14780.04888501994,204.70740688166
464,11.81468595669,14780.15060339991,183.03232780369
465,22.50134782855,14780.25633607483,308.52293751201
466,19.78151117565,14780.33098476684,271.23041618850
467,14.05432684559,14780.43774366704,238.50983562077
468,19.09586129235,14780.54912648308,218.56212234297
469,19.03463413858,14780.62306333346,256.79125377566
470,14.32410976119,14780.73112118010,246.85723763719
471,20.13229385527,14780.84294053007,242.42492054623
472,13.06408293581,14780.94370117647,224.00236005091
473,21.23545045950,14781.04727471807,270.28315838634
474,19.92320884007,14781.12134129769,242.37629643136
475,14.00526426271,14781.22085975718,256.33842487597
476,17.76251437467,14781.32135016484,190.48174569942
477,12.64270464987,14781.42800656806,208.89176330296
478,18.36977348108,14781.53550802601,203.73064340644
479,12.67731585465,14781.65037522065,210.22950019354
480,19.63958044636,14781.75439051523,230.71283140535
481,19.97212572801,14781.82636423183,241.32411336198
482,12.82684672838,14781.93664262343,215.01713223633
483,18.94955425246,14782.03312216454,215.22556358695
484,13.45603601323,14782.14204428971,218.63470669132
485,17.76340530315,14782.24756770065,221.86486112580
486,13.46719415290,14782.34831211705,220.46746997764
487,18.46106091661,14782.45795286678,240.70278546028
488,18.50932983474,14782.52975631619,201.91295060204
489,14.34423392129,14782.63968490490,248.44941947335
490,17.06634874724,14782.75036017344,204.79618496690
491,18.70086682091,14782.81957778670,211.57615589010
492,13.56878149175,14782.92761167429,222.54456314397
493,20.26367076845,14783.03045961495,288.71286715598
494,13.71941586961,14783.13258241542,228.33658705850
495,17.73552486034,14783.23943909499,188.53121533083
496,13.62378799690,14783.33837861084,242.56464912439
497,20.50178156994,14783.44697467071,251.93010971053
498,22.03588642383,14783.51956487341,293.16840112072
499,13.58078734256,14783.62415198439,241.03506430772
500,20.36510904036,14783.73439501057,248.58783612161
501,13.84273505878,14783.83682046036,232.45905127982
502,18.42849631203,14783.93583297163,203.54939477027
503,12.26171021917,14784.03780389584,197.33355065022
504,18.91523140117,14784.13840412874,214.00141426365
505,14.18537638390,14784.24414481375,243.22853764921
506,18.92139791691,14784.34354261709,251.73282651650
507,13.68364371653,14784.44451931344,225.26120516595
508,19.94445924983,14784.55150342198,240.16309237968
509,14.32929477268,14784.65116043541,248.19066582905
510,18.27417390397,14784.75753767790,203.49258844531
511,20.14880804512,14784.82760144052,284.94717603057
512,13.26277076337,14784.93003202536,212.61838984124
513,20.35303111426,14785.03871844725,250.10223350907
514,13.88399239169,14785.13927054109,231.07568628247
515,20.43076384003,14785.24348012850,254.36095851863
516,13.27638331439,14785.34184545916,212.83661563509
517,18.61096764572,14785.43910616493,213.01226088897
518,15.95570981367,14785.54140398975,302.31754590365
519,19.76044079555,14785.64035510456,237.94721675819
520,13.89040253002,14785.73557537442,253.47606012103
521,23.40627348275,14785.83973957758,327.68782875846
522,13.64431193423,14785.93424336313,225.02775717486
523,19.45744707287,14786.03075134969,228.57324871891
524,14.60777189768,14786.13359603086,255.53164567878
525,19.41722669927,14786.23663131164,229.74772463885
526,14.55994150912,14786.33915769977,253.86125464840
527,18.84644608087,14786.43892062489,214.88254671865
528,13.86929819277,14786.54476039332,252.71063994918
529,22.39076257813,14786.64502123785,297.04703296639
530,14.08609086269,14786.74751777652,240.70322617543
531,20.83810933740,14786.85173227473,260.26790220494
532,12.58699181468,14786.95023322411,191.30571303491
533,20.16532231924,14787.05347737760,247.79562921900
534,20.37736231526,14787.12350874660,247.06238797984
535,13.79397724598,14787.22405497629,229.99156223008
536,18.53120861015,14787.32508262640,208.83611506211
537,13.66966677068,14787.42186686718,243.38149746839
538,17.97683150490,14787.52236555613,196.92632255411
539,13.70728784694,14787.62523757544,225.23372267960
540,19.56839419444,14787.72483341677,230.70796505002
541,14.08851843436,14787.82295067199,239.91882374212
542,14.56254718031,14787.95351364852,258.45957289165
543,17.98253378107,14788.05570979152,192.00092035032
544,20.01347714214,14788.12772868087,241.82376440000
545,14.17876205804,14788.22921918461,241.87156180105
546,19.48644387223,14788.32944866004,231.38870059874
547,15.12187259682,14788.42995324284,275.11835854084
548,19.20787753654,14788.53320527197,224.82244248702
549,13.57814237517,14788.63579687366,220.20046536005
550,18.93109478901,14788.73612076702,219.95944452991
551,13.68273057607,14788.83672413882,225.24617297675
552,20.30958976316,14788.93922233706,253.66669483844
553,14.83712632220,14789.03849021091,264.58386376583
554,23.66591303879,14789.14145979686,338.84430818846
555,13.75844302207,14789.24126163890,228.57242224741
556,20.22869991564,14789.33985030448,245.25995217470
557,15.49958523096,14789.44204405972,290.38463623003
558,18.72798052991,14789.54222073000,210.22106006723
559,14.22733822425,14789.64325238029,243.53280233583
560,19.38692562304,14789.73764757731,228.56848214643
561,14.52108881335,14789.83741545166,252.76707095380
562,20.49653901259,14789.93952180814,256.00169021549
563,14.79861326158,14790.03829067418,263.48181828293
564,20.71083171833,14790.14147867010,259.50597762485
565,14.25383248529,14790.24289560733,246.47180450331
566,19.42568630061,14790.34048680899,225.70607859279
567,13.02843005474,14790.44421490786,205.17192167410
568,19.99861087263,14790.54365938968,237.47034676717
569,13.58286039295,14790.64477565790,222.77547429252
570,17.79006655455,14790.75126502885,193.24958790597
571,14.74876016288,14790.84723338946,240.09242070635
572,20.69571163103,14790.94781740872,263.41340464406
573,13.63074674025,14791.04957063658,220.63291063346
574,20.07243758317,14791.14946748737,245.01532570232
575,14.00863027783,14791.25152009582,235.24490574199
576,23.77919395041,14791.35004409095,347.04591026318
577,18.60313114708,14791.41844917232,205.47829956953
578,13.15911257466,14791.52236034389,209.30849879873
579,12.49200943507,14791.65176807607,188.62520599726
580,20.54432412838,14791.75701038920,252.45288142079
581,18.48016951670,14791.82684729060,206.61457637525
582,13.39357192128,14791.92464685295,217.61978532747
583,18.34753355453,14792.02569941322,205.13166123695
584,13.01146004933,14792.12825402419,201.99217885917
585,18.75201133434,14792.23036218338,216.25874448921
586,14.53213683995,14792.33112097590,251.70399349342
587,21.07966221270,14792.43109028617,270.77316380181
588,13.69442585298,14792.53154776295,226.68308284319
589,16.53592490928,14792.63211618573,167.82130883282
590,13.68201088064,14792.73208639007,224.40166320133
591,17.78222274382,14792.82834993071,189.86218373077
592,13.34582152112,14792.92429208474,218.07252051475
593,20.56939259736,14793.02795694822,253.59650351947
594,13.47929596172,14793.12927908373,218.59744591600
595,16.76781859939,14793.22848790137,168.51449136135
596,15.08735166771,14793.33019116712,276.14387629563
597,20.74761813183,14793.42857734553,257.47116994769
598,12.62364747571,14793.52867933923,193.51685136924
599,19.07325398296,14793.62951765829,183.93580028737
600,14.38709245644,14793.73267955612,248.77608481468
601,20.15949672796,14793.83860856968,243.58812576851
602,13.94884074242,14793.93962968647,237.13029262116
603,18.06114621288,14794.04103992090,193.68421538715
604,13.84343595216,14794.14233581077,231.64498982120
605,19.64033932716,14794.24684949989,230.72174623611
606,13.81258305813,14794.34501031042,233.59197527090
607,23.03106493674,14794.44512127660,314.94507623793
608,13.94191525511,14794.54652798689,234.95333212891
609,18.81229640610,14794.65140012400,213.66661412852
610,14.51605314021,14794.75071605145,253.51196939140
611,20.51197888035,14794.85143634530,254.54696373863
612,20.47202162062,14794.91955002644,254.87461374463
613,13.93298114295,14795.01986013536,233.55932383839
614,20.50183712742,14795.12563730407,251.93079241224
615,14.86078838202,14795.22364147049,267.90667252604
616,18.72753449186,14795.32319589473,210.21605330259
617,14.35333276782,14795.42518078439,249.02101643163
618,18.27655032419,14795.52199615727,200.20957771875
619,14.12000629644,14795.61860842024,239.62445286263
620,14.40085391590,14795.74750650451,250.67415469624
621,19.87665914154,14795.84652611113,199.75795213592
622,14.15277266724,14795.94770839338,243.49350782818
623,20.29642803334,14796.04541678438,243.55713640004
624,14.11276876753,14796.14514752989,240.74580059710
625,19.24130149821,14796.24361290786,221.90151393104
626,13.31729407374,14796.34104406912,215.14747011649
627,19.99266501701,14796.44153795476,239.07750122285
628,14.73792375903,14796.53697937539,262.81482865167
629,18.00674274020,14796.63675599804,193.93855459125
630,12.97579755624,14796.73662067835,203.51743233994
631,18.88481143470,14796.83377640658,215.31997905480
632,12.66011942843,14796.92954795108,192.83319412019
633,19.92248061911,14797.02408526661,237.40375572153
634,14.21552178872,14797.12279548823,245.39795394064
635,21.03571515681,14797.22176137401,262.73599809828
636,14.22403331019,14797.32160240015,244.30579498819
637,18.31020907108,14797.42548453657,204.71436082586
638,15.37093609673,14797.52202494607,284.25844114025
639,20.27060570886,14797.62171803574,245.76803291562
640,14.34897506217,14797.72874484118,249.77110492690
641,19.74055514198,14797.82329187556,233.57339836526
642,13.48269665730,14797.92338979482,221.54331285615
643,15.80714629514,14798.04995896395,274.69891508111
644,20.99276368916,14798.14891406856,270.47283991796
645,13.34870054691,14798.24680621643,214.82700442301
646,21.81105668964,14798.34241605857,281.86096995584
647,13.40477689217,14798.43847904131,216.97526910823
648,22.03633784458,14798.53578046881,293.17440688320
649,14.54258260025,14798.63332455923,255.63527335575
650,22.11450997920,14798.73113214892,295.87197863266
651,14.53424030361,14798.82918652909,255.07488212391
652,23.94654907323,14798.92644654627,343.69763714410
653,14.02973365972,14799.02280176276,237.67876098521
654,14.68319581696,14799.15033804162,260.60087377197
655,20.16572667584,14799.25051908782,247.80059803608
656,14.84505880937,14799.34306503200,265.14122834083
657,21.43138509371,14799.43685502605,275.29112601164
658,12.57391784335,14799.53211769982,191.10700587398
659,21.01667620315,14799.62840094200,266.67172564619
660,14.20941080079,14799.72559200142,244.05464514153
661,18.46681180188,14799.82054000090,203.97260318817
662,14.42238023376,14799.91651084801,230.75808374019
663,15.21305684282,14800.04777386816,278.44465877172
664,22.13893967888,14800.14590605796,298.67062513593
665,14.62908256318,14800.24515897003,258.40111778352
666,20.28567772467,14800.34076861801,248.44779755993
667,13.78336306457,14800.43625565068,227.73853337100
668,18.85400867313,14800.53521374544,216.61606792237
669,14.22418497087,14800.62894792420,244.30839984591
670,20.90811075486,14800.72569707642,266.93688868343
671,15.05578185847,14800.82150332260,270.16634633696
672,18.67216650143,14800.92378237840,212.89545378286
673,14.51878144319,14801.02611156464,256.04149964233
674,21.69917799932,14801.12662067512,279.57435163196
675,14.43537302887,14801.22386853350,250.44436176379
676,17.01442099212,14801.31996667071,173.51372930262
677,13.79402077893,14801.42149047267,229.99228806935
678,19.06723272503,14801.51842820922,221.54122440691
679,14.42727894150,14801.61793010157,250.30393459627
680,13.68349209723,14801.75046155936,226.08839417624
681,20.02041773105,14801.84084796699,240.24501277264
682,14.79193881775,14801.94406350141,265.43185224107
683,20.56490920281,14802.04049385186,215.68658733725
684,13.68201615301,14802.13854085604,224.40174967459
685,20.82237172488,14802.23956172986,264.20627820718
686,13.73321718217,14802.33503754123,226.90998741603
687,17.67425610517,14802.43372360116,190.35756393966
688,13.42554610624,14802.53296880286,216.06371666006
689,21.38387347006,14802.63034482387,275.51193694804
690,12.40959433149,14802.73396898060,186.14391497233
691,21.30126396243,14802.83287602971,271.95633282334
692,12.76296193693,14802.93303705458,196.89738693549
693,21.58429808071,14803.03893886828,283.89711655672
694,14.19347537439,14803.13149598849,242.12255217601
695,17.89175865287,14803.22829213010,191.86773617423
696,13.35065708627,14803.33002246623,214.44330606455
697,21.29605493442,14803.43082623036,274.38047426484
698,13.81812306775,14803.52980601394,231.63395165103
699,21.07959571697,14803.62947602451,270.77230964866
700,15.63142131450,14803.73172183977,295.34700884755
701,19.82682410215,14803.83493724290,232.91244631597
702,13.49298168830,14803.93420957233,220.06387160932
703,23.32371582606,14804.04204684594,271.99892998163
704,14.63189987857,14804.14254972734,260.92415202507
705,20.37883028561,14804.24637032240,251.24709355346
706,13.22444839165,14804.34587533621,211.17750588579
707,20.22874014918,14804.44318640488,245.26043998044
708,20.50186159319,14804.51681798492,251.93109305270
709,13.93886328965,14804.61852539820,236.55035409939
710,17.09776845531,14804.71845867858,176.86069212295
711,14.26986264142,14804.82838062918,243.84351970695
712,20.45786258556,14804.92897054533,211.61777606796
713,14.15231529302,14805.01734231774,221.06623186132
714,16.06736106854,14805.14261942848,261.06371676401
715,18.12581106330,14805.23020709669,200.20612692344
716,16.64339683501,14805.32792924732,277.00132910055
717,18.16305721907,14805.42690326449,200.61752416051
718,15.96793165923,14805.52135327912,258.95633475082
719,20.07610728251,14805.62284664200,237.54370483483
720,14.37589555390,14805.70788174739,207.82991111032
721,14.15355150398,14805.82577362817,224.23442658110
722,15.96871204615,14805.94821367555,254.99988220638
723,18.80207578126,14806.03812481961,211.88863305493
724,16.44881876571,14806.14162726957,273.26830095218
725,20.42018931905,14806.23617448794,247.58163780537
726,15.84159155335,14806.32484302007,253.46546485352
727,14.81174457295,14806.44745235849,243.38179855823
728,15.30662465021,14806.55060142692,236.63467456308
729,18.19992554209,14806.64439987636,201.84693863852
730,14.17750434183,14806.74377565518,201.00081467959
731,21.72590285309,14806.83446541283,236.00371366622
732,14.46252980858,14806.92922097192,232.30262646761
733,14.93566132281,14807.04855808560,244.96305923807
734,19.97448700845,14807.12879412952,201.73243018307
735,15.01878344049,14807.22735950494,247.69612197363
736,16.30922675916,14807.34958395441,268.97865840064
737,22.36023329579,14807.44641417426,249.99500821067
738,13.46088426046,14807.54064546590,201.01386850506
739,14.19552241983,14807.65298306824,223.55131061889
740,20.19915495432,14807.73555799654,204.00146521190
741,14.53102947323,14807.82706621383,212.07339328292
742,20.10839291414,14807.91896679945,244.62915792533
743,13.63821421302,14808.01640937159,186.00044345961
744,14.75355804924,14808.13548024537,242.42569641087
745,20.64876691673,14808.23060652489,215.57945564175
746,15.27485486510,14808.31910034979,256.50843242329
747,16.61734156796,14808.43074390830,282.00563779196
748,19.89893762107,14808.52526891546,234.60501457596
749,15.17129742452,14808.62188056284,234.05137726431
750,15.29258813754,14808.75059643098,256.80622470715
751,23.39985411403,14808.84232238940,276.87080770293
752,14.76525231809,14808.92290712204,218.00633791633
753,15.71664762827,14809.03253811662,274.02911497146
754,21.63297627034,14809.12668269874,233.99641555078
755,15.16082018311,14809.22373802887,257.28765023587
756,21.88559270644,14809.32289601884,234.69683494436
757,15.30648350828,14809.41229352674,236.63249256185
758,13.91390354833,14809.51965254721,212.84179710960
759,13.73778514875,14809.63752941191,190.85141071817
760,24.33134089851,14809.72763484094,296.00353745873
761,15.19100070097,14809.82262922140,256.00329422153
762,15.90594361942,14809.94064447982,252.99952121170
763,24.81928811819,14810.02566835354,307.99926567253
764,15.48242171035,14810.10887191659,265.91932553891
765,14.73085993727,14810.22734678752,216.99911724390
766,19.27804792936,14810.32436847617,226.46578596208
767,13.03834302731,14810.41810224585,169.99919444704
768,13.90360389047,14810.53234862148,194.15326220004
769,12.52269660784,14810.64028625489,173.97086122127
770,21.63355522918,14810.73087418975,234.00267794813
771,15.05525134612,14810.82244639811,232.74853758874
772,14.20748843135,14810.94130430082,219.64244097830
773,21.33745282073,14811.03220218454,232.76413008097
774,16.12463875810,14811.11589649489,260.00198753207
775,14.26777812569,14811.22724839664,224.68919461275
776,13.96848426294,14811.34757378821,199.02026574848
777,21.44768090050,14811.44302037418,230.00075400123
778,14.83870054758,14811.52807998001,241.10034624679
779,14.85154861275,14811.64387750899,222.77322919118
780,20.41224511656,14811.73094991414,210.15692606724
781,14.58217804001,14811.81619911491,233.77009755817
782,16.32922337437,14811.93288573928,269.30845102735
783,21.63346496629,14812.02496268597,234.00170160577
784,13.84357808766,14812.11294115745,211.76602442082
785,15.48860483762,14812.21738469892,240.94614525961
786,16.69416173709,14812.33386177937,281.82988714766
787,21.01557443887,14812.42481609076,264.16167455055
788,15.19891992087,14812.51878923272,231.00358335272
789,14.12396513686,14812.62924514436,201.73057230417
790,14.13688891958,14812.73757856013,220.37228882704
791,14.62220300643,14812.84996477238,216.88231962859
792,20.63648973844,14812.94640079328,213.46550970485
793,14.36605564853,14813.03854341253,228.95725134571
794,15.01773123841,14813.15108241178,224.26255170100
795,22.28871204025,14813.23094094709,251.18102818575
796,15.24242383429,14813.31638940743,234.65413226603
797,14.06490736727,14813.43841179749,218.34607905622
798,22.13001771637,14813.53204509572,250.37256952038
799,14.10666198728,14813.61790900436,198.99895620894
800,14.71814612122,14813.72863938425,240.04569880620
801,16.09356854794,14813.83545104449,259.00147429948
802,21.16617323521,14813.92680507021,224.00172234906
803,15.45598489607,14814.02395711433,265.01493527277
804,14.26188128856,14814.13837453587,205.68777708198
805,15.74808004615,14814.24518048474,248.00101256784
806,24.00072958303,14814.32778859478,288.00875499636
807,16.13650829435,14814.41834453840,290.00856656063
808,13.46459581250,14814.54406214511,184.12557848836
809,18.86822374147,14814.62571349758,178.00246677241
810,15.27479192585,14814.71077773506,256.50737549361
811,16.16652535222,14814.82285893781,261.67807320172
812,15.14549160353,14814.94661252537,231.68147168810
813,22.75105320764,14815.04121704068,272.06302643712
814,13.53025493037,14815.12327058413,200.22948800643
815,14.52626113974,14815.23664985155,211.00613126093
816,23.06474162970,14815.32138270773,265.99557657445
817,14.67366403407,14815.41695369325,238.86994429799
818,16.06242842812,14815.54270724925,258.00080350292
819,22.36071242865,14815.63026565033,250.00036507898
820,14.81851169859,14815.70677882259,221.78317503213
821,13.67062102983,14815.81847989262,207.32523302404
822,15.74809131010,14815.94567806671,248.00118995284
823,20.73321972389,14816.04125342096,215.46593979755
824,15.57871332013,14816.12967734849,267.57318824897
825,16.20856346650,14816.24298955878,268.29946538047
826,22.63708966234,14816.32607522223,259.09333360369
827,16.55811580133,14816.42154125094,299.88023148577
828,15.66179563548,14816.54506310658,249.11610979522
829,22.18086214067,14816.63448443022,245.99766131479
830,15.60415678155,14816.71415538704,246.22944078028
831,13.74538261639,14816.82768797008,209.36343051949
832,23.23415966459,14816.91919682352,272.93957608620
833,16.02729445882,14817.01325897792,255.43304130063
834,15.14925236159,14817.13845585951,252.58851418468
835,16.13917845451,14817.24623888807,265.68440865347
836,19.36142082316,14817.32969687891,183.67856561457
837,14.73855391242,14817.42052799422,221.56904915407
838,15.16415743978,14817.54003030638,255.10061319595
839,20.31576278831,14817.63137244015,208.17462106470
840,13.49076610922,14817.71251398046,182.00038510642
841,14.86332864045,14817.82744478591,242.86879115932
842,15.99991631552,14817.94662391118,255.99866104826
843,21.62064629006,14818.03991423214,243.65230953550
844,15.68433525667,14818.13150113447,245.99918622048
845,14.36627177249,14818.23850116551,228.96069579470
846,20.97573687493,14818.32374992771,219.99538431315
847,15.62054031831,14818.41322342668,244.00063991714
848,17.01230676103,14818.53000248745,317.81611803782
849,20.21240577161,14818.62729548513,212.95090872182
850,15.94438637385,14818.71048213780,253.10928691644
851,14.25198693673,14818.82140821998,206.03858501203
852,13.86898866005,14818.94026017804,211.70092400231
853,23.55318269830,14819.03594519725,276.68724817072
854,15.26437283846,14819.12786636327,237.94802371698
855,13.41452072609,14819.24658606763,197.60822981192
856,15.88398668740,14819.34743646826,255.13460474036
857,20.69939417225,14819.43589462216,216.10801970705
858,16.49027972184,14819.53220733776,273.46035262680
859,20.21930165586,14819.62344976550,240.94078658867
860,15.62501185482,14819.70582481087,249.02171159894
861,13.49056387757,14819.81661851744,181.99765685237
862,16.64337649845,14819.93765286555,277.00099063274
863,20.28570175697,14820.03289235275,248.44809189425
864,15.56823896026,14820.11970271405,246.15547136104
865,14.83244979814,14820.23344135794,220.00078350585
866,16.80290399835,14820.34712712958,314.80230551095
867,21.07141802969,14820.43517615837,222.00116444245
868,15.72148545317,14820.53426875683,246.08017126396
869,20.02332083569,14820.62362006644,202.22562766246
870,14.50806231777,14820.71188433656,232.58193214352
871,15.11311307662,14820.81928961079,230.69165901684
872,15.68618536524,14820.93639326673,248.51591345327
873,21.90949648824,14821.02922487615,240.00650900373
874,14.10925443731,14821.11642524877,223.08690054362
875,15.92609062870,14821.23003245290,253.31997901173
876,14.23024277201,14821.34100515894,202.74975042675
877,21.78549717202,14821.42835666667,234.63698535337
878,14.68705049697,14821.52152763933,242.66990023083
879,16.48072486655,14821.64315356657,272.80453816386
880,16.21744486799,14821.75167671184,263.00275900874
881,22.90092733255,14821.83097023745,325.48333211321
882,13.96592150840,14821.91903763394,191.99967738614
883,15.20140895819,14822.04172350143,235.98932829617
884,18.80815592862,14822.12811635797,176.43614196166
885,16.07171472548,14822.20873357978,282.51496313141
886,15.89076532788,14822.32108789732,258.19437560545
887,14.56502408092,14822.43940645474,213.06793345380
888,24.65863120358,14822.53258882384,304.01202297075
889,14.19336717372,14822.61519529103,220.34031153292
890,16.40132504713,14822.72640500557,269.00173164529
891,13.75320277261,14822.83937425004,211.72786543476
892,21.90837996372,14822.92622735411,239.99427809052
893,15.24262870422,14823.01819706327,234.65728619853
894,15.55044206117,14823.13464950283,239.39601259535
895,13.72973271510,14823.24247474093,209.12505832477
896,15.93421072692,14823.34873172544,256.43685288175
897,19.65815384899,14823.43458972793,197.56200112317
898,15.65233076852,14823.52795378916,244.99772923309
899,14.36619747914,14823.64196883036,228.95951175367
900,15.13282194278,14823.74800757352,229.00114997309
901,22.80409433009,14823.83119865806,260.00667946809
902,14.17938766729,14823.92456520971,221.03477873973
903,15.69159543000,14824.04095543266,247.60919937998
904,14.70362512983,14824.14657079430,218.09000488533
905,21.26044432563,14824.22207178096,226.00162322495
906,14.66016743147,14824.30938801586,241.78167523674
907,14.69678099634,14824.43356663781,215.99768581486
908,21.50962419248,14824.52376244742,238.55327234589
909,12.92574575809,14824.61356785012,184.61657643382
910,15.42724471252,14824.71313916250,237.99993970992
911,14.04523851794,14824.82536335369,198.13247154394
912,15.87456794996,14824.94071464311,252.00095379714
913,20.36574040517,14825.02610465132,248.59554291133
914,14.93242441379,14825.10885329127,226.46142881500
915,14.59900835062,14825.21284977357,214.06348272560
916,15.79422033893,14825.33317023111,276.73709655046
917,15.71720063966,14825.44889522707,249.50282519184
918,25.83920583989,14825.53481341283,330.90329037877
919,14.91456206513,14825.61280839901,227.17184132271
920,13.40649248883,14825.71547443056,196.57776777508
921,15.86758302080,14825.84182197088,252.88765982980
922,20.48393911035,14825.92957380959,218.70862079109
923,15.29134729187,14826.01787323922,253.11683616095
924,14.45690489291,14826.12405716192,209.00104953876
925,15.27968335159,14826.23024347558,242.07571037697
926,19.77166762782,14826.32360961583,187.57050853123
927,14.76098223536,14826.41124668213,243.89145302542
928,15.45129156482,14826.52313506609,236.35931159761
929,14.25536574271,14826.62876386351,204.10577589563
930,14.37787382375,14826.74027534848,230.49485181402
931,21.44975823018,14826.83195901196,239.81558751804
932,15.97093423283,14826.91893266331,252.52264268249
933,15.43073647566,14827.02633512105,241.52922991725
934,16.47399305857,14827.13140724448,298.35670381672
935,14.88296219827,14827.24359920523,222.74778178491
936,25.77386668904,14827.33900864002,335.06026695753
937,14.77096938221,14827.42276669010,238.63231345303
938,13.74352040190,14827.53265794261,192.89950116151
939,15.23212749826,14827.64076590075,232.00885389261
940,19.49349631834,14827.72773255271,189.99909967611
941,14.89341042902,14827.82887545144,246.07952588249
942,16.71499300191,14827.93601765254,282.18155937335
943,14.94943045822,14828.04087925149,224.73921876636
944,21.78573750421,14828.12970601477,234.63957381028
945,15.21681370515,14828.21225982727,253.25825387625
946,15.90600228511,14828.34128385219,262.32851001129
947,14.43393218131,14828.45063210961,207.16589978134
948,20.39557233530,14828.52878572527,207.99484265718
949,14.20874872145,14828.61253321982,221.94775019350
950,14.54681919934,14828.73182968559,212.80161899551
951,23.53084225315,14828.82201760990,282.37010703775
952,16.46021472275,14828.91023458381,272.46503487416
953,13.07038145595,14829.01057352259,187.59526515673
954,16.03398371719,14829.12970686093,258.54021891994
955,19.80337766863,14829.22154464506,200.00431056057
956,15.93783237803,14829.31765047937,279.25338275375
957,13.42831327718,14829.42301553840,183.13777635819
958,15.69778347976,14829.53185445940,251.65461328493
959,22.97357232603,14829.62079382552,260.92962323031
960,15.22085970430,14829.71773350840,254.69369768137
961,14.42837350205,14829.83697280193,209.08699625291
962,13.19098084799,14829.94844391589,174.00098786319
963,22.53948004700,14830.02637563359,254.00704009972
964,13.63094334326,14830.11327933439,207.17240258937
965,17.31007089919,14830.23481116734,301.31458979629
966,18.59954603562,14830.32422872606,180.32928934792
967,15.83703882896,14830.41243129735,249.40193688055
968,14.07560883824,14830.51056925107,216.69124372618
969,15.02920825293,14830.64150834357,230.39339979014
970,24.68685565072,14830.73663990974,295.21185679860
971,15.25364966019,14830.82309997085,236.30852441121
972,13.81998232657,14830.93342652389,209.13428158726
973,14.80151685233,14831.04384600315,220.04036709133
974,20.43277476896,14831.14392030976,215.27264017576
975,14.81467857271,14831.24652348970,245.67365107703
976,21.55502930017,14831.33439028643,225.04111270237
977,16.52280618611,14831.42557259366,273.00156212747
978,16.98825728012,14831.53733656534,294.73524816365
979,23.40953377187,14831.62081680450,274.00156784955
980,12.97184130157,14831.72213764791,185.72850261713
981,24.29719053006,14831.81867934352,292.57691776660
982,14.82953937280,14831.90378680979,218.95552490421
983,13.64180940045,14832.02080721890,209.12497812026
984,15.93751424329,14832.14020939951,254.00218011820
985,21.25629584006,14832.24331927125,223.94897303912
986,14.91616754116,14832.33409959770,223.74251311738
987,15.44697785949,14832.43628463473,238.30436787432
988,20.29795674402,14832.52228472379,206.00176198797
989,15.21025796292,14832.61569598750,233.66441655171
990,15.59893057110,14832.73153283924,247.13353753686
991,15.13520001988,14832.84183766469,205.30384179088
992,22.27129042272,14832.92527006843,248.00259425970
993,14.55681247990,14833.02073923760,216.40257506806
994,15.70868882917,14833.12809248108,245.37756367396
995,15.64204635850,14833.23294962656,251.24846762640
996,22.97412698409,14833.33094965717,260.93592293480
997,14.36395927151,14833.42054563351,205.15837417594
998,16.81679106488,14833.52707104401,284.39774269827
999,15.74749290749,14833.63949033320,252.94218999767
1000,22.10310330164,14833.73040859471,242.12736538345
1001,16.02622810820,14833.82361694334,259.40716391899
1002,17.10458386921,14833.92156244140,262.20830554089
1003,15.29240612653,14834.03441613448,239.85201801130
1004,21.07195182663,14834.13340747860,222.00678834214
1005,15.28541636860,14834.21125073928,237.29347401126
1006,15.73787901873,14834.32119342528,243.81017337664
1007,15.31931346139,14834.43977159508,237.32578364521
1008,22.50618961893,14834.52468978755,252.63135190742
1009,14.98253873564,14834.60546781443,225.73470712554
1010,15.78443694725,14834.71457030126,253.04377404640
1011,16.07735380083,14834.83459926504,260.23470554886
1012,17.43573659266,14834.93029309139,152.00122762718
1013,15.05113442911,14835.00686019043,225.26475326410
1014,17.85251198252,14835.11791064032,290.61783975310
1015,16.02829771628,14835.23331497746,260.92178298418
1016,15.64464513212,14835.34464362599,243.37356256798
1017,20.57583064611,14835.41985031803,209.83312394583
1018,15.31445897767,14835.50539292777,239.21949653404
1019,16.46240757374,14835.63275577788,271.00543150761
1020,13.81460168327,14835.74169043278,191.91858012138
1021,14.31357742851,14835.84588325272,206.92898842265
1022,22.65861616842,14835.93628925077,257.35240892626
1023,14.58929014256,14836.02591075854,215.90177795280
1024,16.34962879743,14836.13263521499,264.64186138094
1025,15.87619073919,14836.23977044844,228.41860805142
1026,22.61700461588,14836.33464918446,263.75733184136
1027,14.60425424852,14836.42399890300,216.61609652601
1028,13.97779494206,14836.52604536815,193.17696944900
1029,15.28737955253,14836.63763570340,236.33715257307
1030,24.22269127435,14836.73342264862,296.66616909565
1031,15.61643460479,14836.81235910053,244.93420610930
1032,15.65253485246,14836.91516495541,245.00092365196
1033,15.72317623274,14837.03916552568,251.07898969376
1034,22.01019230394,14837.12478585226,240.10285143142
1035,14.29290477287,14837.20851705373,203.14034464621
1036,14.09571029907,14837.30948955612,203.77931986980
1037,16.03695979377,14837.42686712688,229.05360115722
1038,14.47075740142,14837.54602697387,212.67583095050
1039,16.00747832096,14837.64819495116,255.11722403197
1040,21.94615165731,14837.73550305067,239.40425045376
1041,15.01565866116,14837.82998123634,227.72373867590
1042,15.03355063808,14837.93096865219,226.00382236150
1043,15.98050433839,14838.03721766879,261.12359247832
1044,17.48017344550,14838.12610320044,152.38861912903
1045,16.82236269409,14838.21479490776,282.99594327662
1046,15.32996213659,14838.31803160162,235.00386952275
1047,15.89135519332,14838.42239796310,230.28761511389
1048,22.25171153678,14838.52068333765,244.76882690461
1049,14.29089889838,14838.60260362504,208.56880292114
1050,15.77300916777,14838.70408541904,247.38998217147
1051,15.14628681430,14838.81456671744,230.70136754803
1052,15.02948556563,14838.93071598155,230.39765091325
1053,14.43205858467,14839.03553264041,210.62896071801
1054,15.38554480207,14839.14266705717,234.34563664538
1055,24.88014582780,14839.23627317006,315.69365955368
1056,15.87235611432,14839.31945608003,254.45322551557
1057,17.87911217731,14839.41617870089,288.29202136846
1058,15.47911440893,14839.53260865208,239.30130152066
1059,21.16559669425,14839.62318915327,223.99562081315
1060,15.51018203711,14839.70605431577,243.26769970291
1061,14.86579251491,14839.80943034598,220.99589351000
1062,13.39518305379,14839.92567005941,180.21375684740
1063,14.06318311689,14840.03855384193,200.86243141346
1064,16.86910547854,14840.13943850323,287.76538258976
1065,20.76560412381,14840.22434764037,210.74786453623
1066,14.49983802903,14840.32036546508,212.60936036929
1067,14.76304194788,14840.43048486914,197.51603973430
1068,16.49244216299,14840.52970283058,272.00032424965
1069,19.39022939263,14840.61545596575,187.99524891463
1070,12.71277975362,14840.70621901572,165.75436869323
1071,14.61512178984,14840.80841963725,214.79754548245
1072,15.13294078103,14840.91913156915,229.00294832211
1073,14.62850843161,14841.04093679119,213.99662944023
1074,16.06271948248,14841.15163558060,258.00547852824
1075,21.50052626532,14841.21885544910,240.38319140634
1076,17.14163973169,14841.30668326546,265.00331928708
1077,16.25796496262,14841.43006093898,269.60784817879
1078,16.16616372869,14841.53766424424,256.12020083426
1079,21.48048186505,14841.61765771419,235.30688927132
1080,14.60041129174,14841.70710757526,215.57248932915
1081,15.81132068162,14841.82439375281,249.99893084626
1082,13.64752462528,14841.92333282112,188.11814478014
1083,16.06529932147,14842.03853859871,259.54285356622
1084,21.35500104485,14842.13263030747,228.00901722806
1085,16.04026907764,14842.21222759492,235.74284746303
1086,13.93513079602,14842.31893198846,193.09083639060
1087,15.34062462912,14842.43681481613,236.66363014783
1088,21.57510447409,14842.52299498380,235.35660355099
1089,16.09053067279,14842.59563603210,233.17394202550
1090,14.96780893118,14842.70517968211,225.01550779734
1091,15.19539200283,14842.82061682960,210.55352791863
1092,15.72331935268,14842.92409240677,248.60750766336
1093,16.72933558803,14843.03001137546,252.05285539388
1094,14.81735786350,14843.14576434270,224.22731220479
1095,16.64305008527,14843.23937033035,247.97586129154
1096,22.27139532238,14843.33520799032,252.95442553774
1097,16.28835759819,14843.42009463137,264.15277023696
1098,15.16240785707,14843.51971646414,210.64290189956
1099,17.02264351609,14843.63521981095,286.87068760398
1100,13.93397293973,14843.74122399342,176.80229609225
1101,20.78475897444,14843.81280214545,216.00155140084
1102,15.16269493902,14843.90115906220,207.34673479752
1103,13.67862096105,14844.01417748931,190.02947555430
1104,16.01398889721,14844.11116953012,230.95703237440
1105,15.14625068052,14844.23194891855,230.70081717480
1106,16.21740953040,14844.32867419613,238.34626979544
1107,15.46595791604,14844.43843785708,241.58598560271
1108,21.33752123172,14844.52636413755,232.76487635673
1109,17.84186486341,14844.60209310289,284.91173398098
1110,14.71573603827,14844.70624393473,217.77300632860
1111,15.60548004997,14844.82741542147,220.69481534016
1112,16.52272370604,14844.91797806888,273.00019933298
1113,13.95778253756,14845.03446304229,176.55353561609
1114,20.10662301962,14845.12160466209,208.95415583168
1115,12.14519655168,14845.22192328341,207.89227784784
1116,22.25040132528,14845.33246153149,248.76704944993
1117,15.44651848924,14845.41776024950,214.58989294372
1118,16.71513036462,14845.51310775101,282.18387832276
1119,14.76018940967,14845.62299019062,195.25895241103
1120,17.51698298918,14845.73765847270,309.90706497671
1121,17.86923677469,14845.83267884917,287.57814995868
1122,22.72598943123,14845.92791495057,264.05213577969
1123,17.22376411476,14846.01313331699,298.32434544348
1124,16.69193439734,14846.10734091989,250.93479692355
1125,13.96710522891,14846.22043996197,197.03026586447
1126,13.60947203596,14846.32816012509,168.88910646055
1127,15.62032803970,14846.43286666292,243.99732401922
1128,25.61251643482,14846.52708216260,259.93865200616
1129,16.55074204226,14846.60178031793,279.40868403219
1130,17.16634080671,14846.70289640741,267.04559183692
1131,16.12434226090,14846.82093135926,259.99720665833
1132,15.45185206421,14846.91723708498,219.06781181882
1133,16.15352327157,14847.03061415113,259.46400334913
1134,16.15179714278,14847.14105642592,239.02476996362
1135,15.16551586495,14847.24534997755,229.99643569748
1136,20.93141929658,14847.33456258589,221.51732018544
1137,15.91950352130,14847.42234928364,226.81801129989
1138,15.43103740144,14847.51389776695,217.13394305436
1139,14.61456024564,14847.62912044761,214.78929250193
1140,17.16586810654,14847.73893202706,265.37788087262
1141,15.14637973050,14847.84002764721,230.70278280555
1142,25.61818152353,14847.92256258033,263.75532185089
1143,14.80155594160,14848.00574660925,220.04094819512
1144,16.10201516639,14848.10167228681,236.10188874726
1145,15.19902093388,14848.21977091656,231.00511861759
1146,15.62486351263,14848.32295068931,222.62003736649
1147,14.66788901264,14848.42176563962,194.03793292873
1148,15.77941788942,14848.53595059782,251.48253885297
1149,16.83973355293,14848.63018389541,255.38720408581
1150,25.05992817228,14848.71974732213,314.00000000000
1151,16.40405013419,14848.80373649546,243.86373702928
1152,16.05659386969,14848.90363316994,260.39419417695
1153,16.37134731871,14849.00983604206,241.72004641837
1154,15.19878561641,14849.11358039758,231.00154210166
1155,15.68491290911,14849.21476263239,224.02536589667
1156,16.77079912826,14849.33072541105,254.89407895340
1157,15.58853136774,14849.42853414235,243.00115509880
1158,22.19725440900,14849.50999926739,254.05918903283
1159,13.77065619843,14849.62445518344,267.73215620681
1160,14.84420291037,14849.74246355958,197.48927496908
1161,20.41227406269,14849.83133919742,210.15722408594
1162,19.07691877996,14849.91257771420,328.21172087626
1163,15.90609531148,14850.00543086894,253.00193402159
1164,15.91367295216,14850.12105734436,230.61103016546
1165,15.59559858174,14850.20498994326,218.89465717369
1166,14.96491818448,14850.31862856630,227.44706486994
1167,15.91444931313,14850.42641722718,228.41531815899
1168,15.98727515739,14850.52319230217,259.27003357507
1169,15.68100990409,14850.64551679600,221.76296878064
1170,15.54495055873,14850.73688928092,217.62930782220
1171,15.74806033426,14850.81319021029,124.00035107235
1172,15.48233675341,14850.90549442329,241.34574489120
1173,15.72384587265,14851.00718353876,226.22674711133
1174,15.81844833637,14851.10556685361,224.26521099328
1175,14.79896283041,14851.22253577180,219.00465037863
1176,15.87576323939,14851.31016702294,229.51324670378
1177,15.69655986976,14851.42545294048,246.69080234382
1178,16.55204391888,14851.52824228616,251.02417476274
1179,14.80989706704,14851.62458868620,195.91652290926
1180,15.22928230682,14851.73782182164,233.95667406820
1181,15.91414245883,14851.82765391103,228.41091397123
1182,23.11743691571,14851.91390761435,272.55056163525
1183,14.63917677219,14851.99810009857,194.21062637217
1184,14.59907354588,14852.09888844445,214.06443867579
1185,15.87542248169,14852.21123203755,227.30145839678
1186,16.16930677082,14852.31371742876,266.67103883644
1187,15.40386331432,14852.41301285443,213.99730831528
1188,16.15319917403,14852.51659806746,233.52409148352
1189,15.40569903552,14852.61946985529,238.66406320502
1190,15.96713286715,14852.72284628595,232.48496377915
1191,13.90338276160,14852.83635250348,194.15017430334
1192,16.10611335191,14852.93521351632,233.95481021186
1193,15.99066558066,14853.03724956943,231.72675935170
1194,16.16922692852,14853.14089901807,266.66972204356
1195,23.00500988412,14853.21558664784,262.29746924042
1196,16.07545181087,14853.30622447935,231.28547563822
1197,15.90791902664,14853.40111570457,231.07587134308
1198,15.19807384059,14853.50039791673,231.98852879431
1199,16.16672699789,14853.61233370929,235.39109818924
1200,16.52055185369,14853.70417225484,274.46002051288
1201,17.64185864573,14853.81773736881,285.55842876135
1202,15.54812293409,14853.91939623940,218.78148253720
1203,16.99063975890,14854.01628955723,297.70005828167
1204,16.56542871005,14854.12723890950,238.91001045658
1205,14.73108800756,14854.21868549526,217.00247692909
1206,16.36685203052,14854.33427977090,242.75964653458
1207,15.50908429789,14854.43638759457,217.68037133503
1208,13.83761485830,14854.53643352624,194.71250042917
1209,20.97656830759,14854.62721749024,220.00410445241
1210,12.85099717617,14854.72395488317,232.03079508016
1211,23.86710869562,14854.82469183673,228.92526450553
1212,13.32094604023,14854.91531331191,178.22211145033
1213,17.09508334357,14855.01001230799,266.48597619616
1214,15.94847917431,14855.12086281630,254.67678915294
1215,14.19147852137,14855.22901683355,183.39431959020
1216,16.80321984444,14855.32157079522,254.27885705500
1217,14.51727991167,14855.43985521082,212.86510857173
1218,14.54176275578,14855.53964424302,190.71343061201
1219,21.66531239972,14855.61405731917,237.33160633443
1220,15.43032762689,14855.70122976535,215.47279893587
1221,16.22790729010,14855.79598678715,263.67228410326
1222,15.24049368488,14855.91351494951,212.82191220126
1223,15.74825205794,14856.02091731312,248.00372141223
1224,15.93626722691,14856.12328286697,227.61542363823
1225,15.56902532467,14856.23606885531,220.72902949459
1226,14.83241465581,14856.33646669239,220.00026226075
1227,19.49619608503,14856.41384074775,152.27015915451
1228,13.37698365555,14856.50540617100,180.96048072698
1229,15.97537492663,14856.61085661312,229.84562000955
1230,14.06307782698,14856.71847231409,198.88195391625
1231,16.23033413540,14856.83243873062,243.99542337748
1232,15.45358793229,14856.92430383718,235.38203872774
1233,24.93754920934,14857.01003731535,251.85690139042
1234,15.47275454519,14857.09903682613,239.70288269384
1235,17.72416666711,14857.20337580201,284.69227190643
1236,14.25995365199,14857.30568271234,184.27921329383
1237,14.78723972626,14857.42299884560,221.80859589385
1238,16.33356520754,14857.52140138578,240.60844014371
1239,25.18342391248,14857.61325576032,313.53109924395
1240,17.09520486469,14857.69555904901,266.48787052295
1241,16.41899241379,14857.80175697380,272.27818636119
1242,16.32962945768,14857.91874040738,241.65644789926
1243,15.50108003585,14858.01742658783,215.34788617404
1244,15.14626190217,14858.12938298367,230.70098809788
1245,18.60144287575,14858.22552227466,176.46878175869
1246,16.06623305427,14858.30196752525,233.92788428377
1247,16.28128993134,14858.40204932758,238.73057280771
1248,15.74792540301,14858.52478537087,247.99857724529
1249,15.70266421393,14858.62532550041,225.92199611142
1250,24.00066377568,14858.71369269572,288.00796530818
1251,15.64416548711,14858.80731219880,221.79432515603
1252,15.24984248143,14858.90181719401,210.75701620663
1253,14.08938809252,14859.01748953013,200.74288015967
1254,18.08545148582,14859.11994592698,292.73860614345
1255,15.38334879843,14859.22303410954,239.30874556004
1256,25.22387128430,14859.32455435272,258.46776717711
1257,11.95711050663,14859.41577401913,201.85925821057
1258,22.19444461732,14859.52356539347,244.13889079055
1259,16.83981756275,14859.61495009445,261.42426969733
1260,15.69893113639,14859.70956650920,247.22701476297
1261,17.66546862607,14859.82621284412,283.19900585479
1262,16.70351187310,14859.93537262864,279.00365442354
1263,14.86486074276,14860.03570556606,197.76410955371
1264,21.08257278199,14860.12756770597,229.01536032056
1265,16.16903840979,14860.20273965432,234.31162721989
1266,17.46148100187,14860.29934437042,274.98367780125
1267,14.08919895883,14860.42785913437,200.74018541933
1268,16.93916959065,14860.51331797480,259.67255266762
1269,17.52174131361,14860.63211944575,307.00570927747
1270,15.00848734750,14860.74012077558,204.13749803778
1271,21.65724830877,14860.80983645134,239.21212620920
1272,16.77129743033,14860.91001193997,254.90165248922
1273,16.73944016346,14861.00916067368,255.51646459233
1274,15.87500626615,14861.10993813017,249.49530760255
1275,18.00040302531,14861.22575095436,296.87025190809
1276,15.84274485891,14861.32834939305,250.99628230475
1277,25.45527783738,14861.41120665593,259.59391683343
1278,18.52553228423,14861.49996525557,348.55580992231
1279,17.34412634695,14861.59794533446,270.92391436028
1280,17.58615957516,14861.70452971863,280.27726305416
1281,14.71601842230,14861.82328325434,217.77718523066
1282,15.83708137699,14861.92069016106,226.19876634160
1283,14.72147944032,14862.03474240772,219.83856893481
1284,16.22018542738,14862.13929010520,237.28085652636
1285,24.76411068230,14862.21777451944,309.30364328619
1286,16.08224564485,14862.30843506693,234.71264797835
1287,15.02076343621,14862.41068308670,203.19712143583
1288,16.14783620627,14862.51776971783,263.36323844159
1289,15.39223787724,14862.62514404359,216.04035366867
1290,14.73396995260,14862.72879220380,218.04284361918
1291,23.07676600163,14862.81617603690,214.00512400894
1292,15.52931650447,14862.90329164599,243.56781209682
1293,17.05726342102,14863.00692870960,262.03865279334
1294,16.36683023218,14863.11224681382,242.75932321287
1295,16.40030406911,14863.22244944425,270.48074387672
1296,16.35635578530,14863.32648970804,240.94416631841
1297,20.92464281201,14863.41574897694,224.39179537846
1298,12.30736557151,14863.51842650468,212.81424516683
1299,23.74872876341,14863.61944065447,282.00052946905
1300,16.29806611460,14863.71175515884,243.38202865847
1301,15.52352759523,14863.80559300215,217.32938633327
1302,16.02323044290,14863.92099968599,257.86948962801
1303,16.05225012810,14864.03261465902,232.06468805611
1304,14.19322254933,14864.12668708369,203.71106662371
1305,26.41419384728,14864.22347144877,279.54155200866
1306,15.53341262707,14864.30266167970,242.63966187264
1307,15.41327516671,14864.40151839504,216.33562609721
1308,15.18863841408,14864.51483449078,209.36093237755
1309,16.54146306814,14864.61028349969,274.80742369874
1310,16.39394838567,14864.72579182466,242.05374717306
1311,15.81534308823,14864.83406022796,254.03202527549
1312,15.13499065451,14864.93540229255,205.30100182082
1313,18.54714910404,14865.02230653739,171.99918496995
1314,12.34938631090,14865.11974804474,215.31890777576
1315,25.93413001194,14865.22049298483,273.23301418727
1316,16.61330317872,14865.31261471362,276.00092125246
1317,14.44392006591,14865.41155355481,189.98010698112
1318,15.87601896809,14865.51229447534,227.30999878227
1319,14.68533673506,14865.62312126858,217.81874415414
1320,15.29017853719,14865.72162307610,211.86692866565
1321,14.27206211016,14865.83902266382,204.84262719585
1322,15.23535310629,14865.93569048414,211.65628968859
1323,24.49571579059,14866.00931454367,300.01002285587
1324,16.23950188195,14866.10325335578,238.67095972648
1325,16.66905872589,14866.19154719994,250.59090017474
1326,15.11369470044,14866.30660658335,229.70827214555
1327,16.38948443024,14866.41711005207,243.09533927162
1328,16.11756375724,14866.50625499366,236.87884261201
1329,16.21561613334,14866.62947085114,261.46895362890
1330,16.98905329229,14866.72545242820,263.19328187547
1331,21.85485791375,14866.80500260179,239.40797340865
1332,15.21637353675,14866.89517094263,210.84425658081
1333,16.17732446514,14866.99305251471,262.85041047816
1334,18.19741936990,14867.10214595057,296.79092822825
1335,14.54882565835,14867.20676797781,193.01198339619
1336,17.07184908201,14867.30916063732,292.72123451708
1337,14.78397078168,14867.42329659645,198.34778187128
1338,14.73858406891,14867.51852192036,194.41527641104
1339,15.01562698153,14867.62630385709,227.72325823053
1340,15.76047229400,14867.73975403105,225.10456977523
1341,14.74969726792,14867.83638393071,218.77336512700
1342,19.06641307442,14867.91945721375,147.68780061831
1343,15.28966518705,14868.00550963536,235.38140364758
1344,17.90371020863,14868.10418032381,288.68865270557
1345,17.18958574946,14868.21312733557,265.74454673401
1346,14.34168323343,14868.32125571002,206.83869709840
1347,15.99042158343,14868.42383356145,231.72322349592
1348,16.57240996858,14868.53205400537,250.78606984075
1349,15.48839618329,14868.63310899056,242.92600193740
1350,22.94804635304,14868.71952725570,262.65239560341
1351,15.47956369528,14868.80166219155,215.04897161781
1352,16.50868110114,14868.89583552302,248.17989580950
1353,16.73316437586,14869.01169499232,279.99939501416
1354,16.25488964277,14869.11927005115,239.44947670395
1355,16.22508225374,14869.22096392899,241.20318821501
1356,14.56029571642,14869.33699689791,212.00110567193
1357,14.54206693727,14869.43608910586,190.71741991491
1358,21.16835944723,14869.51811499020,226.01623028524
1359,16.77096568526,14869.60963767396,254.89661040064
1360,14.83494748229,14869.70004643901,198.47807021834
1361,16.02348932694,14869.81489928196,257.87365597241
1362,16.41307463805,14869.91689263365,245.64840783649
1363,16.92600579634,14870.02237620545,287.74209853771
1364,16.02985251269,14870.14433586538,231.74088948633
1365,14.47162677770,14870.22834795016,189.79360588288
1366,23.95641780269,14870.31704466811,289.46649767250
1367,15.56618812427,14870.40255094347,219.58810607884
1368,15.07533457985,14870.50151418512,231.10050299209
1369,15.64256286971,14870.61775942272,218.99588017595
1370,16.81133220899,14870.71612747272,257.71284271579
1371,15.49201464368,14870.82144836636,240.00125885670
1372,21.73982112430,14870.91782618352,192.00090144654
1373,13.52989462990,14871.00898964743,257.42380159570
1374,21.90870250356,14871.11723596064,239.99781133740
1375,15.21034122022,14871.20282762337,209.66008491551
1376,15.16565665199,14871.30052564909,229.99857083851
1377,16.32974974834,14871.42015640029,241.65822803855
1378,17.02313394409,14871.51635758218,262.62011965627
1379,15.52420153038,14871.61926675757,241.00041657758
1380,15.91428295689,14871.73415504288,229.51905285318
1381,16.29910206906,14871.83586565305,268.31708361163
1382,25.22398878885,14871.92327241929,258.46897124046
1383,15.94876779670,14872.00612623609,254.68139808280
1384,17.27999461044,14872.10397576674,273.22070462219
1385,16.23255431337,14872.21593622973,234.67131542469
1386,14.47311002959,14872.32738200334,214.18246928809
1387,17.36596797723,14872.43004307865,272.92761021041
1388,23.26926081786,14872.51804021146,265.31039344747
1389,12.52181852959,14872.61920422392,221.17941372971
1390,27.32675371766,14872.72633025915,304.29785100202
1391,15.00020742703,14872.81057354312,225.00311140548
1392,18.61071137985,14872.90473237417,315.83424526553
1393,18.96742418424,14873.01456767891,323.56001828693
1394,16.09763719527,14873.12169143916,262.05054792297
1395,15.04910280851,14873.23072834871,205.24239847914
1396,15.45210694132,14873.33637439409,217.43041776020
1397,16.31897951459,14873.43603544865,263.64118251094
1398,28.04243857263,14873.52634658248,316.02223317304
1399,17.85415115231,14873.60851521108,323.35242999746
1400,15.48347037324,14873.70960517768,216.21489700248
1401,15.62501441506,14873.81865705702,222.62218739517
1402,13.04402341444,14873.92552992310,172.06248617743
1403,15.94127006977,14874.03539646450,226.00650959414
1404,19.50953914419,14874.12226471974,194.11746352206
1405,13.18429137670,14874.21762155482,243.46356777775
1406,22.86535058775,14874.32603050682,269.57850766076
1407,15.13521235047,14874.41447424498,205.30400905118
1408,16.51456241157,14874.50293713913,247.16733774638
1409,15.40254058995,14874.62232526998,239.60729977045
1410,16.25488536637,14874.72098563186,239.44941370866
1411,16.40875761494,14874.82075543441,242.82743769196
1412,18.03712579429,14874.93738398269,327.16382956607
1413,16.72131935882,14875.03674707198,253.03947781292
1414,20.88004612633,14875.11816162077,217.99408147907
1415,17.10584554339,14875.19940619170,263.89613206249
1416,15.76071304374,14875.29242465037,225.10800836935
1417,14.75222279454,14875.40828232245,219.80316917250
1418,15.24064041753,14875.51154793271,212.82396121123
1419,16.13053659696,14875.60567420728,233.19646240745
1420,15.91059780724,14875.72080267304,254.56956491581
1421,16.65942555446,14875.81853674741,254.29509459374
1422,16.39851898315,14875.92827733076,241.00802427639
1423,15.68615180810,14876.02704841558,248.51538180810
1424,16.62449141974,14876.12989142540,247.69934340296
1425,16.73111584620,14876.23471192148,256.48314915965
1426,13.82031820823,14876.33574866461,191.00059768745
1427,25.48798601302,14876.42242669041,257.41604060741
1428,17.02558710072,14876.50141545008,294.39992225062
1429,15.93638174429,14876.59548258466,228.73010776572
1430,16.55813693951,14876.70031205141,247.26571427590
1431,15.08037210469,14876.80211668480,230.68533490216
1432,15.28989268142,14876.90600633494,211.86296773196
1433,16.06813895400,14877.01092711335,232.84945519251
1434,16.25815076945,14877.10851681038,266.15739893254
1435,16.95193139925,14877.21844011604,260.42051157101
1436,14.78285184388,14877.31946453873,219.76289179255
1437,15.91365185929,14877.42395463193,230.61072450067
1438,16.39844945818,14877.53033566015,241.00700247213
1439,16.38911662262,14877.62572517993,271.28815190779
1440,26.09801095071,14877.71155557024,273.71824804749
1441,13.76437377461,14877.81037106393,267.25579600545
1442,19.64927701739,14877.91229645719,193.52293525233
1443,17.05744347723,14878.00017293118,262.04141886921
1444,16.83176328935,14878.10004261391,286.13997591902
1445,15.38539207416,14878.20244986805,213.18624613455
1446,15.43097688305,14878.30760711095,217.13309148525
1447,15.68439438654,14878.40112247864,246.00011363631
1448,16.69835645925,14878.51953016054,252.69198608734
1449,16.17978737046,14878.60801768944,237.24225311057
1450,14.95021983537,14878.71323954579,225.74336905582
1451,16.29257056090,14878.83203976874,240.55692152804
1452,17.21303546970,14878.91770485276,267.21816968455
1453,14.99745699710,14879.03759077691,228.43445930979
1454,15.91945687228,14879.12917853715,226.81734665366
1455,22.38744598976,14879.20505104011,256.23603117190
1456,16.47862938922,14879.29943807110,246.07841335650
1457,15.70214264411,14879.39002082349,222.06183085617
1458,15.13281495236,14879.49485881914,229.00104418873
1459,14.12927460320,14879.60395344091,182.04296892465
1460,16.44089196776,14879.69400607936,244.96377317965
1461,15.08105269117,14879.81397826050,229.70775098703
1462,15.79786623923,14879.90354166619,225.08494679935
1463,16.47817039083,14880.00936182193,246.07155904884
1464,16.21867034868,14880.12178889156,267.48516381866
1465,15.17178620463,14880.21998236342,208.02505178010
1466,16.13000479125,14880.32640233809,233.18877418150
1467,16.17885087205,14880.42271591730,264.36460154340
1468,23.40367924036,14880.50196481801,217.03679266608
1469,13.19089282635,14880.61220107087,246.42621429363
1470,14.73402231818,14880.73197045199,219.53198818236
1471,24.41431979717,14880.82138185286,235.44317369113
1472,14.70348485826,14880.89589050357,219.56985252060
1473,15.12216259116,14880.98977976718,206.23880106960
1474,15.93752184296,14881.11269225255,254.00230123697
1475,14.73309027311,14881.20466776470,197.66514821586
1476,16.66179097586,14881.31788284562,251.58752652564
1477,15.75447710949,14881.42125832245,249.59785815857
1478,15.79898353903,14881.52295200348,226.20701929342
1479,16.30288388669,14881.62811641689,242.35979263915
1480,15.71628680684,14881.72794554681,247.00083549603
1481,24.49272884125,14881.81078752787,243.69957497503
1482,16.39033554639,14881.89340552374,269.81897619804
1483,17.06990716584,14881.99231897727,262.78788055028
1484,16.44948899259,14882.09821192582,246.74233488880
1485,15.24260396661,14882.20682638734,234.65690536793
1486,16.43154069005,14882.31016991889,243.16459641413
1487,18.36525201242,14882.41695051979,305.65871060688
1488,15.36234643577,14882.51282660368,236.00084400479
1489,15.37521697621,14882.62850352367,216.89412651354
1490,15.52246554196,14882.72896127150,215.64498311987
1491,14.80017362488,14882.83007100347,221.50871587624
1492,25.30831417806,14882.91811965256,263.01171606194
1493,17.03678456517,14882.99479103882,288.62143393704
1494,16.42155613403,14883.10098712803,247.41569034911
1495,16.24588486960,14883.21259331686,236.54365419855
1496,15.76774844064,14883.30628352648,248.31075075405
1497,15.73886228878,14883.42533044545,224.79591716398
1498,16.43551077737,14883.53008937295,245.98420122222
1499,15.59678476322,14883.63002326506,244.62601038672
1500,23.54794918589,14883.71553133170,222.15090831835
1501,14.54704359101,14883.79375999753,212.80490156269
1502,15.45238154129,14883.89986340511,217.43428172415
1503,16.73646772204,14884.01249561556,251.04701583056
1504,16.78762130365,14884.11154985635,283.40766622464
1505,16.52241853690,14884.22794742544,248.93533567581
1506,16.84392101116,14884.33364177707,283.35861030417
1507,23.48173107090,14884.40621236172,224.00143785666
1508,16.09784261629,14884.49387134062,262.05389193489
1509,17.16548582081,14884.60367520813,265.37197087857
1510,14.26260643270,14884.69993342004,183.20649680595
1511,14.64849378734,14884.82427397292,215.78578808991
1512,17.05907588609,14884.92699401218,263.72691320920
1513,22.40290154671,14885.00695474612,210.15784496095
1514,18.60526294928,14885.09330000994,311.32559585636
1515,15.93639888306,14885.18967609223,228.73035375342
1516,16.09043696162,14885.29963311791,233.17258402171
1517,17.27178835951,14885.39695791544,270.34625005393
1518,15.81577579717,14885.50880615828,226.99908677719
1519,17.88563107409,14885.60732510517,289.50423022236
1520,18.08429902069,14885.71941723179,294.94599116545
1521,14.89602415023,14885.81762801746,202.05950244691
1522,22.15402817735,14885.90222050906,199.38625359612
1523,13.11743900078,14886.00811990944,242.93837003893
1524,23.26719860034,14886.10041485453,214.51297189253
1525,12.85842273803,14886.21531165793,233.23066397231
1526,23.41425211405,14886.30952477041,225.79887021773
1527,15.10232195823,14886.39659525956,205.41378672832
1528,17.14076839853,14886.49051608840,263.32148059913
1529,16.77102359493,14886.59569993657,254.89749055135
1530,16.01380236446,14886.69836526777,230.95434216083
1531,18.05273800251,14886.80478551167,297.18557448825
1532,14.56207712530,14886.91237414539,190.97985107055
1533,15.87575849160,14887.01443472965,227.30626932656
1534,17.80400026917,14887.11714321785,295.78226698254
1535,15.75717598880,14887.21967673113,218.33783517125
1536,16.37076696337,14887.32705446768,245.56150445057
1537,16.76614468386,14887.42052312324,253.16323296192
1538,15.62056659953,14887.53094528313,218.68793239346
1539,16.33494176760,14887.62454488099,244.47902210899
1540,15.19561449139,14887.73952084874,210.55661081054
1541,17.83121577601,14887.82010740619,256.54652015274
1542,20.88053460948,14887.90794793045,217.99918139288
1543,13.98916215068,14888.01166114207,254.89466520327
1544,20.75137789075,14888.11663996474,219.61194104336
1545,13.82366779888,14888.21202525416,249.97533836823
1546,23.74875070426,14888.31474339986,282.00079000217
1547,16.07572588540,14888.39860658589,231.28941888402
1548,15.66302264011,14888.49862268967,223.71271031800
1549,16.35659014745,14888.60418949064,240.94761868834
1550,16.84358389453,14888.69877783022,257.10614965422
1551,18.04729024648,14888.81220105429,266.46504720588
1552,16.57827300399,14888.89910405326,244.77526754819
1553,16.98909798944,14889.01165635553,263.19397432080
1554,15.68225706495,14889.10300819712,220.11096694681
1555,14.47233274338,14889.21135530870,193.08500168639
1556,16.25494015790,14889.31480737660,239.45022083824
1557,16.48347448867,14889.41374750125,245.04446494322
1558,16.05242887508,14889.51527567991,232.06727217118
1559,15.58610290528,14889.62298395185,221.52014346855
1560,15.39602422179,14889.73382339353,217.18764883339
1561,16.62196979699,14889.83080891662,244.85690503900
1562,15.07639933321,14889.93583760921,207.26622345550
1563,22.46444625703,14890.00314295149,202.18001631330
1564,16.97704993348,14890.09256732721,262.45882275531
1565,17.32148481021,14890.19033976286,268.90175619229
1566,16.14445631377,14890.28964104486,235.06683213394
1567,15.83761214225,14890.39079617388,229.50880431333
1568,17.37720254345,14890.49218417300,273.65645931092
1569,17.79936024220,14890.59595165029,282.55608418154
1570,18.29038440552,14890.69199022890,302.75973362757
1571,16.49347716359,14890.81380049612,249.59159975563
1572,16.05205066923,14890.91071763841,232.06180451272
1573,14.99169043769,14891.01783569380,207.18928398039
1574,15.07286439952,14891.11248129826,203.90193020360
1575,16.89903344853,14891.22901646126,256.84307188481
1576,16.52250877760,14891.31986140698,251.66335597975
1577,14.04968270767,14891.42726128952,177.15975808748
1578,16.67831553468,14891.52459714622,250.17473302024
1579,15.66329056680,14891.63611545707,220.95790459858
1580,16.14653503986,14891.72419064779,233.98552240816
1581,16.60116216130,14891.83071494604,228.22824668521
1582,17.12788048219,14891.92667467678,262.56543585525
1583,22.45076930253,14892.00156925443,252.00926039869
1584,13.24399946574,14892.11248169755,228.24295386504
1585,15.11371420031,14892.22726761453,205.01239395433
1586,20.04465095427,14892.32102577117,211.18350205096
1587,15.60209438597,14892.38804078210,219.54092818265
1588,14.30102840144,14892.51268613272,264.08544062207
1589,18.35762441534,14892.62984173062,304.97976206995
1590,21.56844699089,14892.72082598651,237.25291689981
1591,14.01031690724,14892.81364306870,255.66429216282
1592,27.07685951383,14892.91700378153,297.84545465216
1593,16.39409106088,14892.99274563611,242.05585374728
1594,15.36408026282,14893.09041335940,212.89094101420
1595,13.77023378721,14893.21792098774,268.78424058936
1596,23.41501974237,14893.31929882916,219.65235523235
1597,17.29582222868,14893.40005031503,270.72243961058
1598,14.63897626214,14893.49237696995,194.20796630578
1599,16.77915286784,14893.60710883144,258.31177502788
1600,16.26995568918,14893.69641738918,240.22301694858
1601,14.26690609568,14893.81592157619,181.02674425729
1602,16.21753726106,14893.90685811213,238.34814704501
1603,15.83932451347,14894.01670065099,226.78461414700
1604,16.44097874417,14894.10573637894,244.96506611911
1605,17.66614325989,14894.21922152029,285.95150958135
1606,16.53638927834,14894.32330098694,249.69400241730
1607,16.79069153346,14894.42162400973,250.73849493905
1608,16.83987799112,14894.52256907519,261.42520779792
1609,16.65518043947,14894.62408375065,249.82770659205
1610,18.27051745216,14894.72265844038,269.76095740007
1611,17.66643573035,14894.81590509404,279.33087522442
1612,17.05901333492,14894.93387909476,263.72594619158
1613,17.38823156000,14895.02375970141,274.38166593135
1614,15.46943443288,14895.13480316636,216.57208206036
1615,17.06000666450,14895.22682872322,265.39142079017
1616,22.89139489727,14895.31641858471,262.00399005529
1617,17.09405699408,14895.39299625715,264.81999222876
1618,16.88517441904,14895.49433620868,255.51905481195
1619,15.40887740713,14895.59673593379,215.17326291813
1620,16.87423608993,14895.69104641031,232.59529291790
1621,15.64409577725,14895.80116003895,221.79333684812
1622,15.95240444132,14895.89437259810,230.62123570702
1623,17.53892366815,14896.00234017911,273.96674578982
1624,16.01856110094,14896.09831364213,235.42380666537
1625,16.58854325130,14896.21228962713,249.38048718222
1626,15.62081618309,14896.29843424389,218.69142656326
1627,18.39312843606,14896.41453609972,302.78910823095
1628,15.30249886334,14896.51042199643,215.86831129430
1629,16.72950627612,14896.61939356145,249.26402952265
1630,16.84704541033,14896.71162482404,258.80922243540
1631,16.45029409617,14896.82759510652,246.75441144251
1632,14.77136283935,14896.93114588184,196.52020085306
1633,17.90415959096,14897.03106138989,288.69589877805
1634,16.04014412407,14897.13109470155,235.74101102811
1635,17.94758464253,14897.23198959801,290.50703633335
1636,26.06572055950,14897.31635052041,268.36301823889
1637,16.59513819804,14897.38078159743,248.37328569288
1638,15.14746633972,14897.48813065738,211.52285602271
1639,15.36090816802,14897.58087421481,211.17757326966
1640,15.95222791498,14897.68913740342,230.61868369524
1641,13.55018874840,14897.81289829471,242.01410955237
1642,21.20912884510,14897.92238489744,227.44256820637
1643,16.23024265709,14898.00460408741,235.75789251982
1644,17.41196005606,14898.09795030433,274.75609528349
1645,15.28969935143,14898.20479737022,211.86028887309
1646,17.05921024643,14898.29817802857,263.72899036967
1647,15.12206264904,14898.40799237849,206.23743804078
1648,15.75663869963,14898.50066723526,227.79108321037
1649,15.11796416174,14898.60891504460,202.26457532356
1650,17.45011647776,14898.70024902368,250.45628841776
1651,16.72957317356,14898.81036565755,249.26502627208
1652,15.88415780562,14898.90471472532,232.90747277979
1653,18.39344202016,14899.01534955415,302.79427047676
1654,18.47975093939,14899.10684201227,307.56435254208
1655,16.51496701276,14899.21976659030,247.17339326246
1656,14.76317060237,14899.31890483962,197.51776101411
1657,14.21944871402,14899.41744306847,182.09779340736
1658,16.77919653995,14899.52383892144,253.91531849128
1659,14.49203192152,14899.62001558187,193.34782150351
1660,15.83916255815,14899.73290736947,223.43888434685
1661,16.01619963349,14899.83023204050,236.47635368581
1662,23.12987386539,14899.91600057422,211.98879560585
1663,13.16497002834,14900.00886891047,242.75005291037
1664,20.29844805658,14900.11445332503,167.38529074676
1665,17.24900686988,14900.18459549719,268.33157398139
1666,15.13697010338,14900.28993720780,208.64873386387
1667,15.75910326391,14900.39421953351,223.97894054550
1668,14.30236945238,14900.49146586756,185.37989558746
1669,17.50861951167,14900.60324435394,283.94209294277
1670,14.76231425660,14900.70302895275,191.91008533582
1671,16.35727029600,14900.81158074877,246.98936509560
1672,15.21045704834,14900.90203515960,205.76324905666
1673,15.91419032440,14901.01985263721,229.51771688843
1674,17.09454774542,14901.10972205624,264.82759491584
1675,14.82487094673,14901.21726183579,199.44824026362
1676,15.79380350178,14901.31146626644,231.04342669138
1677,18.20876295051,14901.42461192263,295.29651144805
1678,17.74729572150,14901.51345557107,250.98466304785
1679,15.24062480227,14901.61492907560,212.82374315592
1680,19.01196311955,14901.71366125519,325.98726056053
1681,16.69092922281,14901.81798196288,253.68016148711
1682,17.30444385575,14901.91559185190,273.05951825943
1683,15.17609996134,14902.01906548688,206.41727606185
1684,18.02164009546,14902.12730173133,293.92405502147
1685,15.58373492314,14902.21520245410,220.38729280727
1686,17.01086961017,14902.32752929991,261.87900893336
1687,16.25491931034,14902.42478845794,239.44991373464
1688,17.25206268104,14902.53297013355,268.93304189040
1689,16.69827628579,14902.62217137904,252.69077284283
1690,17.98163705843,14902.73301102440,291.61314845566
1691,16.50934243302,14902.82750403441,248.18983780770
1692,16.84933785738,14902.93520377505,260.48444197196
1693,15.58005887410,14903.02881672407,215.88362843881
1694,25.37668671819,14903.10465342268,258.79244153272
1695,14.01770610611,14903.20717809626,277.18219464937
1696,24.38107681634,14903.30514601157,238.88479031855
1697,13.40702325708,14903.40363234882,234.91002467554
1698,22.52822365740,14903.50006003446,258.82958423035
1699,14.77793279832,14903.60586936305,283.48990385428
1700,14.32217768121,14903.71947451795,185.63663957694
1701,16.84706715933,14903.82824106495,258.80955654984
1702,16.54350149650,14903.92066353189,246.49262072476
1703,15.83213316839,14904.03018335504,229.97501816417
1704,18.18863190007,14904.11564290124,296.08947558968
1705,17.26998668747,14904.22339001952,271.96802232246
1706,16.05188494420,14904.31663632605,232.05940865369
1707,17.28440723773,14904.42997580610,269.43724363013
1708,15.23548879599,14904.52545807054,211.65817475012
1709,29.01999438114,14904.60553157753,345.81314389583
1710,12.40751204564,14904.70137279331,215.61957067752
1711,14.70991231465,14904.83080680967,195.14903938687
1712,17.83822584999,14904.92345896180,294.73586192180
1713,16.37751260442,14905.03130115310,236.19984583924
1714,16.15441987716,14905.12283621178,237.96946463820
1715,19.03926857886,14905.22016970272,292.48679377415
1716,15.93670685995,14905.32019124787,228.73477405328
1717,16.73471907744,14905.41250682204,253.79458071086
1718,16.66176029177,14905.51874199537,251.58706320602
1719,17.30196952339,14905.60925974140,274.66025130306
1720,15.30500168553,14905.71557552316,210.96488938422
1721,15.97518514405,14905.80845085990,229.84288951373
1722,17.35602590452,14905.91229807603,277.69641447233
1723,16.32226785593,14906.00534140884,238.77419371358
1724,15.07617046072,14906.11711860432,207.26307697896
1725,16.50668816308,14906.21026515521,245.38956102297
1726,17.71224702226,14906.32121422603,281.17320468630
1727,16.80279169336,14906.41101551614,254.27237795346
1728,15.03050326861,14906.51939678520,208.26876259644
1729,14.43453150869,14906.60961453769,187.64890961295
1730,18.06027056605,14906.71288212313,292.33101734972
1731,16.29216657923,14906.80866161675,240.55095681017
1732,16.04051090355,14906.90450599701,235.74640156343
1733,16.39834530814,14907.01253788333,241.00547178550
1734,18.25289443835,14907.10267739242,272.57384072791
1735,16.45927803863,14907.20062423860,242.46030578427
1736,17.39097553704,14907.29556169470,272.76679308879
1737,16.58192834659,14907.40386976960,250.38162726856
1738,15.48347881540,14907.49239944438,216.21501489083
1739,16.32492642625,14907.59817855472,242.68747854750
1740,16.39863676798,14907.69012798325,241.00975535277
1741,15.89194078498,14907.79594910863,230.29610114329
1742,17.37988429918,14907.88204027064,272.03821913826
1743,16.69508471657,14907.99815132330,255.38568825259
1744,13.48925749142,14908.09759700621,164.10390006073
1745,14.85517671938,14908.19604534666,198.74871896485
1746,17.35621499312,14908.29983139978,277.69943988987
1747,16.83922089082,14908.40240310790,255.37942917985
1748,15.97533845163,14908.50912162123,228.73203737572
1749,15.62498964746,14908.59950921657,222.62183451113
1750,16.32502553294,14908.70572233122,242.68895187442
1751,15.67921334787,14908.80561572397,218.94829888708
1752,15.79907030518,14908.91130868929,226.20826159563
1753,15.19557029114,14909.00624733285,210.55599835384
1754,18.84815182022,14909.11028019515,287.08649545537
1755,16.20739958760,14909.19417478275,235.42607776904
1756,17.78293643547,14909.30888708786,286.18927743957
1757,16.40883162897,14909.39526717403,242.82853299960
1758,16.22079126630,14909.51079333438,242.22806908984
1759,15.52327290339,14909.60414988016,217.32582064747
1760,17.70166260606,14909.71288932114,280.44707809799
1761,15.94261076426,14909.81110933482,234.30756924137
1762,16.03694798780,14909.91289096419,229.05343253432
1763,18.15197634064,14910.01326751276,297.16065970972
1764,17.29157388428,14910.12558523353,273.95005087836
1765,17.44285396458,14910.22729865531,277.44557677267
1766,17.34412175550,14910.33019012177,270.92384263952
1767,28.78654722741,14910.41101446281,331.98265778456
1768,12.72079834648,14910.50762807343,227.55655864640
1769,15.27468831810,14910.63795863384,212.75178970753
1770,25.69841766903,14910.70259345981,264.58140352894
1771,16.40885304708,14910.79141403190,242.82884995860
1772,16.11179926059,14910.89570033928,238.43285536090
1773,16.11514009666,14910.99663571541,231.29577278675
1774,14.93833491645,14911.10655795016,200.97474185525
1775,15.24777404815,14911.20240001361,215.63608854898
1776,15.55762452375,14911.31603121436,215.57276896170
1777,16.33995757906,14911.40849446259,243.45988465903
1778,17.56026747499,14911.52579569890,275.98126651439
1779,15.83736191592,14911.61997630070,227.30890586576
1780,23.16074390761,14911.69939066573,220.93941547444
1781,13.69797033372,14911.80550923124,265.96647440301
1782,25.00531641955,14911.91214774876,237.22126049695
1783,16.85991476150,14911.99223434001,259.55508857720
1784,17.45163101349,14912.09800364636,278.68019912242
1785,18.98483622827,14912.20328847992,326.62747275415
1786,17.74702834592,14912.29972377677,282.28376648879
1787,15.49134570328,14912.41744493688,218.53232380586
1788,16.92142074821,14912.51467336424,256.62605174020
1789,16.80256094566,14912.63216559462,254.26888610709
1790,15.68235183784,14912.71805928548,226.71713050772
1791,26.60431867199,14912.80352377010,276.48018984388
1792,12.94912421763,14912.91018887207,238.41866181826
1793,23.84475595802,14913.00892308961,221.12716987290
1794,17.34398343919,14913.09461486791,270.92168206966
1795,15.68300415728,14913.19515809976,222.89736902489
1796,16.59540087999,14913.30321588340,248.37721715634
1797,16.17649427690,14913.39912778696,238.29464085174
1798,16.33348262819,14913.51265512424,240.60722367393
1799,17.11850118395,14913.60913423724,266.85102420028
1800,15.17632554030,14913.71816405605,206.42034426735
1801,15.06306752769,14913.81093539583,208.17573499012
1802,15.91936304497,14913.92217266348,226.81600982020
1803,17.03834212346,14914.01467310168,234.23847749199
1804,22.00005310787,14914.09223448364,242.00058418653
1805,12.45436809687,14914.20605374852,204.64615038384
1806,20.58059118451,14914.29596542746,208.87018827714
1807,13.62672524976,14914.40784088482,246.03693010724
1808,21.78019836733,14914.50221602755,236.59351391913
1809,17.27175286012,14914.59505664666,270.34569440070
1810,14.63878418204,14914.68628016934,194.20541807522
1811,17.30900568433,14914.79255595056,269.82069546379
1812,15.66312030382,14914.89589871454,220.95550274366
1813,17.17680873224,14914.99543493129,236.76596897058
1814,16.95111026496,14915.09339914345,260.40789706667
1815,15.81638597326,14915.19707912353,228.10716247645
1816,15.79408769227,14915.29938651905,229.96538800135
1817,15.95812478177,14915.40256104610,226.80756778211
1818,17.85949250241,14915.51300177117,284.07261840629
1819,16.83428973383,14915.60762706331,258.06477490744
1820,16.95157907663,14915.72372230684,260.41509908816
1821,15.30230543525,14915.81149467653,215.86558265527
1822,17.67409014674,14915.90846956815,153.06211055856
1823,13.88340735849,14916.00336097504,251.05561726714
1824,26.39839058200,14916.10593570455,283.09120069654
1825,15.83755029035,14916.18685492941,228.41239859840
1826,15.43118264749,14916.28200807204,217.13598684747
1827,16.99152178422,14916.38338606429,257.12838247172
1828,15.34503041649,14916.48464473877,212.07253964210
1829,16.17980838763,14916.60119505352,237.24256128272
1830,16.08030826434,14916.68787694900,235.78360308427
1831,17.68259132750,14916.80545087450,285.12321788027
1832,16.87577031891,14916.90293556004,256.48950292536
1833,15.52696707750,14917.02044857184,218.48379324769
1834,15.89771385797,14917.10898583176,227.62062233356
1835,17.10682411416,14917.22228611912,265.56932604636
1836,14.82463947026,14917.32097111383,198.89340958451
1837,16.29227855623,14917.42506412722,240.55261013072
1838,16.77083414908,14917.52905098386,254.89461122373
1839,15.85821714563,14917.62722563489,225.38761347886
1840,25.46266280744,14917.71195409267,270.67181842359
1841,16.58068849599,14917.77583505906,247.60248083007
1842,16.90582331107,14917.88758869020,260.26184171441
1843,17.17759118614,14917.98826836733,266.11409836759
1844,15.21642109508,14918.09550511075,210.84491556828
1845,16.99981150664,14918.19167467490,262.26031861525
1846,14.51966842269,14918.30072873822,189.86930204464
1847,17.80053898457,14918.39832602741,285.36434842543
1848,15.42506366773,14918.50816801789,214.29183303762
1849,17.23647231128,14918.60583770399,269.24230456585
1850,16.52907681561,14918.70358805376,247.93615223409
1851,16.20211866411,14918.81525043185,237.56969415162
1852,15.20320269245,14918.90639231514,208.45581295860
1853,16.02675039525,14919.01892228302,233.90272147489
1854,16.60087232000,14919.10810280715,219.60889852724
1855,16.11763487166,14919.21835043870,236.87988777636
1856,15.30501384044,14919.31070164938,210.96505692806
1857,15.27368714818,14919.42201623723,216.00255512399
1858,17.79472751083,14919.51571353513,280.23164907242
1859,17.86095056413,14919.62053744053,289.10474126897
1860,14.30565512669,14919.71665234975,184.31547300275
1861,20.83356256669,14919.80238766334,222.44157779318
1862,13.47804947068,14919.90425501501,236.15450447311
1863,23.47137962880,14919.99598840219,281.65655554559
1864,14.23366560559,14920.10946554915,264.76148483837
1865,29.13653627563,14920.20158533378,359.21934443100
1866,17.08561592769,14920.28793909764,253.42063798810
1867,16.41282118291,14920.38026391211,245.64461446738
1868,15.58872491531,14920.49298739538,222.65152654981
1869,17.33393974388,14920.58361090540,267.97620533099
1870,16.17683230985,14920.69056216957,238.29962038804
1871,16.05307351354,14920.79162603568,230.96350800691
1872,15.97938942915,14920.89419334688,235.39110513494
1873,15.99781989738,14920.99839854060,227.93384789935
1874,15.76121708109,14921.10016845887,226.21602188769
1875,14.75393754952,14921.20869456552,198.49392900523
1876,16.83901555610,14921.30462942842,255.37631512475
1877,17.52758455120,14921.41108801998,278.79329925677
1878,14.73053986264,14921.50785561914,195.42269473506
1879,16.16656329987,14921.61897120070,235.38871471015
1880,17.02459341831,14921.70864421780,264.29276235862
1881,17.20093054854,14921.82162726370,264.80495988816
1882,18.11962935785,14921.91031947067,299.38541093715
1883,15.54478929607,14922.02519113114,217.62705014505
1884,17.41562197422,14922.12021956203,248.13441803997
1885,21.35287486443,14922.19711849969,227.98631583333
1886,13.34989223256,14922.30035024496,233.90900825891
1887,20.09985547213,14922.39787433724,202.00104749746
1888,13.03067098208,14922.50566832560,221.90433076119
1889,23.23802127297,14922.59915978182,270.00140816708
1890,15.44897161579,14922.69011999085,217.93456374130
1891,17.83476347215,14922.78400558685,286.46871963917
1892,16.47228544446,14922.89161542828,247.08428166692
1893,17.26124764901,14922.98493032514,267.41009871748
1894,18.28604521171,14923.09613754105,267.50177978791
1895,16.30285458149,14923.18312280660,242.35935698597
1896,15.42536941375,14923.29381156723,214.29608059710
1897,15.83753352580,14923.39837501459,227.31136893100
1898,15.58629010796,14923.49737136535,221.52280411854
1899,16.99777401898,14923.61057841323,260.57094154200
1900,15.68468704581,14923.70362413953,224.02213992347
1901,14.34880106437,14923.81064800332,185.42737489773
1902,16.08681031817,14923.90610963529,209.12853413621
1903,18.29991164219,14924.01058580625,268.32937728488
1904,18.31253104096,14924.10375243116,271.00071161274
1905,15.50506734959,14924.19131351670,216.51648236449
1906,15.07424411930,14924.30886431566,274.66579960933
1907,16.29489133704,14924.42433545982,213.08335390243
1908,19.12018002411,14924.50945472511,294.97177090145
1909,17.69404046809,14924.61236122483,250.85631880698
1910,14.97303273202,14924.70367650803,182.15480493452
1911,17.96756453769,14924.79321704628,257.25637399356
1912,13.86827658400,14924.91386999163,232.47467778296
1913,15.70142704893,14925.02554802134,224.81022292467
1914,17.52354216800,14925.11575707998,244.70294925109
1915,18.46601467072,14925.21478845124,275.13742187468
1916,13.89021686711,14925.30229961017,155.91729763411
1917,17.06685179654,14925.39402781359,233.38568819831
1918,18.37570638517,14925.49049642179,276.24744025016
1919,17.51726273910,14925.58351605855,245.86649892269
1920,14.67631826350,14925.69815528997,261.71624529508
1921,15.83896831011,14925.82163984068,223.43614414097
1922,17.35098327227,14925.91244743259,242.91376581180
1923,16.92164716068,14925.99854425426,231.40004466710
1924,18.79552510286,14926.10410117705,285.04825152100
1925,19.06210573218,14926.19161024717,291.59414729559
1926,13.13770475279,14926.30320215037,209.38055947860
1927,16.88303981156,14926.42546531555,227.13807039653
1928,15.82274822001,14926.51519213952,202.01132612089
1929,15.73773855330,14926.60297726026,199.06839619471
1930,18.90329315916,14926.70036816311,336.56356613087
1931,17.62074209126,14926.79129118284,237.71680722256
1932,15.87142488962,14926.88763578658,203.25341078661
1933,14.06885590700,14927.00498128024,241.23062765818
1934,19.64248130143,14927.12286681644,307.45346405733
1935,13.74513406272,14927.21139497854,152.44091110810
1936,16.00666341636,14927.30712118610,205.60931439154
1937,18.95847247995,14927.39848378447,290.00886336949
1938,15.15964970582,14927.49422660096,184.42509840598
1939,17.37407828559,14927.58355417991,275.25716641841
1940,16.74267544279,14927.67657882004,223.37515129238
1941,13.75378724937,14927.79656637398,231.37451421309
1942,17.41233402024,14927.91780993626,245.01325771154
1943,17.11971086396,14928.00688857705,230.95752642409
1944,16.28170359568,14928.10164317760,215.38669317320
1945,17.39317368843,14928.19283933872,239.74835407484
1946,17.61447399944,14928.27736163522,250.34871328594
1947,13.77338214808,14928.39621982419,247.92087866539
1948,17.96259658085,14928.51560885251,262.15546641702
1949,17.13109335236,14928.60327149230,235.51359607360
1950,16.85653192908,14928.70184210164,226.78144331129
1951,14.32080945713,14928.80799579863,249.69184485324
1952,16.40977904716,14928.91825093698,187.81850584360
1953,18.74657376786,14929.01033481566,285.53930465676
1954,17.38851487683,14929.09722370327,240.94232987865
1955,18.75820431905,14929.18767299754,286.33156204153
1956,13.58271825248,14929.29884309316,222.77314301544
1957,17.11487826987,14929.40198528872,233.41581956632
1958,18.25685247725,14929.50043062788,268.94023078671
1959,14.26550816842,14929.61196361408,226.90679803765
1960,18.14332821606,14929.71552948891,264.17084634041
1961,15.16348722704,14929.79945863648,183.22111328431
1962,15.22366796311,14929.90068105896,188.30637306370
1963,14.39651429829,14930.00174254633,249.35494216535
1964,16.94758397039,14930.10943637725,201.95377081294
1965,16.17664362026,14930.20026249964,209.67326534693
1966,14.56869118957,14930.30625086470,257.74645838847
1967,18.04304749512,14930.42300579675,260.84531172402
1968,15.61675664455,14930.50500248865,198.15442761473
1969,18.05791921658,14930.59153599360,261.68411061966
1970,14.15023693972,14930.70113286660,220.12602690032
1971,17.57084600569,14930.81552983693,249.10973586047
1972,18.04645495235,14930.89560534945,264.61297268781
1973,15.33014805533,14931.00820260360,281.42410891254
1974,18.81592069366,14931.11776064925,284.11417196861
1975,18.08857679418,14931.20578962348,265.84669991329
1976,17.52375221179,14931.28601465166,244.70588235294
1977,13.87715899703,14931.40937059400,213.63614725371
1978,18.33798361489,14931.51415178212,273.22980210686
1979,16.02151571426,14931.60635650854,204.54901960784
1980,16.62785689346,14931.69152857185,223.08611000349
1981,12.92289194374,14931.79750031738,201.86202523080
1982,16.67385854646,14931.91760660029,224.32382429811
1983,19.65520225229,14932.00215399039,271.64029954241
1984,18.18661951832,14932.07905229743,265.42497355070
1985,14.16766902110,14932.19582927843,243.74979439058
1986,17.86912160161,14932.30483366884,255.84688564972
1987,16.78579437622,14932.38831869572,227.69359297689
1988,14.49677105733,14932.49435637948,231.04051215434
1989,18.15833107832,14932.60837751957,267.48891995438
1990,16.71980113987,14932.69672177251,225.56244928738
1991,18.85704924429,14932.78128252898,285.35893558849
1992,13.18513403997,14932.89484104504,210.13645793051
1993,17.47269542453,14932.99909838776,244.61773594341
1994,17.04843969082,14933.09006045058,205.99708056219
1995,15.11701828840,14933.20035749942,277.51156648157
1996,18.44486316852,14933.31137592450,269.19391554424
1997,17.44945756855,14933.40064357860,247.38875774119
1998,14.53949894563,14933.51059624131,254.33735678136
1999,22.87702373224,14933.60075822329,209.67138585661
2000,15.14472808976,14933.69195821572,275.95007867190
2001,19.75305957479,14933.79664955553,276.54283404710
2002,16.19943480854,14933.89320781486,210.59265251105
2003,13.48153693722,14933.99847713853,219.46352116069
2004,16.85717317832,14934.10457478885,228.03961196291
2005,16.55726811006,14934.19919531895,219.65698349753
2006,15.05318811751,14934.30253061460,272.62483192175
2007,16.87213839404,14934.40959973248,201.76143020967
2008,17.79830092155,14934.49629225219,254.21058436182
2009,15.53955053989,14934.61102403815,289.46975308429
2010,17.60609098698,14934.71806189721,251.46527737980
2011,16.05477501136,14934.80852590783,206.85130628176
2012,16.58155599474,14934.89462986785,221.84609948785
2013,15.02959178454,14935.00362506250,250.59337365605
2014,17.31160048817,14935.12068701897,240.50044014961
2015,17.47279355893,14935.19949598192,244.61910982501
2016,17.84681240559,14935.28858818354,257.39038892774
2017,13.84252013736,14935.40608757990,232.45544213543
2018,17.43373898500,14935.51926990857,242.19724237575
2019,18.17547587868,14935.60370329650,235.58109247982
2020,18.65590989113,14935.69449756049,277.34003898528
2021,14.63654309589,14935.80326155307,258.94688115274
2022,28.01858418575,14935.90137856733,314.50782745663
2023,14.01546339228,14935.98504981703,237.43700732368
2024,17.38884955208,14936.10020874116,247.75296974042
2025,15.39823454534,14936.20367728858,259.03839961102
2026,15.98287524281,14936.31748976198,204.68067170223
2027,15.29954076279,14936.40972528042,190.47774639205
2028,18.92805432707,14936.50062683901,287.05815672079
2029,16.75948832395,14936.58854548413,228.56894691053
2030,12.97733848015,14936.69588340336,201.46246965837
2031,18.46520623483,14936.80122418715,243.57279894375
2032,18.67880636029,14936.90065211354,279.55877517641
2033,17.88003406594,14936.98597378120,254.75127182097
2034,17.58616789054,14937.07568448946,253.02089503110
2035,13.25205635506,14937.19217780259,209.53340881451
2036,18.50742134626,14937.30572344872,276.37473800981
2037,18.00275982828,14937.39373156243,261.50519165536
2038,19.39666977645,14937.47826996920,264.53530672768
2039,15.00433713910,14937.59411751040,273.39203380969
2040,16.92955425200,14937.70363879229,229.64364680859
2041,17.67444350631,14937.79256701902,252.44154662922
2042,16.55809759197,14937.88530618579,222.76641993712
2043,14.72837858188,14937.99023778468,260.98753340824
2044,17.93647407895,14938.11436134243,222.58578967954
2045,16.17441618629,14938.19952627289,212.12547961616
2046,15.66351309332,14938.27993635041,196.88730660733
2047,14.10305625988,14938.40244538050,240.16639398998
2048,19.14292732315,14938.52059326595,294.07922961998
2049,15.26191344579,14938.60362781556,186.91950220358
2050,19.63604399767,14938.69931697777,272.79264141197
2051,13.85839489289,14938.81249601382,231.06561904366
2052,23.61035748428,14938.90762699518,226.46259339954
2053,14.25165876347,14938.99878308520,244.36504371129
2054,16.44447384222,14939.11897860163,221.23776872519
2055,15.42705280406,14939.21061501681,188.31117803961
2056,17.92032801164,14939.29438869784,260.92391435339
2057,19.51787521785,14939.40380683369,268.32642177147
2058,16.92944437043,14939.48874048497,229.64215630245
2059,18.56659187342,14939.57495430355,276.63598844381
2060,13.63325809833,14939.69596493946,224.43175320761
2061,18.77428362517,14939.80976718254,282.86310420401
2062,16.60093161223,14939.90327317964,219.60968288979
2063,17.66519308385,14939.99946458983,253.54321844234
2064,19.20052422028,14940.09520225478,257.60206416110
2065,16.85676420976,14940.18364923402,229.27678127169
2066,14.23005848489,14940.29654256962,245.64889622394
2067,16.99597238575,14940.40570965817,230.54458620851
2068,17.98995783507,14940.50993405328,262.55479077575
2069,17.22144468395,14940.58934460413,238.00510075932
2070,19.53420122021,14940.68158219351,269.96803200847
2071,14.42048566919,14940.79781093808,250.18607572665
2072,15.30627378239,14940.90589981600,189.32815061821
2073,17.38314327924,14940.99905467255,242.11916907116
2074,17.97510334669,14941.08927292718,261.10345805518
2075,15.03005389526,14941.20181148214,271.79058863562
2076,18.04586203481,14941.32183693651,230.39414329018
2077,16.21668347925,14941.40786086186,209.56573539598
2078,17.79310822801,14941.49599452598,257.23198165562
2079,16.62550669216,14941.58789142747,221.81192518269
2080,17.39491725361,14941.67871805849,244.14929820342
2081,13.98257065496,14941.79231110275,235.22324681084
2082,17.90262255167,14941.89990290946,227.15881442423
2083,17.79140103648,14941.99804132750,252.23664309333
2084,18.17233054740,14942.07629615242,268.31124512450
2085,13.37638067839,14942.19743237267,215.27247398073
2086,16.67383883891,14942.30930033407,224.32355916022
2087,18.52481677401,14942.40065238326,275.39119969389
2088,15.91978276561,14942.48733813641,204.49331222611
2089,14.16680956813,14942.60811720628,222.64888918404
2090,18.85732831522,14942.72145365555,285.36315869788
2091,19.55679403276,14942.81213653281,308.60100456278
2092,15.90929110190,14942.89372697270,203.11623167169
2093,19.59593198488,14942.99475584450,309.83888972989
2094,16.48430921368,14943.08436083868,218.06691357042
2095,15.29509897861,14943.19853812776,258.21098938307
2096,16.03921065598,14943.30551333283,207.89193053704
2097,17.47276138892,14943.40134672857,244.61865944490
2098,17.76044849475,14943.48777245681,254.91039078731
2099,15.48792888699,14943.58186301573,192.20014293990
2100,14.93736306794,14943.69593272058,269.70111202589
2101,18.15804413611,14943.81336315746,231.82638848151
2102,17.91697645863,14943.89548580260,259.02272389231
2103,17.53585489785,14943.99155757893,249.84747351266
2104,14.44823491965,14944.10351440127,252.32757508745
2105,18.78192284739,14944.21978325819,281.10208143909
2106,16.14157127030,14944.30629552395,211.69472258123
2107,16.31731977616,14944.39685234578,186.04607012262
2108,16.97551634409,14944.49166827923,230.89198492470
2109,13.58108417652,14944.60312453710,223.98497828082
2110,17.31162620435,14944.71115941279,240.50079741026
2111,16.13653534511,14944.81183713734,209.77495948642
2112,17.28011837654,14944.89652111638,241.30372099478
2113,19.98725037773,14944.97937380882,278.39018385430
2114,13.98895367534,14945.10131476132,237.40041613284
2115,17.66675805113,14945.21213908117,250.46952378974
2116,17.61488551329,14945.30546121912,250.35456199667
2117,16.41003048974,14945.39248391102,214.58899369557
2118,17.62202216929,14945.48073693884,252.30896019303
2119,16.32232681846,14945.59562013676,292.89368308566
2120,17.87817084104,14945.71255088387,259.69543207982
2121,16.55732292041,14945.79264384061,219.65771063901
2122,18.43755990215,14945.89103615343,274.71345537175
2123,12.93693766907,14945.99998879815,200.41817657287
2124,16.64968961492,14946.11406909809,225.23282634199
2125,17.95989900557,14946.19998621543,260.26366281317
2126,19.08079637816,14946.29920691301,255.99574659845
2127,17.40128967048,14946.38202784218,242.99578602974
2128,14.68304775109,14946.49675706461,260.59824586359
2129,16.83721393907,14946.60592004791,227.14643454800
2130,17.45641463053,14946.70005031244,246.25303234450
2131,17.61468707338,14946.78436943944,250.35174163564
2132,15.05169567378,14946.90043646551,250.05754892240
2133,18.35420621285,14947.01320090219,272.23687269509
2134,16.32041455441,14947.10382266128,213.41711327807
2135,16.32290575373,14947.18629996580,215.31391476319
2136,17.15798286734,14947.28394117839,235.88326578708
2137,13.53231839351,14947.39712840372,223.18071238371
2138,19.88689653809,14947.51125156165,274.12195140880
2139,19.31963617514,14947.59576548365,301.16332295176
2140,13.70805001335,14947.70644958643,226.07895250512
2141,20.92699634889,14947.82636433539,353.90762126483
2142,16.51019350176,14947.91228081660,218.40933051602
2143,17.45810334724,14947.99458911983,249.35159110487
2144,19.35657692497,14948.09380344193,259.69573089565
2145,14.22412300727,14948.20189020444,244.30733558599
2146,16.24712702291,14948.31698211719,211.83661913082
2147,18.46620087386,14948.40532154196,275.14019623898
2148,16.05534263022,14948.49506288232,206.85861953915
2149,16.48821194536,14948.58424355663,219.36139261155
2150,15.05657751915,14948.69580767953,251.49442721187
2151,18.65012699705,14948.80264861853,279.12954177118
2152,16.62767080297,14948.89781602652,223.08361333757
2153,13.11568547080,14949.00418420281,206.96202583288
2154,22.77615550129,14949.09006566163,213.65927742284
2155,13.86799449441,14949.18474889858,232.46994909984
2156,19.39498665563,14949.30809057416,262.37051634871
2157,15.37243386216,14949.38872681461,192.00163739941
2158,17.87969704171,14949.47768905415,254.74646996486
2159,12.36479227295,14949.59589110645,185.47188409422
2160,19.99998384059,14949.71142272756,318.74729147150
2161,16.55836512945,14949.79966894033,222.77001928575
2162,18.44079260915,14949.88934064725,272.89880948767
2163,16.07998687009,14950.00484443837,285.39145570393
2164,19.54450576932,14950.12118423843,306.54359497248
2165,16.83065438513,14950.19916798884,230.15573717576
2166,17.70284076506,14950.29609766749,249.72930076280
2167,14.41962243654,14950.40691664403,252.24037430797
2168,17.90285667061,14950.51697578206,227.16178506056
2169,17.79804214938,14950.60972364747,254.20688835596
2170,16.67376000920,14950.70090169397,224.32249861492
2171,17.62275085908,14950.79380505276,249.22333271234
2172,17.87806034359,14950.88284640355,259.69382701160
2173,13.73347704605,14950.99472295938,227.74395214357
2174,19.77879056163,14951.11157763225,273.34832395938
2175,16.83055591841,14951.20101074368,230.15439066367
2176,16.51021775854,14951.28549721703,218.40965140305
2177,13.34339190306,14951.40326204969,217.21468293343
2178,14.41778597997,14951.51438275370,165.64774957261
2179,16.22469252057,14951.60530788182,210.92100276743
2180,17.30201628429,14951.69061575331,210.48811270541
2181,16.34829055802,14951.78257619120,215.64876332940
2182,14.33352770819,14951.89593444478,247.43505195359
2183,17.09438963138,14952.00768333744,238.71016021430
2184,17.25226066114,14952.09081967297,237.17937116639
2185,17.35640736413,14952.18750507986,241.74678086453
2186,14.42259720320,14952.29297757105,230.76155525124
2187,17.95995837634,14952.40827322872,260.26452317743
2188,16.00659654187,14952.49681821214,205.60845537319
2189,14.82056758180,14952.59109313896,177.22821150393
2190,13.58149387344,14952.69949750597,221.92343848219
2191,18.99884306259,14952.81174134942,291.24674910375
2192,17.82048476196,14952.89772326118,223.29003406500
2193,14.98008718835,14952.99674871911,181.62390478425
2194,16.81129446946,14953.08291900025,229.27548853607
2195,13.38720232606,14953.19613008285,214.61317954067
2196,17.44943644682,14953.31201096391,247.38845828908
2197,16.39006647138,14953.40555991064,215.57766641275
2198,18.16259476474,14953.48786944454,266.93453747135
2199,17.26395281946,14953.59392795183,207.88552067937
2200,14.22741487655,14953.69541837723,243.53411441192
2201,15.62768301172,14953.80980309849,197.05758481740
2202,18.01482971230,14953.89684369949,260.43737197010
2203,17.70152300528,14953.98849478839,252.82831923675
2204,16.96686660668,14954.08131673192,232.63795421292
2205,15.66635908836,14954.19593573717,270.89667277132
2206,18.17248818213,14954.29653234043,266.46098259766
2207,14.71793657477,14954.39671065584,176.00092316158
2208,15.97236125473,14954.47997776528,203.29496918609
2209,16.25652697141,14954.56923260190,215.05363773984
2210,14.36324370042,14954.68937951375,247.94802951441
2211,19.35988887099,14954.80379027301,261.89572231857
2212,16.25415877201,14954.89415329783,213.17129382346
2213,16.71825511985,14954.98523831548,224.29892947895
2214,14.27752549092,14955.09679673814,247.29399556625
2215,16.78982574274,14955.21813363225,224.63255880751
2216,17.57086677336,14955.29999092327,249.11003029311
2217,18.26891073203,14955.39035315351,234.66840731181
2218,14.49552341653,14955.50512752363,253.98208820612
2219,16.67188984024,14955.61782483440,223.05468397067
2220,17.42811513693,14955.70478909087,243.37038328251
2221,14.69372476978,14955.79117678295,174.47831444912
2222,13.88254595507,14955.90574914940,232.71387602948
2223,17.36023524554,14956.01666268031,211.90867702690
2224,16.51265189361,14956.10372106852,221.54047273735
2225,17.43391600681,14956.20211734380,242.19970164133
2226,16.00007981560,14956.29073878223,208.00103760283
2227,17.89559322752,14956.37287898239,255.60019644135
2228,13.39580192384,14956.49092561139,218.47891761585
2229,16.05525676933,14956.60146972077,206.85751329896
2230,20.73920447411,14956.69733367755,300.53962545054
2231,16.26006311753,14956.77580661149,214.48496345894
2232,13.83347193909,14956.89093861345,230.23485837603
2233,16.43724168440,14957.00257924223,216.82210927231
2234,16.48889465211,14957.09086598314,219.37047543402
2235,16.64779298901,14957.17624433087,223.97314808771
2236,14.64380469331,14957.29246218756,238.83322680962
2237,17.52388852995,14957.40445109867,244.70778593248
2238,16.21699430583,14957.48836585556,209.56975216059
2239,14.44827250195,14957.59614041453,252.32823143412
2240,14.18504732029,14957.70646344256,162.35528737842
2241,18.22866661030,14957.79646439221,268.52502703943
2242,20.57982299793,14957.88584616761,299.64674585382
2243,14.39635792266,14957.99165461233,249.35223366002
2244,15.79852927055,14958.10389897523,201.70211927325
2245,16.97539606168,14958.19127468415,230.89034890700
2246,15.50509176205,14958.27589185419,194.27824293084
2247,13.88248565109,14958.38690046549,232.71286515058
2248,22.88172294410,14958.49825951632,371.07918751429
2249,16.69544996518,14958.58690615243,222.11851514124
2250,13.21095685697,14958.69294296597,210.96206335400
2251,17.20332087186,14958.80232452260,237.13141359562
2252,18.47893433131,14958.89535469792,275.94933615912
2253,13.35369737056,14959.00343101638,215.32190018852
2254,18.81432644251,14959.12257913844,248.89014426029
2255,14.64157389460,14959.19723583043,173.24143862123
2256,19.21351372906,14959.29202415305,295.78828412657
2257,12.82257213293,14959.39799843835,197.81700824952
2258,15.99141840610,14959.50875336722,206.65466909970
2259,19.31956695778,14959.59356981492,301.16224395989
2260,15.05180906356,14959.70362188983,250.05943269485
2261,17.76059488274,14959.81737047138,254.91249185030
2262,16.37433464059,14959.90204176851,217.84635361007
2263,15.18331793729,14959.98263086569,184.71303486905
2264,14.49556630408,14960.10027771332,253.98283965673
2265,16.67377940863,14960.21072913723,224.32275960756
2266,17.93363715458,14960.29857293833,226.13456019184
2267,16.96693199383,14960.38260194395,232.63885075641
2268,14.07866700494,14960.49040953145,239.33733908406
2269,17.62259837143,14960.61318472742,249.22117621129
2270,17.87443053376,14960.69157926067,257.78870323672
2271,16.96506273067,14960.77990587016,233.84725176181
2272,15.51601749324,14960.89934035917,263.31554847544
2273,18.22863400629,14961.00361943876,268.52454675239
2274,18.21475408194,14961.09143317418,265.83558398859
2275,14.25754175060,14961.19958362187,245.71002531581
2276,16.67001704062,14961.30458966704,227.34872129183
2277,17.28400140462,14961.38900452331,206.68659548060
2278,16.42060538376,14961.47624055291,219.07820075966
2279,14.51889796314,14961.59523008928,254.80562514141
2280,18.20052449708,14961.69535371527,264.37788940340
2281,15.87635323838,14961.78720998911,207.00232043501
2282,14.59264105818,14961.89845586341,255.26696408700
2283,19.28845523042,14962.00491266129,259.49962511892
2284,15.57000220194,14962.10044992430,199.39331695228
2285,13.59231948301,14962.20290202867,220.43037941295
2286,16.71981102078,14962.31388937104,225.56258258812
2287,18.05786456129,14962.39928537233,261.68331858932
2288,17.87811805129,14962.48690548523,259.69466526434
2289,14.46772441278,14962.60543970981,231.03103183214
2290,16.55841402202,14962.70989308467,222.77067706804
2291,16.09445749471,14962.79695788366,210.46234131166
2292,16.43736834887,14962.89122498403,216.82378009143
2293,15.92297968658,14962.99726024316,305.04040802889
2294,17.79298252366,14963.11095578377,225.76763842732
2295,15.97241860080,14963.19356100749,203.29569908237
2296,14.97298000800,14963.29395517208,182.15416351915
2297,13.60688777132,14963.40077979579,222.75435307113
2298,19.69240556574,14963.50745438488,315.07848905179
2299,17.31852901936,14963.59984420775,243.69330434812
2300,15.67681636841,14963.70440536947,268.80140625736
2301,26.48107218663,14963.80288122319,273.92234064500
2302,14.11668915096,14963.88677091404,242.87270354060
2303,16.03903083922,14963.99697251906,207.88959984546
2304,17.91300925346,14964.09897942837,257.10004960331
2305,16.31378406163,14964.17614859975,212.07919280118
2306,18.42053233618,14964.27144101248,275.69328353595
2307,14.60203867964,14964.39571929026,236.80527303507
2308,17.69213805863,14964.50187570694,253.92995158434
2309,18.52849964974,14964.59436221174,273.57001890005
2310,16.50572185672,14964.68551715796,217.09887550145
2311,13.83348598846,14964.79604727814,230.23509220418
2312,16.19942999576,14964.91034793684,210.59258994486
2313,19.87229523675,14965.00001666610,283.83314828827
2314,18.27061922553,14965.09377992753,264.13527806566
2315,15.99095104515,14965.18023641442,206.64862946516
2316,17.05449975495,14965.27222012069,236.31408058597
2317,13.56839090414,14965.38387107178,220.46025758876
2318,18.01445005304,14965.49155499263,260.43188329980
2319,19.92098814357,14965.58610339508,285.22514364332
2320,18.63740493516,14965.67486417953,278.31580692787
2321,14.61634060946,14965.79069468392,256.09897643924
2322,17.57116271809,14965.91202830995,249.11422603378
2323,15.86036680648,14966.00474960159,201.86951257743
2324,17.23675318321,14966.09295077928,244.37315261724
2325,17.23672662308,14966.18191890398,235.07760954677
2326,17.30216222264,14966.28444494485,210.48988812203
2327,17.53409696592,14966.36866635793,246.72661422969
2328,14.27779522133,14966.48796277210,247.29866743401
2329,18.09856209847,14966.61574464445,261.02117463275
2330,16.51303020717,14966.69649774678,225.81229186756
2331,18.65555893999,14966.78819671232,277.33482172150
2332,17.84718389181,14966.88551782514,225.75100367190
2333,18.59099239501,14966.97209858193,271.96277249189
2334,14.30164201885,14967.09393154064,248.12421545477
2335,16.62735574837,14967.20693388515,223.07938643654
2336,17.43372790088,14967.30319059300,242.19708839025
2337,17.62205836638,14967.39264007135,252.30947845640
2338,17.76292552348,14967.48110337880,226.78185172956
2339,18.19240688053,14967.58376395929,258.56268284034
2340,15.36655124352,14967.69363517936,285.42102148627
2341,18.29878949988,14967.80438149532,270.17838918212
2342,17.91091212846,14967.90269363780,265.66175885917
2343,16.31380328047,14967.99220419158,212.07944264614
2344,17.04033308143,14968.08259557836,233.02305022325
2345,15.88570553151,14968.19848613789,277.43192006570
2346,16.51022727704,14968.31427574869,218.40977732101
2347,16.74030117585,14968.40273316989,227.69271275068
2348,18.54351670077,14968.49064448786,279.38624991295
2349,14.76929171435,14968.58640772436,177.23150057220
2350,15.40789082839,14968.69540659365,259.65839161753
2351,17.88950922537,14968.81063651193,258.62563470747
2352,18.55362364103,14968.90154447831,275.81944455939
2353,18.52028437513,14968.99247862364,277.18623534949
2354,15.33635816793,14969.08662576187,188.45632427725
2355,17.79312846020,14969.17386573402,257.23227414893
2356,15.29741524990,14969.28061448963,259.60574538787
2357,15.62331022186,14969.40034320124,194.50864365040
2358,16.78581334937,14969.49030323539,228.92797239039
2359,17.35630939030,14969.57897728586,241.74541624710
2360,14.84523219191,14969.70186871512,265.14432505215
2361,17.36223880368,14969.81168843427,244.92451881942
2362,17.59201277875,14969.89831846004,217.60118056196
2363,17.95993714876,14969.99443476325,260.26421556050
2364,17.28647060591,14970.08930693733,244.46761176436
2365,19.18323169842,14970.17512750563,295.32209819055
2366,13.60807855135,14970.29107984188,223.60354760635
2367,17.96755916191,14970.40872232647,257.25629702411
2368,16.97679894360,14970.49388801748,206.53167299709
2369,16.79089414309,14970.58481138013,225.89837721532
2370,16.30644772435,14970.68507127516,210.72574508977
2371,14.69844537986,14970.78755551357,260.87152666438
2372,19.36528000960,14970.90676018072,306.80373454761
2373,18.74033826554,14970.99213691055,241.45236838546
2374,16.37456407590,14971.09140331815,217.84940604827
2375,16.85752407456,14971.18062511999,228.04435879930
2376,14.61594365948,14971.29113769304,237.93032467544
2377,16.67184030868,14971.39998943738,223.05402128364
2378,19.60408015893,14971.48802897427,270.22359665051
2379,14.49553485318,14971.59584501646,253.98228859251
2380,19.65747501091,14971.71048024866,269.52971798163
2381,17.35660267051,14971.79408471594,241.74950116761
2382,15.91985744284,14971.87928763225,204.49427147243
2383,14.88717846515,14971.99480757695,244.62130388898
2384,17.83907306711,14972.10214680171,260.35270008463
2385,18.07820250380,14972.19696307999,227.95745988492
2386,15.68802702039,14972.27927605606,202.73398834274
2387,15.07381354023,14972.39062437636,249.51601185676
2388,17.66568314237,14972.49810003578,247.31956399317
2389,18.19888831220,14972.59276594840,270.54592477387
2390,18.97647340884,14972.67715342962,249.59653832799
2391,14.97450137938,14972.78443184443,272.02532642228
2392,20.35250160962,14972.89469917737,287.10736673266
2393,17.62201118092,14972.98625700575,252.30880286350
2394,13.81100553439,14973.08622650702,213.51296413840
2395,17.53429491925,14973.20045430365,246.72939967992
2396,19.02024709495,14973.28159794439,252.33209213519
2397,14.77523303319,14973.39314119489,262.65028752021
2398,16.75101499590,14973.49862810029,196.06560372700
2399,17.23075911844,14973.59170213775,241.23062765818
2400,17.17305972588,14973.67452733246,237.95689573309
2401,13.31075930485,14973.78800895509,198.32584689428
2402,16.45797878929,14973.88596139010,215.84436829010
2403,18.26887395081,14973.97839446737,234.66793484843
2404,13.19446952361,14974.08893651651,209.45571024528
2405,19.03999007100,14974.19433057047,253.31059250838
2406,15.77251196490,14974.28326929174,203.21460132424
2407,13.67059458783,14974.38608375274,207.32483201123
2408,18.63409071924,14974.50123750838,273.22940442153
2409,18.91826019566,14974.58640088280,288.77470896461
2410,15.55890337842,14974.69725540813,271.27874999545
2411,17.28256755812,14974.80225608730,236.33555687199
2412,19.80361908547,14974.87798629750,277.95703946806
2413,15.11000477194,14974.99899726446,276.97096247422
2414,17.39526518196,14975.10026764427,214.46323254607
2415,15.72397558851,14975.19746602671,197.02084941539
2416,14.16634714813,14975.29770500675,220.37664292792
2417,15.85741277028,14975.40739942920,204.30847168266
2418,17.44550371453,14975.49783401195,244.23705200348
2419,15.77486742653,14975.58534009314,176.36837950883
2420,17.06692892495,14975.67475440797,233.38674291346
2421,14.64623833693,14975.78315878558,237.97320546538
2422,14.81972421044,14975.88264664144,179.67960700649
2423,15.29515514452,14975.99838481781,258.21193757269
2424,16.57847377032,14976.09617285630,220.56224808859
2425,19.70700362330,14976.18750598604,273.06825232402
2426,14.37655164981,14976.29936610317,251.89753445260
2427,17.30234373231,14976.40378396469,210.49209628248
2428,17.87832298220,14976.49345315921,259.69764205784
2429,16.88271179995,14976.58249624669,227.13365745156
2430,15.88868501987,14976.70015506884,276.11590704177
2431,17.48325164540,14976.80142728254,246.63161502767
2432,18.08701614371,14976.89047559051,235.13120986819
2433,15.86042835775,14976.98287288784,201.87029599722
2434,13.76514619350,14977.08365722395,208.30446031657
2435,16.91816891669,14977.20008416540,233.81374626673
2436,16.41007590520,14977.28089685354,214.58958757982
2437,18.21341145069,14977.36941026476,233.24547261256
2438,12.28023199634,14977.48345168643,183.79368304157
2439,16.27841440781,14977.59549838904,186.31496882385
2440,13.29880391350,14977.69992727016,212.78086261597
2441,20.29008015490,14977.81493957053,287.66153356185
2442,16.65052229562,14977.89863118763,226.47158795893
2443,17.64939143004,14977.98449818139,219.02318769716
2444,14.85262633784,14978.09593963539,264.44349376513
2445,16.14805285461,14978.21529051364,213.00744661439
2446,21.01051769181,14978.30206855483,301.55765925872
2447,18.92536407629,14978.38241915645,292.57902846144
2448,14.92091632785,14978.49703203536,246.98511265503
2449,16.64848051530,14978.60598073643,220.86705279511
2450,18.59801218153,14978.69271421188,243.20056695011
2451,16.42217785908,14978.78053034299,222.15510435568
2452,14.56089645436,14978.88885238850,236.13805826428
2453,19.27377206537,14979.00302213926,292.30122581756
2454,16.33227914539,14979.09170525274,219.12051837959
2455,17.28426943246,14979.18409607808,206.68980062743
2456,13.05112174192,14979.28850063960,207.59079945115
2457,18.68406496734,14979.39998452161,240.00116002037
2458,17.62204802434,14979.48968774902,252.30933038093
2459,15.16625385543,14979.59229444927,252.87198573603
2460,18.93597175881,14979.70360601023,293.35481306456
2461,17.48328115731,14979.78640810086,216.25624468187
2462,17.61325068577,14979.87777309084,247.21375395552
2463,13.05120886858,14979.98879885339,207.59218528555
2464,15.32453346853,14980.10441238944,161.45397854839
2465,17.75060486114,14980.18996734007,256.00286398937
2466,18.86799908837,14980.27011606396,250.31229408352
2467,14.75167848250,14980.38691472721,261.81632051136
2468,18.86800588611,14980.49375605907,250.31238426573
2469,16.93685728366,14980.58749240921,234.68397868671
2470,18.00679394751,14980.67276558012,256.55732212984
2471,14.16584688315,14980.78939896361,224.87584778055
2472,16.35041126674,14980.88981385107,210.02483547809
2473,17.62327380276,14980.98031182748,220.11461924692
2474,12.28199439280,14981.09072637957,182.99759493164
2475,18.71410705935,14981.19805614831,244.71870447090
2476,18.25783685514,14981.28711170062,267.08912710658
2477,13.06270824003,14981.39302517695,189.29662643177
2478,16.01335024605,14981.51317727681,208.17355319869
2479,17.91715017467,14981.60219887404,259.02523527602
2480,16.52481859670,14981.68497467602,192.00104167232
2481,12.55043879002,14981.79437671192,189.50746990931
2482,17.64934916351,14981.89968287306,219.02266318328
2483,17.23559547489,14981.99651520673,240.06406596271
2484,19.17271041067,14982.07752686342,260.07129735213
2485,14.01542140681,14982.18819555272,237.43629604464
2486,17.98911025929,14982.29552449730,226.11960970143
2487,15.97722966428,14982.38693100309,207.08856506624
2488,20.14411668224,14982.47833988652,327.92246153701
2489,16.11095313417,14982.59057566619,285.03185753348
2490,15.87271475315,14982.69194311461,177.46234587752
2491,18.36612724022,14982.77813087264,273.64913267996
2492,15.83097288479,14982.88822936499,276.92892401945
2493,17.65370580867,14982.99042167900,220.49471487895
2494,14.77931806883,14983.09367848465,240.13549517094
2495,16.25418849010,14983.20808273660,213.17168357254
2496,17.92582112916,14983.28716753600,230.95804918575
2497,16.45796401694,14983.36923613916,215.84417455248
2498,14.79268839096,14983.48534772723,241.26144643384
2499,16.80968365398,14983.58370199598,203.11218039260
2500,13.15796495022,14983.69030488930,191.13048104417
2501,18.29875131300,14983.80121905654,270.17782535966
2502,17.40851926809,14983.87814980774,208.90223121712
2503,14.63028945669,14983.98940262798,260.48489813990
2504,16.23978845252,14984.09993956705,183.73223263698
2505,17.36852461259,14984.17542192933,213.42800362170
2506,14.76318105364,14984.28312478124,242.13417248966
2507,17.17641004880,14984.39069275242,236.76047349851
2508,15.48231814528,14984.49655984931,265.91754675032
2509,17.96256528467,14984.60172710346,262.15500966425
2510,17.26405240193,14984.69144618450,207.88671981101
2511,14.47881672499,14984.79079629876,232.56423308192
2512,19.38499642893,14984.88928320691,301.55977341978
2513,19.18146284752,14984.97456508888,256.63048247973
2514,14.98392414709,14985.08192285644,253.84377297218
2515,18.27174094277,14985.18421885918,266.04056386373
2516,15.13326093311,14985.29141182605,252.77529275036
2517,18.13500687061,14985.39384492019,229.39170837568
2518,17.70621372750,14985.47494891480,259.62405701564
2519,15.60469660963,14985.58522317502,263.89936547038
2520,18.61160744752,14985.68600793476,245.50396357247
2521,14.44126146630,14985.78911945734,235.52984674625
2522,18.68071739863,14985.89324474524,272.63609470926
2523,15.74120376794,14985.98337355524,178.09139085356
2524,13.12254249407,14986.08011269306,188.34391689352
2525,19.21016087435,14986.19027238180,298.22189335665
2526,14.29658628227,14986.29669117446,225.59632632711
2527,21.03332769002,14986.39296021489,309.12552259978
2528,15.39600358483,14986.48179698675,192.29602314125
2529,14.16682479134,14986.58763914353,222.64912843554
2530,17.93360104844,14986.69087841829,226.13410491076
2531,14.56432006510,14986.78893915623,234.39054910624
2532,17.38338671082,14986.89995664389,242.12255968078
2533,18.45084938793,14986.98177716478,241.27616371342
2534,13.28118639504,14987.08433484902,214.97478214826
2535,21.74275916792,14987.19424802388,329.74526916066
2536,19.44866851205,14987.27069513809,265.95654191748
2537,14.86650486625,14987.37491124365,245.18467938928
2538,17.78834748579,14987.48425005348,262.03872130219
2539,14.62970034222,14987.58479925910,234.07520547545
2540,17.65020689721,14987.69500505703,249.61161972731
2541,17.62257536914,14987.78213897805,220.10589581386
2542,15.72867679399,14987.88310238811,271.97424663607
2543,18.80384651031,14987.98727532068,283.30851397971
2544,14.38228899802,14988.09484622083,227.40395600258
2545,18.32407598773,14988.20018454877,236.08920410198
2546,18.46594407820,14988.28167735276,275.13637006987
2547,15.71665776142,14988.38751056316,274.02929164905
2548,17.65364894400,14988.49337551341,223.99969349779
2549,14.16172928741,14988.58759063164,218.47651861361
2550,16.37441632363,14988.69900417087,217.84744033219
2551,19.42857233405,14988.77905672638,271.30524778034
2552,14.39624755887,14988.87774213551,228.07945520771
2553,18.19849188602,14988.98721106760,262.46238252468
2554,14.97047629941,14989.08868506336,249.60772154619
2555,17.27154352379,14989.20352579825,210.11739557387
2556,12.34107759574,14989.29647072723,183.04776198930
2557,19.80933805455,14989.40891114487,275.91215193776
2558,16.87246190986,14989.47889610689,201.76529889616
2559,15.14468569802,14989.58941482079,275.94930625761
2560,19.73156656390,14989.69537885596,277.64775233192
2561,15.35372194078,14989.79748910836,257.83283583863
2562,17.58730594099,14989.90321796480,249.96258262568
2563,18.59076335850,14989.99088961954,244.52331469524
2564,15.74249581980,14990.09048876186,274.93086997293
2565,15.31251517570,14990.20032423315,188.16333668366
2566,17.98990038282,14990.27639486445,227.55624035700
2567,13.72406372969,14990.38897906855,210.83306752160
2568,17.56871155365,14990.49470799299,245.96196175112
2569,18.97489435442,14990.57935392000,253.15666612900
2570,15.63894623020,14990.67994512093,271.32557637736
2571,17.13151611351,14990.78785380593,235.51940807854
2572,18.60304377455,14990.87494417599,246.79726463490
2573,16.02385556262,14990.97503028408,284.84628711108
2574,17.80048476841,14991.07885757106,251.10673893809
2575,14.50548866215,14991.19501313902,234.34334116105
2576,19.20069455659,14991.28473174463,257.60434946241
2577,14.59068957432,14991.39887145942,236.17094281604
2578,18.88644006330,14991.50642022050,285.80369938573
2579,19.60146970141,14991.59049333475,272.31231993778
2580,15.26439575152,14991.68730991312,233.00088882785
2581,17.43309145698,14991.78165726632,218.43600986644
2582,14.18122502051,14991.88675305254,221.97128205056
2583,18.30522706947,14991.98268329458,239.37190480314
2584,14.91648371204,14992.08748907286,221.24720787597
2585,17.16442650678,14992.18122475977,208.81426081898
2586,13.98973306971,14992.28010694034,214.91435736440
2587,16.15329513377,14992.39100998342,183.46616509469
2588,15.09975504703,14992.48878403494,228.00130123643
2589,19.08681652969,14992.58237702603,258.20166815609
2590,15.96879580578,14992.68320256402,255.00121974038
2591,15.81974186575,14992.79918680989,277.63534297939
2592,17.82063583014,14992.91030411479,223.29192694382
2593,15.03328898593,14992.99835472111,225.99988886719
2594,18.77114565676,14993.10210341004,249.73385020917
2595,18.26552885994,14993.18362325815,236.04265279198
2596,14.37823622987,14993.27886374780,230.50066162608
2597,19.40556555472,14993.39905303480,258.90253660543
2598,16.06518886466,14993.48736863369,259.54106908184
2599,18.06723113602,14993.59207435298,232.77998967500
2600,14.61868816285,14993.69598568140,215.84234409723
2601,17.90321915301,14993.79668613338,227.16638444660
2602,19.35616412146,14993.88308483799,259.69019255533
2603,15.44761677800,14993.98658585730,265.77084824994
2604,17.24362743950,14994.09551604559,209.06787182408
2605,15.85288958638,14994.19500602394,254.14115333254
2606,18.05241928423,14994.29449492197,225.47464459256
2607,19.24334192978,14994.37187784044,262.44419369560
2608,14.66682778197,14994.48240916295,236.49549185629
2609,15.57971734664,14994.59130942475,170.66725260618
2610,20.08780553981,14994.66672152375,247.65909951710
2611,13.72916839867,14994.77253423994,206.39465756581
2612,16.97784891258,14994.87219614408,202.31441922209
2613,14.99199774962,14994.97933633385,230.79887169645
2614,15.12894749050,14995.09542298494,249.05390809652
2615,18.22961157292,14995.21155259972,236.98495044794
2616,20.13832473704,14995.28634530494,283.37134716921
2617,16.22819650338,14995.38325221557,268.62444996703
2618,15.11159372306,14995.50639110968,248.76822902963
2619,19.50860713533,14995.60335578799,235.72339689698
2620,17.73498395474,14995.68727375247,222.92529158499
2621,15.05210189345,14995.79203382714,250.06429755033
2622,19.07336308822,14995.89222458125,253.75459162469
2623,16.99991488499,14995.98819018394,288.99855304489
2624,19.39166063157,14996.08293820461,271.48324884194
2625,18.57036825914,14996.17024719343,237.09059048530
2626,13.06300021118,14996.27503155709,189.30085749578
2627,15.68604419477,14996.39453049028,248.51367689239
2628,17.06676540856,14996.49052322265,204.80118490269
2629,17.36038719251,14996.57397116426,211.91053177603
2630,15.58860244829,14996.67674272498,243.00226313493
2631,13.75950042109,14996.79291973226,210.02965856820
2632,18.71825880017,14996.89198098081,248.32576467573
2633,13.22904041973,14996.99056915064,175.00375517320
2634,20.16307619618,14997.08579887427,285.86094168367
2635,19.08815408358,14997.17008793353,276.61363221441
