,error,freq,rate
0,11.17391911072,12641.20399535832,234.65230132508
1,9.79495476521,12641.33560404967,267.52960506069
2,12.47006955035,12641.44728069785,292.71479576443
3,12.38908688982,12641.52128516109,285.48714625109
4,11.87618663979,12641.61467613217,263.69413699947
5,9.87197948819,12641.72043376239,273.93631347759
6,11.88859053692,12641.84006342975,262.62754893157
7,16.93890977933,12641.92577439905,269.96179875332
8,12.66860795098,12642.00328883665,300.06153532252
9,11.79730723504,12642.11373277904,260.34387844724
10,12.18157709870,12642.23891979386,276.17545472830
11,11.72145914122,12642.33762078467,258.13836044583
12,17.61175350587,12642.42645462189,291.52639342804
13,12.55608889093,12642.52112550595,293.39364522324
14,14.48751658396,12642.62067560502,194.90960149636
15,11.88454868671,12642.71068143350,265.48070786001
16,18.31015612826,12642.82172848202,305.83990430634
17,12.87207059742,12642.91760785540,311.33385273214
18,17.60750144839,12643.03937310131,288.78449551798
19,17.80092022945,12643.09012431297,297.33398783726
20,12.23877554577,12643.20806453449,280.15837748408
21,11.61960089773,12643.31848890549,253.77591421510
22,18.51417715832,12643.41903120399,312.00645932622
23,10.60449233297,12643.51210054448,210.76011664413
24,12.27011997044,12643.63724775709,280.87588415986
25,17.31293114556,12643.74598612534,281.83410011116
26,11.67205322870,12643.83396370227,254.65413691709
27,16.65218570450,12643.92361536619,258.51143995115
28,12.29951938669,12644.02368078700,285.81500250593
29,12.35910786142,12644.13315708103,283.99067746091
30,11.99294271484,12644.24552352193,267.63347348711
31,11.98409071123,12644.35037165007,268.50782474241
32,16.07818265056,12644.44283930098,240.63620352146
33,12.17419295366,12644.52983011655,276.81234364758
34,17.79736558592,12644.62925240538,298.33821130638
35,11.75337131621,12644.71278838013,257.77155708054
36,12.01242591547,12644.83279920702,270.21283915746
37,16.97926086986,12644.91814391797,271.13705283506
38,12.37216761833,12645.01796006199,284.82868839928
39,12.09533995413,12645.10183300828,273.68630087439
40,11.72754966154,12645.21109001195,255.86492613561
41,17.48959102528,12645.31048982358,287.38330578252
42,12.87493302589,12645.40120536693,307.92361234707
43,11.47623820354,12645.53307802805,247.20573636790
44,16.36181312345,12645.63939671459,252.41775893832
45,16.33680172875,12645.70478769888,243.96047473228
46,12.20722037359,12645.80887443315,279.70255693481
47,15.13702515372,12645.91657640912,214.06986266377
48,9.60805539807,12646.01680538997,258.52633029821
49,17.48135318616,12646.12738913452,286.18208551683
50,11.96556110042,12646.21452371743,267.82550452942
51,12.51589587761,12646.34096908627,292.98961072236
52,11.91529868032,12646.43587250006,266.96651476516
53,16.62533077153,12646.52071102497,251.03698951332
54,12.12039947658,12646.60490406786,276.65326220535
55,11.20936814656,12646.71781159447,237.25760375966
56,11.97776378936,12646.81188108482,266.75746549126
57,12.10310846141,12646.90571775024,269.54902388357
58,9.70984748037,12647.02321933638,266.80003609346
59,12.36826134596,12647.14910000052,284.73875925601
60,11.75391171784,12647.24644212577,258.31878530999
61,11.96749033479,12647.34251272027,266.52866479414
62,12.09413586147,12647.43498509941,274.72595631571
63,11.70919481468,12647.52992110037,254.92721565320
64,12.32853133758,12647.61109013056,282.48214031051
65,12.48762146743,12647.71644978708,290.45466641694
66,11.48621820389,12647.80596668821,248.21927489409
67,12.71807743068,12647.90880999553,301.23324164492
68,11.95747374406,12648.01564807526,268.17817343125
69,12.47043539374,12648.11271234822,294.04852992948
70,13.01163414083,12648.21988253334,313.36164626278
71,17.76723897581,12648.31066722122,293.56296626927
72,12.19356325236,12648.39528330051,278.05602329459
73,11.79321666767,12648.51663145991,257.29761106628
74,11.41263676246,12648.63873623231,247.42006911268
75,16.12689363840,12648.74693244462,241.90340457600
76,17.11797912904,12648.81037145921,272.81569456949
77,11.71124130805,12648.90800382703,253.62341793575
78,12.34551884017,12649.03238098837,288.20903925975
79,16.30593756208,12649.13635039571,246.75361061043
80,10.81143201763,12649.22015600898,218.64768114301
81,16.02490419617,12649.31105168204,240.90713421610
82,11.42986975646,12649.39611426181,244.60989467616
83,12.20976107139,12649.53116037763,278.96030998950
84,12.27153961891,12649.64837094583,278.21504613146
85,17.19068972737,12649.74926887513,284.03680928997
86,11.61483893821,12649.84133674006,249.65149990536
87,16.70573875098,12649.91225834338,259.34280680024
88,12.51177893724,12650.01175899421,292.62587523886
89,11.80676878863,12650.12182158623,263.74323654808
90,11.37301061796,12650.22844121308,240.45244981226
91,15.57993021865,12650.31338811255,223.61406592009
92,12.35229267347,12650.40212467969,285.44221431221
93,12.11898299802,12650.51940391499,276.08947767402
94,12.72696361409,12650.66962257909,305.71215683297
95,15.62659118533,12650.73891750271,219.88562870390
96,12.69642671142,12650.82335556607,299.91529169252
97,14.89686963098,12650.90190697097,210.67355069032
98,12.96183382467,12650.99541136811,312.43128536219
99,12.34742740657,12651.10734780865,285.32978558378
100,12.74481460457,12651.21909760072,303.74398760323
101,16.93030879973,12651.31474855821,269.29304684988
102,11.56621885230,12651.41059997052,248.87535993685
103,11.91389685150,12651.53433873632,266.93510629086
104,18.16594906013,12651.64170347955,303.43117138191
105,15.93236616376,12651.73344605450,243.71833790013
106,12.19445330661,12651.83151970871,276.19831048069
107,16.26753067627,12651.92376309827,249.37652307564
108,12.34539631414,12652.01160147084,283.67561009164
109,12.12673649666,12652.10071552276,273.32275963435
110,12.08518087994,12652.22729471507,274.78841969378
111,12.00333336426,12652.33446955863,267.86535032183
112,11.17291000590,12652.44116772312,233.83168323393
113,12.42626912937,12652.53541504687,288.22516282900
114,15.22027202270,12652.62842415262,215.78459808202
115,9.57859642897,12652.72133500815,257.73367050790
116,14.78187566949,12652.81678922672,203.21719250662
117,11.93225083892,12652.89540557935,266.27907882754
118,9.37737524318,12653.01182283176,247.03644572672
119,11.56622339181,12653.10136417396,248.87545761539
120,11.90435101708,12653.20847907903,265.12248542216
121,11.75705836217,12653.29857836054,258.92235196245
122,10.17645682797,12653.42345329862,289.62703878075
123,12.84534849093,12653.53652563136,308.28836378224
124,12.94972821489,12653.60551427840,311.87075413862
125,9.76946979824,12653.72749248228,267.19098043117
126,11.49072556087,12653.84044831482,247.25093796138
127,11.67940504075,12653.94404182660,256.41547928134
128,18.39753832753,12654.00456277678,318.12317667427
129,11.90942322043,12654.10452449919,263.89519030987
130,11.32957148520,12654.21654740880,241.13629566569
131,12.36297246334,12654.32194313344,284.61700003420
132,11.58600954252,12654.41913945495,249.57028337406
133,18.35326839374,12654.51890678738,314.15735069335
134,12.25688357700,12654.62474624463,280.57288926517
135,17.52918669403,12654.73264746729,292.79514295329
136,19.04774504759,12654.80779829996,332.65456614397
137,12.55156947041,12654.90834203811,296.49347052374
138,17.57315611837,12655.00689920729,289.82391540607
139,11.99583745102,12655.10501969945,269.03858166462
140,18.81741153566,12655.20795208428,325.92712846702
141,12.21011693801,12655.30836309194,278.70110134055
142,12.34602739741,12655.42139684586,285.03017594850
143,18.40893171059,12655.52026723304,312.40993072699
144,10.81168037959,12655.61836173812,219.45314361783
145,17.18817669950,12655.71936814036,278.21494492989
146,12.62335012847,12655.80826715931,296.31281042961
147,17.48561964084,12655.91456510833,287.31804927727
148,12.46871482771,12656.00601292892,286.23780963150
149,11.25771276664,12656.11361164054,240.66241129106
150,12.04999582817,12656.23471180656,272.92642034526
151,15.02719623488,12656.32350275622,208.22293899293
152,11.56717843275,12656.39896161128,247.27803161830
153,11.41928402100,12656.52201849518,246.50846265253
154,12.08048135345,12656.62101224946,271.47505412863
155,12.28516977827,12656.73370970139,283.89110891466
156,15.65138044427,12656.82320699421,225.18415115401
157,12.05305545238,12656.91962697512,273.26166747169
158,17.31580524298,12656.99888426537,275.42474314560
159,9.50031898381,12657.11789735303,254.56600647014
160,17.10815437992,12657.22238479370,269.41948459463
161,12.44730289134,12657.32708364073,288.17589629961
162,16.42604724396,12657.41172585263,264.35221252675
163,12.06806447819,12657.52195603893,265.22300251029
164,17.20307946416,12657.61863463867,277.92425431422
165,11.95407729413,12657.72439747179,270.22561236947
166,17.08546030576,12657.81285562179,268.51908610630
167,12.45559096408,12657.90144477595,288.36777905610
168,11.85035843984,12658.02171075751,264.18592807127
169,12.31377770683,12658.10697367866,285.08456478307
170,11.90785858260,12658.23415751558,260.61621015419
171,16.12126055497,12658.31255985979,244.49102157882
172,12.39214997536,12658.39107589746,290.35735598661
173,12.13520555937,12658.49059381570,272.43468912739
174,11.26695034046,12658.61096090474,240.33226445561
175,10.18019626513,12658.72692684180,288.83784166427
176,12.07154055120,12658.83570218918,271.00541323876
177,11.84385059694,12658.94004381942,265.10125476561
178,11.30206659223,12659.02030463593,235.18077112623
179,12.66824261149,12659.11236214739,301.38705000168
180,10.62175878191,12659.22183358660,316.16463911114
181,16.02755300277,12659.32856007804,238.80516130716
182,9.38306704844,12659.40813153292,246.47300783748
183,11.67568760228,12659.52476301333,255.00086633256
184,11.95478104919,12659.60895406063,268.65029111597
185,9.76284720281,12659.71860513342,267.72283335585
186,15.56103703038,12659.82826431605,222.80014376003
187,9.33961445335,12659.91603892264,245.15376055964
188,16.47871002680,12660.01467742045,255.28707800319
189,12.07873594806,12660.10641457720,274.37613752853
190,11.99954177188,12660.21657292705,267.78073747400
191,12.50444703044,12660.31306959416,294.05397656219
192,11.93649775699,12660.42529011525,265.03326112090
193,18.10097858183,12660.51535764328,301.26032413292
194,12.26989957961,12660.61286792273,284.59819817275
195,12.06472783535,12660.73547199220,272.19266667227
196,16.84850967336,12660.82962476171,261.01598949332
197,11.55011236056,12660.92991929279,250.93267044287
198,16.74270575979,12661.01798983580,257.75067893157
199,12.85450579179,12661.11325410955,310.64316890019
200,12.25446892629,12661.23953602121,282.38508565673
201,15.46552168951,12661.33518490874,215.40979100065
202,12.60361311069,12661.42270087552,301.69796047269
203,15.92806557700,12661.52062202832,235.71384514397
204,11.69892561737,12661.61541734879,253.35670431584
205,11.94070739359,12661.73712236507,270.71456080623
206,17.85393703267,12661.83586513157,293.91289748921
207,17.16947811172,12661.89540020680,273.63645329468
208,11.81766002163,12661.99379762551,261.06064263447
209,12.39548749493,12662.11349116159,290.69994948451
210,12.82222158835,12662.23065132839,302.34352606288
211,16.56531705625,12662.31214573340,260.87087387285
212,12.16683715006,12662.40792380246,276.64509007764
213,11.94787795564,12662.53425300107,265.82350325593
214,16.56274941138,12662.62153292763,254.98028616184
215,12.44318566955,12662.72368477544,286.46364671915
216,12.55626571051,12662.82016966141,296.33851148022
217,16.25578922151,12662.91920830378,245.45703447408
218,12.82592316293,12663.01894842536,307.82215591026
219,12.61860813214,12663.12332125763,299.40955175378
220,15.60067365734,12663.20712383153,228.75077921394
221,12.21393949112,12663.31374314575,279.05577567931
222,17.49239148543,12663.41988852661,281.51339898634
223,13.11447808617,12663.51352080660,319.89650452327
224,16.62223574120,12663.62191738846,259.64762262113
225,11.91499801555,12663.71921070606,268.28596515523
226,9.65842543746,12663.90512273165,261.13496125870
227,12.27777795373,12664.03779302658,282.12185846205
228,11.85105789547,12664.12877660395,261.26140280475
229,17.44387530114,12664.20946026204,279.64659461373
230,11.50524789657,12664.30564040011,247.56342137267
231,11.22312474798,12664.42673827622,236.75207592203
232,10.61033018008,12664.54021871838,210.87614156057
233,11.97929730315,12664.63121956559,267.86523092517
234,17.87339679709,12664.71014048486,296.93516869224
235,9.49565933411,12664.82150584835,251.76930903346
236,11.31336797825,12664.92021123275,240.52550248380
237,11.99992678938,12665.01366399581,270.73068843730
238,11.73463835198,12665.11425573821,258.96089674241
239,12.12858927428,12665.20537524848,273.63344640624
240,11.40928526056,12665.30584584426,244.70190737326
241,9.92669546408,12665.41080789498,274.01995095512
242,11.55278302490,12665.52075301153,249.39031007466
243,10.31543701739,12665.62647773878,299.14767350437
244,16.61253399724,12665.71150093053,256.28569219263
245,12.15874575947,12665.79106276180,275.12101047176
246,10.35048841428,12665.91059815005,300.34256769358
247,17.20261346537,12666.01893615507,279.50938490547
248,10.02300224129,12666.10595878726,281.53755136725
249,16.92400951180,12666.21315713820,265.98168770615
250,11.74866120018,12666.30355249277,258.20339331309
251,11.97095111357,12666.39731302964,269.01366811855
252,12.68858382758,12666.52592094151,299.99848197654
253,18.68748394327,12666.62697471029,327.96401218429
254,11.62614660510,12666.72961400222,251.51200632459
255,16.50629914933,12666.83193152666,256.24667158291
256,17.88068981262,12666.89927448060,303.44536845111
257,11.76360738413,12667.00059322454,256.11186114296
258,12.09533504977,12667.12859457703,272.07783401621
259,17.55071172031,12667.21744553838,289.45375291036
260,11.83629888968,12667.31414504507,262.00764490534
261,17.52796228983,12667.40190667312,285.87241367609
262,12.13475460159,12667.51765473827,273.77254253033
263,17.24827308231,12667.64004697403,282.89271224725
264,12.13972904083,12667.72337962695,277.09446771332
265,17.47892148482,12667.82158015424,278.01926580173
266,11.89518544209,12667.91757490361,264.65116883812
267,12.35635010000,12668.03696305346,286.86963941984
268,16.46383020457,12668.14170318170,252.38573786196
269,12.05545199627,12668.19511327918,270.10669977414
270,11.51180696794,12668.32416384000,248.23897829561
271,18.24088774786,12668.40814704299,308.48140291976
272,11.44522935081,12668.50638155546,247.59816770275
273,12.48594344767,12668.62190543225,288.53067521104
274,17.31883378239,12668.72339014625,281.93018807712
275,12.13722180228,12668.80656231877,275.43739549133
276,17.59758899550,12668.90980325065,288.08494772523
277,11.90739810906,12668.99774487430,265.19034738266
278,12.24491031461,12669.10128168771,280.56614197316
279,10.99256681537,12669.21477092779,225.81632720057
280,19.19805768402,12669.28067748978,349.80525875767
281,11.55458359599,12669.39564447927,249.69666351363
282,18.15039466328,12669.50905794231,296.57989253745
283,12.32383559318,12669.60683638273,285.31742168690
284,16.78302909562,12669.71303877383,265.36298989522
285,11.77105185276,12669.80849067622,258.96314076070
286,16.49977436007,12669.91213968116,256.14537961456
287,11.79868763621,12669.99978117336,260.37434124596
288,12.31276554095,12670.12451685024,283.19360744196
289,17.84362454637,12670.19322331503,293.20067015102
290,9.72824200590,12670.32105042464,265.88550790969
291,17.14320958239,12670.43819550984,273.75510382531
292,11.15245824091,12670.51238362414,232.60295848202
293,12.18619012075,12670.63293098200,276.54866348333
294,16.15984448614,12670.72513505274,245.07617586730
295,12.21793198787,12670.81623133591,279.14699352757
296,12.05453364151,12670.90966424596,271.69538992704
297,11.88949014832,12671.00035282528,264.25712504600
298,11.72577146480,12671.09250882733,257.16624508257
299,11.66793708168,12671.18666502211,254.56433319144
300,9.61021263561,12671.31144846741,258.58437562373
301,14.47409499748,12671.40246853158,194.72903251767
302,9.29687286405,12671.50597834422,242.96697341282
303,11.62134885516,12671.61843483547,251.13947296789
304,12.58618522550,12671.69653029721,298.10931692200
305,10.36988531100,12671.82206516665,299.83138571499
306,11.76003923701,12671.93387480827,260.05379765854
307,12.13375098693,12672.03313293745,273.74989995162
308,11.21270881369,12672.13119326901,235.19976431515
309,15.78378488751,12672.22131981220,234.11136320682
310,9.29302786215,12672.33424411995,241.79737044733
311,17.87135296395,12672.43408450727,297.43859218846
312,11.36789568612,12672.50362556037,241.68477745492
313,11.43791369462,12672.62804153293,243.17338073449
314,15.65950454184,12672.72980791374,232.79527106799
315,12.05122095429,12672.81454253167,268.93400564365
316,16.72140731922,12672.91231707879,262.79754431052
317,12.34581080415,12673.01338092987,283.95364849548
318,16.13099830955,12673.12312980420,246.22900277143
319,11.80560629104,12673.22531530785,260.79436702255
320,17.44752326437,12673.32906260540,282.95127831482
321,12.21677363537,12673.39589389844,277.51175102657
322,15.73496096754,12673.48619616461,232.85615788797
323,11.83079401808,12673.61432852762,261.61842249938
324,17.23585902612,12673.69993684454,276.31184004070
325,11.76329212284,12673.80174175485,258.79242670255
326,17.01053310911,12673.90586964573,266.79978676420
327,12.01221805855,12673.99752292465,272.60060910319
328,10.59782923030,12674.18507218769,316.69604996660
329,10.98151793465,12674.31203549571,222.90046947771
330,11.67182169830,12674.41090337655,253.57687408211
331,11.03928229889,12674.52510512961,229.18145612967
332,17.33104127765,12674.60565077590,282.12891170244
333,11.68720333924,12674.69678943860,251.20691374737
334,13.02499766059,12674.82102721843,319.04598169379
335,17.91124149156,12674.93260569724,301.84560686276
336,11.73332391953,12675.02112440066,255.99090557191
337,16.43130635206,12675.10730698357,256.66521022186
338,11.84724396903,12675.20086190344,262.51739013621
339,11.80808304719,12675.32488549064,257.89242649588
340,17.17669490876,12675.41376622327,280.14341606568
341,11.52294142063,12675.51067699861,245.52249033104
342,18.25399646860,12675.60798720640,314.05363009275
343,12.04495149741,12675.69979314587,271.21208358683
344,16.73694047903,12675.79732826534,260.36569039891
345,12.49663745777,12675.90509842772,292.00446481510
346,16.00636891305,12676.01887682397,241.16026412376
347,12.49527512533,12676.11563931133,290.36395480007
348,12.66151440143,12676.23089768109,299.62611749483
349,17.19913394015,12676.30288841236,278.39230336392
350,11.58062826986,12676.40268694263,252.12812384397
351,11.47799053805,12676.51218665570,246.17547141029
352,16.73476375554,12676.60446772787,258.17136106281
353,12.26598990597,12676.70069223988,281.04913608838
354,11.37282531611,12676.81698860671,243.38909034148
355,15.99072899456,12676.90507105853,235.01475991075
356,9.86882658334,12677.00043928985,274.73650476848
357,12.96082351466,12677.12643152878,312.40693290879
358,11.28322895428,12677.21361968912,238.01997554288
359,11.79271038839,12677.32027740171,258.90304135474
360,12.22401587162,12677.42136280835,280.62038280135
361,11.74863870958,12677.51425196819,255.51601114771
362,11.59299125498,12677.61128830111,253.98971277257
363,11.92697200851,12677.70193291545,264.55303694266
364,10.33827680029,12677.80576338450,299.27481102357
365,11.41338555154,12677.92261031501,246.38113219680
366,11.69629097162,12678.01471695402,253.02946098554
367,12.02913182002,12678.11543944430,270.58862918783
368,12.08444733302,12678.21531315822,271.29516977202
369,12.40446610525,12678.31831731890,292.75591215455
370,12.28438598740,12678.40348453476,279.04760842742
371,11.77277354527,12678.51653955908,257.92854540589
372,12.07383650114,12678.63098109928,272.39816753954
373,17.38824646430,12678.71357096674,281.45335698312
374,12.46004040154,12678.81328892244,291.68206755084
375,15.15584072238,12678.89412816210,214.33595498760
376,11.91861981156,12679.00620678453,265.44026656375
377,17.61881451581,12679.11470073591,291.64327393973
378,11.28468068119,12679.20610121532,235.63105033351
379,16.82946930974,12679.31184967355,266.09727415346
380,12.22713071304,12679.41372987770,279.62461519478
381,17.86561877890,12679.53242224735,303.18960452778
382,12.24576421789,12679.60530393644,277.36047713529
383,18.39282882886,12679.72176330628,314.83451626528
384,12.10307544864,12679.82656218534,274.12864738455
385,17.81601094528,12679.92574413780,294.90745566127
386,12.22249622258,12680.01726771387,280.85158099075
387,18.38114504599,12680.11313322706,321.01289760161
388,11.68249466054,12680.20995473671,253.00086881373
389,16.80395268193,12680.30247428598,260.32571555023
390,11.96647741005,12680.39665124153,268.38010460427
391,11.25986953359,12680.52133091985,240.97173103158
392,17.71306090542,12680.62259731344,281.74348127270
393,12.21834042830,12680.70299234022,280.75608810847
394,12.07299778339,12680.82783566424,271.57536963373
395,15.58291559629,12680.92222465927,230.07899154171
396,11.95585950114,12681.01952543776,266.26963382978
397,11.59602985929,12681.13440956607,251.12835181517
398,16.92306379308,12681.22282798994,269.17780796450
399,11.93506735182,12681.30775901887,265.00150097194
400,15.95739168199,12681.41021707919,236.68636810001
401,9.69248016325,12681.51365218393,264.90809023328
402,17.08265703353,12681.61126995619,271.71629385314
403,12.15538163931,12681.72387492874,273.15822871120
404,17.86135663166,12681.80451495447,296.73514244124
405,12.26093971219,12681.91440541303,284.39037559804
406,16.77415943853,12682.00263987696,258.77912805879
407,18.62238518009,12682.09828639126,328.93690534243
408,12.17556974914,12682.19291660262,277.37861279079
409,12.08857137630,12682.31466492586,270.30867348254
410,12.35349411471,12682.41608342376,285.46997774496
411,12.39499253460,12682.52662558454,290.15933602632
412,16.28875663881,12682.61263040186,244.33134958221
413,11.46788290666,12682.70923331624,247.55756840819
414,11.60764363285,12682.82380949142,250.30558659147
415,11.96307313886,12682.91746161147,268.83663265549
416,11.95554389576,12683.02563067589,264.64724563708
417,8.48210339747,12683.19379075296,269.16482049422
418,11.88224520100,12683.32603557249,262.48737587963
419,12.08450948225,12683.39574111110,276.09864693734
420,11.75839136399,12683.51182975192,257.07619269396
421,11.80560559378,12683.59207012166,259.45487511234
422,12.04049158847,12683.70091223775,269.50267583773
423,9.42796937205,12683.80771298816,250.68472386955
424,12.23883024676,12683.90722229375,280.15962964705
425,9.99820932010,12684.01196727685,279.77126454201
426,11.80262442609,12684.13760368507,259.12069907959
427,11.84748797956,12684.20980515016,261.18270255310
428,11.18077842828,12684.31695370474,235.59362041548
429,12.37327488498,12684.40252637538,285.92708048817
430,12.58326089833,12684.52598447741,294.02856381678
431,12.10461914671,12684.63135296575,274.16361137904
432,11.99621885234,12684.71108263563,270.38104132997
433,10.89672729961,12684.83508315838,222.25050054012
434,19.10678156231,12684.92864242677,339.11173236265
435,11.85965543563,12685.02929764299,265.71980803108
436,16.72160235461,12685.11700750086,251.93634248431
437,12.00995042235,12685.21513249330,271.48864170389
438,17.40851827151,12685.31708439303,287.63592751225
439,12.28182936573,12685.41678450053,277.36275815283
440,15.61399056499,12685.50252151260,229.47785839710
441,16.17286920187,12685.59719204205,245.27370546142
442,9.82189886284,12685.70665816403,271.12710915945
443,17.34519663485,12685.84997211557,276.98057839301
444,16.67421636757,12685.91633908468,260.99276888602
445,11.12457211920,12686.00288643610,234.14515677678
446,17.17208616367,12686.10665612845,268.23656078884
447,11.91857380976,12686.19705578966,265.43924205486
448,12.01708317411,12686.31542501106,270.31760160006
449,17.17675045204,12686.41799529235,274.29070856182
450,12.21133668572,12686.50422446893,278.72894259962
451,12.58830282517,12686.59108900865,296.29345906055
452,11.89303832949,12686.72220208286,264.87053990681
453,17.24744592483,12686.80741324344,276.49759215773
454,12.19029632735,12686.90335181279,279.31477832019
455,12.17173013222,12687.02326174089,274.06671506519
456,17.96853011893,12687.12168036187,310.18492265293
457,12.22496283420,12687.20594252692,280.90825941064
458,12.67734705854,12687.32649667470,298.92743503079
459,11.80648642932,12687.43031413162,260.54644560883
460,12.57863763010,12687.53007875491,296.06596738675
461,17.32357411588,12687.62724050890,272.81191798896
462,12.16565726564,12687.72099928312,276.88565555704
463,17.53559438995,12687.80779770427,291.85045581373
464,11.61997511766,12687.90783573074,251.10978624959
465,17.71007444131,12688.02056239935,289.38500082650
466,11.70927717493,12688.10599972058,257.60409784846
467,15.85724862818,12688.20697550375,235.73494824986
468,11.70063644325,12688.29316459050,253.12346791021
469,12.14011816631,12688.41923258602,277.90000684456
470,11.50823722936,12688.52785509329,246.01801260512
471,15.41187732234,12688.62860095456,223.33932064401
472,13.20611253052,12688.70599222132,327.76709327203
473,12.33972052478,12688.81268454301,283.27655442312
474,12.02133363492,12688.90983790826,270.41321335172
475,17.14222548501,12688.99654723917,272.66378807702
476,10.05551312999,12689.10880801832,283.34430536016
477,12.12806841967,12689.21713971312,276.56251132065
478,11.82444621698,12689.30938788496,259.86894040522
479,12.37219350081,12689.40971532160,289.36124670677
480,12.38133409275,12689.48842492560,285.03971648822
481,11.80952431295,12689.59848286446,259.54099782624
482,9.81515635420,12689.71324549213,269.69363575044
483,12.61392518043,12689.82332879361,299.03251153188
484,12.54935093646,12689.90144994217,291.62056309583
485,11.83603931264,12690.00354129046,263.60111152790
486,9.42019844951,12690.10483377721,247.44836995098
487,11.74219914997,12690.22428037706,259.12774901084
488,18.00868536912,12690.30046298519,308.25903940695
489,9.96781541469,12690.40374979060,276.23620381934
490,11.72856916852,12690.53303626035,258.56108888242
491,11.98843934175,12690.62772721789,267.26423421751
492,16.98312194245,12690.70549669372,271.19870921996
493,11.84067089256,12690.79295332196,262.37174049092
494,11.93266075059,12690.94558896431,268.94851446889
495,16.17860912091,12691.04904335734,238.87430103088
496,16.74191100948,12691.11345835677,259.90435126046
497,12.16416793619,12691.20172117957,276.58439846955
498,17.17755908237,12691.31255926409,277.51195992857
499,11.80269221493,12691.41052134550,256.42010947205
500,17.47624909547,12691.51166017142,289.81080496224
501,18.18037384352,12691.56338736793,314.36805170679
502,11.28439003521,12691.69955560955,236.97219073937
503,17.23614817911,12691.80152766885,278.99143116178
504,12.22548503899,12691.90533670063,279.58697995675
505,17.51056669707,12692.00160456102,285.05137379772
506,12.18281598743,12692.09840065608,277.54369348652
507,18.64986618981,12692.23779289225,323.56308531452
508,17.27899389780,12692.30220789168,280.75042003839
509,12.44459075430,12692.40664540835,287.84421808944
510,16.94293722016,12692.49740485965,270.02598559797
511,11.52236083476,12692.59673845001,246.85834568788
512,13.11534150041,12692.72191818406,323.65941859855
513,17.85122246354,12692.81459993260,293.32551666965
514,11.95567277952,12692.91322533428,268.67033026282
515,15.77558150140,12693.00491697636,231.31543164485
516,11.56234777303,12693.09891672535,250.13182656249
517,12.79683290449,12693.22649254848,304.44631009460
518,15.87008298709,12693.32406401899,241.72590240185
519,11.85017012268,12693.41552351774,258.54018875548
520,17.20708948442,12693.50657318402,277.98903817413
521,12.07811477615,12693.59773455918,273.02951799208
522,12.67962207547,12693.71761429456,303.51741886526
523,20.63079288415,12693.79741666630,383.75493065224
524,11.84150252468,12693.90242426299,263.72278303704
525,16.74878036508,12694.00530143718,263.22774549474
526,12.18977991098,12694.09281706254,280.89442839195
527,12.07319337576,12694.22432367727,268.34013332802
528,16.24874504540,12694.32444847981,245.35066974734
529,11.90589281138,12694.41716404580,266.48994746830
530,18.05199252197,12694.51086158422,303.14450414239
531,12.61049689684,12694.60345564503,297.35113146552
532,19.15172720356,12694.69532271894,344.73108966402
533,11.72512905962,12694.77924517852,255.81211483668
534,12.40571501927,12694.89782006799,286.13936998265
535,12.20851513803,12694.99757850022,280.26454051192
536,11.39570555208,12695.10094644385,242.81144059424
537,12.77425153524,12695.21048999985,305.24848534450
538,11.83058212975,12695.29799409026,263.21383587624
539,9.73239600126,12695.41144295657,265.10732296307
540,11.28650240216,12695.53053639947,238.35639464339
541,12.67463039957,12695.61649613974,298.86337715704
542,11.58732576689,12695.71345463599,250.93985244024
543,12.49775014742,12695.80961559221,290.42146911622
544,9.34059964282,12695.91962860352,246.95245368206
545,11.39381985746,12696.03443692646,240.08268188125
546,12.73376266510,12696.10283618885,300.25769541480
547,11.33243342176,12696.19051665768,241.46328386603
548,12.40212860137,12696.28618292095,286.05664880487
549,9.90970449317,12696.40245981603,275.87449761629
550,12.48960027689,12696.52309464213,290.23208323904
551,11.43153630720,12696.60118793552,244.11081538593
552,12.00040702736,12696.71280429709,269.40846958933
553,11.60946067093,12696.80266113807,252.22204577908
554,12.27882665476,12696.91919507384,281.87864547949
555,19.14793465199,12697.00352686514,345.19430103497
556,12.13314364269,12697.10021332361,275.34484732216
557,16.97685131089,12697.19872383309,267.89019509415
558,11.93765486566,12697.28962415531,266.39967462143
559,12.54709793923,12697.41704390420,292.91495071026
560,18.05625238100,12697.52079883025,306.42476403409
561,11.62786451601,12697.60801354208,252.88934596956
562,17.95698109765,12697.71013988918,302.61642440576
563,11.69652427499,12697.79674563066,254.65135847794
564,12.42479278461,12697.91945373542,291.65199662091
565,15.55340907221,12698.00976723500,224.85302656936
566,11.63514003646,12698.11445539238,250.62858660177
567,18.71900577556,12698.21277208169,336.42172974379
568,12.21107943993,12698.31475388082,275.76499987302
569,18.80372653078,12698.41968086773,328.93087453436
570,18.14138654064,12698.49873563976,309.46887167293
571,11.08672409288,12698.59030557435,229.89920395257
572,12.72708416078,12698.68579004432,301.17778120550
573,11.72500714354,12698.79720806567,258.48256258949
574,12.65432533282,12698.91868734706,296.23016118644
575,17.25778859718,12699.01405563519,283.04877829499
576,12.13725604432,12699.10933604876,275.43817256676
577,11.81790496781,12699.22830537973,259.99390929181
578,16.25771527649,12699.33515464749,248.16325332456
579,11.30710254943,12699.40753135036,237.71821782089
580,16.60378354249,12699.50107207026,256.15069675164
581,12.55427675868,12699.59458446190,294.69142433798
582,11.01967150255,12699.69511608369,226.10475530191
583,12.31632615084,12699.81165659169,282.20248434983
584,17.13627236996,12699.91391365750,281.57768785742
585,12.88982384802,12700.00513115219,310.96282613974
586,16.69765076767,12700.10813464064,259.21724753450
587,11.47054012316,12700.21035049580,248.67538405918
588,18.26259300076,12700.30821153280,309.92648046926
589,12.16335093400,12700.40906445413,272.25264016680
590,10.57976366212,12700.51886513117,210.53463862737
591,12.68269675341,12700.61987230550,300.66284752151
592,17.48235901874,12700.70934130198,287.26447178903
593,12.58337052212,12700.80282595337,294.56915165353
594,11.85569229249,12700.92226660381,264.30483829822
595,17.25754574799,12700.99920879940,273.95504573098
596,9.95129502706,12701.09830812923,278.28063041384
597,15.22349940997,12701.21099750964,217.96734050880
598,9.71852881262,12701.30250125080,263.47790168645
599,16.93133095068,12701.39155470501,266.63486644633
600,9.83700641379,12701.49194991249,271.90026686505
601,11.47051045650,12701.60431754954,244.67435012766
602,11.79389967508,12701.69329210900,260.26868015337
603,12.43676751129,12701.80017019703,290.60550515586
604,12.06621398814,12701.89334240397,273.82597174840
605,9.80754565273,12701.99485425244,268.41157919533
606,11.37063227028,12702.11135848595,241.74295803206
607,11.79526256410,12702.19351277136,261.36555914551
608,12.31773827622,12702.28883261232,279.53396620860
609,9.86093410576,12702.40140728422,274.16234346023
610,12.20905816711,12702.51734999843,277.06762204164
611,11.55394271085,12702.61615452734,249.68281386866
612,12.94380408595,12702.72180674302,311.72808222076
613,11.75851203189,12702.82852395230,258.68726470153
614,17.15586143343,12702.90042726739,279.27719044635
615,12.20604956463,12702.99424840209,278.60826181674
616,12.85923051160,12703.11614854224,309.15686925022
617,18.73844763279,12703.21274241613,323.47575962759
618,12.08526584588,12703.30786420049,274.52446829346
619,17.87680900696,12703.41672324766,294.28941770558
620,17.71004351984,12703.50065794389,297.92904614572
621,11.74069873700,12703.60299749916,256.42073094691
622,17.16031545365,12703.69097498765,276.70177245895
623,11.60470822794,12703.78300689158,250.51122115375
624,12.28273637188,12703.91658805284,282.23579423659
625,15.72233534808,12704.00817006060,232.13749950811
626,12.15139527177,12704.10349129110,276.02664008785
627,15.75142839387,12704.20727096792,230.96127756861
628,11.89608002088,12704.30802205749,264.67107195955
629,18.23054176792,12704.40441990556,308.84496345990
630,11.44426349007,12704.48977710586,246.25119338263
631,11.70028151746,12704.61915749457,254.73315943673
632,16.63227204009,12704.70892717559,262.45282591481
633,12.23303230860,12704.80032204673,277.07210571381
634,11.93699233283,12704.91004833643,267.71882327329
635,17.13213744103,12705.00757853658,273.04134093175
636,11.59950673773,12705.09770519777,251.73869416339
637,17.73770300020,12705.19496762582,289.29318114055
638,11.58965001903,12705.27654233336,253.91650996046
639,12.07514934735,12705.39808130198,272.69526618179
640,11.90327233124,12705.52607439909,262.14238061207
641,16.95318094729,12705.60000133435,270.18924374377
642,11.65469918478,12705.69575994448,254.00827981922
643,11.80271094109,12705.81002564338,260.46312784576
644,17.08517191231,12705.89767671051,268.51455364746
645,11.68762026724,12705.99588053617,256.86188079957
646,11.73988791255,12706.12169740696,256.40302227361
647,16.11008943588,12706.22365564701,243.78989067176
648,17.09807604170,12706.29295057063,271.96154819183
649,12.18001839167,12706.39593133806,277.21250923267
650,16.42038274123,12706.47448375084,253.85295680584
651,9.57438001336,12706.61265623579,255.83488695869
652,17.39227880085,12706.71750397596,284.19217727385
653,12.66597142631,12706.81174272547,301.59909456368
654,16.41898472053,12706.90001314100,258.56642994545
655,11.50629500269,12707.00058956869,243.54236071098
656,11.92636995589,12707.11918812453,266.14784155007
657,17.61977598337,12707.20061647167,285.20098964496
658,10.36258880634,12707.29481671158,300.87219384082
659,11.87115172149,12707.42109418548,263.58234367075
660,11.86689105790,12707.50294035375,264.55449793933
661,11.43427485376,12707.61468825382,246.03626355221
662,12.38872362929,12707.69486525501,286.81968833282
663,11.93940160989,12707.80848839342,266.70602934743
664,11.69637418820,12707.90290927145,255.72029808735
665,12.15585245328,12707.99690450662,273.43913934584
666,9.66837138436,12708.11086032760,261.76122331345
667,10.79542346577,12708.21126593655,219.12316430665
668,11.25915707783,12708.30900579444,236.97784246572
669,11.85967002840,12708.40061696242,265.72013498714
670,12.04152173338,12708.50492822991,268.44762634591
671,11.15530786514,12708.59637154610,233.99571186035
672,13.03541111825,12708.68865122954,314.20478814888
673,9.64120223369,12708.81527589838,260.31246030952
674,15.75221873905,12708.91151789589,235.75762241211
675,11.63089629488,12709.00765463882,251.61475782466
676,18.44713610803,12709.09597903062,320.04584985127
677,11.57244634702,12709.18051202705,250.35029212046
678,11.22741795736,12709.31107434142,237.10860726516
679,17.89927490433,12709.41122213389,291.37908496786
680,11.72628433811,12709.49528243427,258.51071886434
681,16.98536682256,12709.59373129893,268.56223026367
682,11.83999705853,12709.72353728263,262.08950736255
683,17.60074592276,12709.77916841851,284.89296120438
684,11.04112130477,12709.90203944667,230.28084257055
685,17.27883155522,12709.99876500747,281.27899899761
686,12.81787487770,12710.09668064565,305.48521486985
687,19.34219306541,12710.19396197542,344.37795679707
688,12.19343548333,12710.31241041691,280.97866534418
689,18.02539888322,12710.41355856439,302.16074592285
690,11.59271510629,12710.52872477550,249.98366995488
691,17.40280013335,12710.59509174460,281.68892869635
692,11.87021134321,12710.68735117839,264.89461080125
693,11.51613364704,12710.80887200837,246.72493264157
694,17.53662446236,12710.89959901462,285.47556348393
695,11.17988273302,12710.98742915815,233.97761160152
696,11.91635329051,12711.11160881702,266.99014368244
697,17.10121721297,12711.20215431498,271.47340717212
698,12.32127890866,12711.30201725467,285.25823016086
699,11.13170256257,12711.42450957468,229.48592729216
700,16.71740387275,12711.53008522116,262.73462521034
701,12.55884650726,12711.60559910050,295.06608298360
702,15.33701541751,12711.70771446201,220.66122603845
703,9.81929973636,12711.80759149910,269.09181357235
704,15.58039819726,12711.91462324805,228.45348261032
705,11.75984489575,12712.02028452884,257.10797156584
706,17.99655301104,12712.11470014022,307.52523265831
707,12.46453469339,12712.20899442358,290.72040875517
708,19.05272734042,12712.31087309301,333.83075152885
709,12.39556776027,12712.40782042272,287.51304988384
710,17.32179376451,12712.52266180326,275.51999641177
711,11.77832699633,12712.58320475489,260.72438234267
712,16.59075488897,12712.70224301379,261.79769632038
713,10.28944669192,12712.80889482186,294.28537071811
714,17.49258413613,12712.92769551180,290.60863361849
715,12.15885275464,12713.02283698201,275.12343149624
716,17.59771076705,12713.10532475264,288.08694121130
717,11.56652101313,12713.19267088551,252.88129070752
718,19.10142697074,12713.28490596317,335.77244423327
719,10.10855920531,12713.39362651597,286.09187044560
720,11.95191162113,12713.50450265188,268.58580874017
721,13.04360326449,12713.60454860655,316.29056995022
722,12.03861188849,12713.69809536395,271.06933676514
723,12.54756928903,12713.80920430029,295.86732035672
724,12.42388585562,12713.89546124081,287.36531239543
725,11.67927364952,12714.00492316947,255.07918678651
726,13.28317638523,12714.09523200896,328.07025570376
727,9.59431464361,12714.20840950524,257.79978792277
728,12.55366358192,12714.31506599159,296.27709904018
729,11.87366126681,12714.40896121907,263.63806461960
730,12.64576896724,12714.50073266397,297.37729644905
731,12.16027008258,12714.59676358690,279.68621189944
732,12.33061681845,12714.69704071219,281.18132545431
733,11.56621359943,12714.81345660712,250.21545717432
734,12.86700943170,12714.90817870177,308.00298841573
735,11.88847511755,12715.00920267563,265.56841768120
736,12.66587290913,12715.10253341666,298.65687857795
737,12.25858540626,12715.22158012802,282.21382950915
738,17.94588059126,12715.31300246034,302.96133351592
739,12.07938225462,12715.40271593646,270.10319847527
740,17.12613611851,12715.52479117058,275.61907668475
741,11.66947795784,12715.61655218149,253.25724697585
742,17.20298747433,12715.72682003242,277.92276817299
743,12.23477979585,12715.80759187783,280.06691058779
744,17.18401802342,12715.90249730359,274.40676237016
745,12.48897750955,12715.99903269598,291.82547754061
746,17.57255032077,12716.10062222607,287.13783818095
747,12.59667955545,12716.19919104527,298.09184500881
748,16.63209243357,12716.29093926984,260.33342502662
749,11.38757946051,12716.39420860968,241.29848263155
750,14.69996032594,12716.50858388913,201.01893413376
751,12.78385058321,12716.59104414287,307.07862872312
752,12.42561174947,12716.72427162030,287.13650378202
753,16.68943315717,12716.82089903787,259.62664991109
754,11.45186290026,12716.88518966110,245.08056850754
755,11.91651648469,12717.01318355153,266.99380010634
756,11.69619333014,12717.12706154535,254.37539949989
757,17.03365221654,12717.21031698896,269.86380317920
758,11.93554131183,12717.30025197031,269.27808585336
759,15.92682381026,12717.40356198725,233.53307921328
760,12.15152390413,12717.48862137741,276.02956205333
761,11.45045765155,12717.59843296397,245.05049487175
762,11.42196630903,12717.71117745790,242.83433466623
763,12.60835586754,12717.81476805020,298.90048239762
764,15.25194340148,12717.91595402816,214.07122686573
765,12.56074308273,12717.99408700738,296.71016981062
766,11.00893499814,12718.10909996441,225.34727924547
767,15.88433953761,12718.21753334367,237.20377334219
768,11.99936640271,12718.30291322005,267.77682395070
769,15.39696760741,12718.40101849355,225.23821803098
770,11.84712466456,12718.49957752634,262.51474652565
771,11.76954314774,12718.61620492089,258.92994925033
772,17.48082546253,12718.72992538458,281.32726146348
773,12.13475462894,12718.80951797427,276.98092465065
774,16.68939659796,12718.89486682250,258.55102032855
775,12.16573683037,12718.99939002159,276.62007141117
776,12.76473398585,12719.09867244571,305.02105773127
777,12.02607825628,12719.21662596787,268.91128483771
778,16.86861239839,12719.30770840975,270.42442872551
779,12.83352510915,12719.39375661657,304.77933465720
780,11.92818459463,12719.51394361133,267.52128630252
781,11.78527078403,12719.62815503210,258.20234618886
782,12.28277855133,12719.73190807785,283.83585139029
783,16.90350707204,12719.79570082967,268.33485598471
784,12.01585567628,12719.88078021783,265.71075468011
785,9.98496633047,12719.99574071357,281.00186062641
786,8.74862632980,12720.18291291665,285.63963519414
787,11.72889356733,12720.32077557042,255.89424669832
788,12.12802292207,12720.39333004621,274.96129756581
789,9.70172567095,12720.50037014573,264.62779494952
790,15.66662263174,12720.61552809513,230.25138864297
791,9.43266629480,12720.70073634352,249.20811586605
792,17.28323653895,12720.79803726017,283.99255557236
793,9.73260792644,12720.90194370762,264.39753951722
794,16.12443033992,12720.99225824331,244.00690792933
795,11.61384990707,12721.07562479545,249.63024148670
796,9.13729352071,12721.20676630638,234.56341907961
797,18.70415996829,12721.29774149817,325.04364512479
798,11.89308979122,12721.39109161393,267.52843942214
799,12.77034570562,12721.51845313534,301.66140791981
800,15.69796804385,12721.62372043467,229.10430102967
801,17.60013557141,12721.67935157054,294.50659788356
802,11.20794900162,12721.81601491270,233.49146544823
803,17.90651609045,12721.91261194727,295.32182891105
804,12.09097737395,12721.99837046789,273.32028099124
805,16.64276779230,12722.09804906682,260.50052082132
806,11.85433656434,12722.19385224223,264.27461437723
807,17.14571930470,12722.29812595899,270.01105762156
808,11.88919975937,12722.39423625243,265.85058860024
809,12.33789317564,12722.51578735990,283.23460491810
810,17.23713554317,12722.61141709257,282.18407039480
811,11.99941226356,12722.71329808296,267.77784737749
812,18.17433797734,12722.80563807570,306.81813808937
813,12.05842926206,12722.89607486161,272.05056438184
814,11.95679213672,12723.01949077569,267.62922855796
815,16.04712313898,12723.11404928509,243.89515616276
816,12.35274956009,12723.21357815913,282.49741688407
817,16.65333413413,12723.27411079882,257.99234304131
818,11.59719014334,12723.38431029928,251.42109106789
819,11.89381791312,12723.50149567297,264.62074323925
820,16.48278198105,12723.60106572017,255.35016044713
821,12.85843935284,12723.68449502867,307.52914106112
822,12.00303078265,12723.80522329319,269.46737274942
823,12.44323701244,12723.89569528380,295.77236728854
824,13.36476301101,12724.02437671144,326.82242949889
825,16.89441484839,12724.11540973075,265.51657106127
826,10.87023578937,12724.21286507383,222.24249574898
827,18.38470533420,12724.30182283516,313.61957935615
828,11.82751440707,12724.39631386407,259.12785759870
829,11.53161609106,12724.51670967361,249.99947949084
830,19.05263417130,12724.61413798391,344.53147623833
831,12.35912717748,12724.70997283418,285.60014903816
832,17.76001085472,12724.80543101251,291.28583576201
833,10.07705548842,12724.90112923624,283.95132605682
834,18.67946509821,12725.02209964696,325.15149108623
835,11.76871472337,12725.09969726228,260.24564167599
836,11.60196978132,12725.21536592557,251.52471115002
837,16.81669757432,12725.30025532631,266.42659522615
838,12.52710932482,12725.38597829009,291.91121620025
839,11.54020678823,12725.48082634377,250.18572136744
840,13.08764398618,12725.59208076794,318.70495774249
841,9.66116419269,12725.70236202608,260.49336655025
842,10.86573859488,12725.81977311551,222.15055039023
843,12.20533377187,12725.89929116694,276.71405576186
844,12.26867188282,12726.00438610571,281.37818490093
845,12.01878535167,12726.09139079572,270.35589113738
846,9.36204494266,12726.21972834958,244.49101806950
847,12.11935373534,12726.32691094514,277.68927933081
848,12.47193168680,12726.42010421309,289.28429794954
849,12.33600183304,12726.49656216548,284.53142661495
850,11.82388804973,12726.58796466909,261.46570844291
851,9.91445504136,12726.70564002126,275.29355035941
852,17.68570680148,12726.81107985837,290.60581681774
853,10.00293027070,12726.89382697827,281.15174738990
854,12.14708064491,12727.00724371688,274.58851277338
855,11.46773571032,12727.10997695083,247.28863192551
856,11.44302968296,12727.20246522712,243.55111687538
857,16.86308181854,12727.29516833892,267.16145985727
858,11.70239008045,12727.38674202192,256.11931241523
859,11.36180173958,12727.51455305723,239.94661967039
860,16.92802282138,12727.62602719962,269.78828919516
861,11.17889603137,12727.71270811899,233.68973469506
862,17.09366224339,12727.80853636467,276.15656501444
863,11.04594821521,12727.90405954343,227.44999476062
864,16.36820920307,12727.99494946907,246.61193779097
865,12.13310797391,12728.09923098631,275.34403786871
866,17.39563433259,12728.20673817932,281.57294007817
867,12.86507433890,12728.30121736496,309.29736438718
868,16.56901567172,12728.41462295020,258.28539277348
869,17.55383114925,12728.49562969191,286.83196439801
870,11.90518368126,12728.59127638585,266.20799995913
871,18.30166047001,12728.68399476600,311.66604728172
872,13.07445023497,12728.78455900294,315.95836653725
873,12.27060349830,12728.91545905777,284.87891428569
874,16.54557912041,12728.99630991474,260.03418725652
875,11.87088390684,12729.09477599795,260.88951363454
876,11.93275192911,12729.21525870355,263.33288231631
877,17.89250027328,12729.31057703316,304.17250464584
878,11.73431804098,12729.40903834669,257.62106665702
879,18.01236955656,12729.49894210726,304.61680963807
880,11.84868283871,12729.59182552367,259.86190196128
881,12.32122272434,12729.71641225463,285.25692939972
882,10.99388595808,12729.82794506978,226.11085453433
883,16.64984208354,12729.89909589158,260.61125099401
884,12.36839629318,12730.00335434000,285.54660200934
885,12.25261412730,12730.11484577337,278.05606407791
886,15.37728021549,12730.20750710096,220.16914656519
887,11.89551652702,12730.29919133419,265.99183581889
888,16.90798358860,12730.38123240246,268.93794262840
889,11.72595201955,12730.49059075414,255.02260823646
890,15.57997827981,12730.61254080950,229.50741150175
891,12.09775142464,12730.69526873919,273.74086622308
892,11.98025969280,12730.83799330749,266.81305190012
893,18.17680857113,12730.91802406437,311.13684507076
894,11.81140538302,12730.99387033630,260.65499745526
895,12.61903980717,12731.12194867201,296.21163258036
896,17.56899118204,12731.21277148599,293.46000898277
897,12.36574099240,12731.32598572742,284.41204282514
898,12.00938989722,12731.41737637983,269.61013451751
899,16.06752401125,12731.49873504406,240.47667961542
900,11.94518408088,12731.59393296094,268.16871751564
901,12.26016689725,12731.69848485392,279.57482007712
902,11.96297035804,12731.78995695515,270.42664282826
903,12.65382150616,12731.89272794609,296.21836690674
904,11.06132510863,12731.97717946763,227.49787310255
905,11.85667391029,12732.08905026312,262.99374969339
906,11.32593207162,12732.18434066788,241.05883512698
907,9.11151245002,12732.30163577806,233.19064459820
908,18.14545134065,12732.37809738475,302.54513450224
909,9.10912601589,12732.47688023905,233.48522038898
910,9.66684138653,12732.60415934679,261.71980019403
911,12.58423655163,12732.71344364749,296.19775034836
912,11.52528717272,12732.80000655095,248.26228349861
913,9.83319853274,12732.91732154210,269.83128139337
914,16.49149089673,12733.01639147000,258.13266286790
915,9.27113196076,12733.10846002125,239.79814628323
916,17.05942517777,12733.19694866537,268.10991195177
917,11.50092215745,12733.28916170510,248.53703001835
918,12.84131108830,12733.39053745984,308.45887742003
919,11.12991463909,12733.50196402383,232.93185686932
920,12.34182579714,12733.61676334636,284.93317447378
921,17.25905450403,12733.70934070628,276.68369183946
922,10.97464007481,12733.80969692181,225.18078765493
923,18.75039477511,12733.89380184101,323.68199928056
924,15.63971310541,12733.97871252207,229.85590099070
925,9.81032036933,12734.09470020058,269.56075612072
926,16.87387328127,12734.23734850462,264.65636111759
927,15.87825337945,12734.29981153437,234.43960165307
928,11.36868528817,12734.39826101167,241.70156462470
929,17.29895715483,12734.49500850234,287.39186061185
930,11.74615896523,12734.60335578305,256.53998413153
931,16.60318959685,12734.70386925806,258.81811154504
932,12.61838314205,12734.79928534302,294.57912052650
933,18.11114027751,12734.90589811991,305.75123812216
934,11.29343240172,12734.98607685788,238.50274730881
935,12.45869218441,12735.09973477778,290.31693533727
936,18.31350115446,12735.19478963250,318.78119507570
937,11.98585765855,12735.28339614302,267.20667947131
938,12.13206601473,12735.40089955850,277.98055424356
939,17.60001595350,12735.50612879641,282.14971969117
940,11.91230924012,12735.59513118372,266.63356658075
941,14.96138138353,12735.68473402209,210.52529709017
942,12.19020092782,12735.77759704646,275.02346866821
943,11.87118775517,12735.90713539618,263.58314374836
944,12.87345566052,12735.99413374223,311.36735293927
945,12.49763718890,12736.11329108985,289.07118567637
946,16.28574187106,12736.20298197204,251.77145946578
947,11.62791586392,12736.29546684399,254.22357929142
948,12.72307465871,12736.41622332409,299.46561127978
949,16.36591983153,12736.51822507532,243.84671350856
950,12.82591182565,12736.60164195725,307.82188381563
951,16.93384760859,12736.69683030099,266.13630553397
952,12.30066650630,12736.81004454241,284.51524058845
953,11.52921091525,12736.90837794698,249.94733652168
954,16.00801188258,12736.97108204098,240.65318705938
955,8.90126069430,12737.10040275709,221.99679928219
956,16.90775254681,12737.20141446318,268.40225080726
957,12.64748960090,12737.30588210188,298.22340656288
958,10.09074802514,12737.47237440526,285.76599335281
959,11.61236433950,12737.60496626740,250.67649388762
960,12.37093703750,12737.68553826758,288.27203327744
961,10.12725497923,12737.80198500294,287.69248128056
962,19.28085850493,12737.88557983590,343.82696009841
963,9.85473708710,12737.99154145661,270.78120597123
964,12.74238529134,12738.10279425799,303.95330213293
965,11.05754513949,12738.20614245595,230.88832098476
966,12.43421019899,12738.29607176970,285.98683457687
967,12.50158081694,12738.37380958837,295.04790164956
968,10.23520437046,12738.48958693398,292.55501490934
969,9.99019853550,12738.60894642865,280.43823673240
970,14.97502693588,12738.69955119232,206.41650134806
971,9.67177775496,12738.78620570017,261.13799938396
972,11.75896659667,12738.91046096165,261.09142966191
973,12.58673798422,12738.99785274091,296.25662707899
974,9.85431221590,12739.10865312372,272.20029213173
975,16.29880721160,12739.20023141516,243.93820959561
976,11.83557185903,12739.30150231525,264.38664840334
977,12.32597843019,12739.41284624815,281.61556509641
978,15.89775420011,12739.50083474582,235.26527772904
979,11.89662151641,12739.58559870684,266.81340026849
980,17.01632316458,12739.68724785023,269.58925936389
981,12.12814459511,12739.77498127337,273.62341398681
982,12.09710736861,12739.90107338498,275.05959982805
983,16.74075688356,12739.97613936282,257.17638710453
984,11.70054814903,12740.08698210096,256.87966561818
985,17.37410272505,12740.18988004274,286.01382786620
986,12.71603917813,12740.27700913008,301.18496473928
987,16.85163049615,12740.36653329875,259.97429332558
988,11.81670246989,12740.48364034768,266.59695937182
989,12.37891390955,12740.60900623892,282.01111232025
990,17.24417715655,12740.70324806849,277.51876740839
991,11.37444597367,12740.79649259056,240.48279664039
992,17.55565631428,12740.88868518806,289.00257714659
993,11.80744726078,12740.97377209275,262.43363073952
994,11.86708232776,12741.10340541108,264.55876201327
995,16.14167341964,12741.19026450357,244.26784307411
996,11.82571252622,12741.27294838491,256.92023864880
997,11.95123817763,12741.39486277153,270.95331019369
998,12.67505177292,12741.48569957671,296.98595700456
999,11.59235837508,12741.60860315918,251.31634082817
1000,16.90398651235,12741.70363252932,268.87436523852
1001,12.03050711931,12741.78309224555,269.27919317207
1002,11.92426409684,12741.89156093973,265.83354359991
1003,12.30084080318,12741.98714194511,284.25324185388
1004,18.40487059224,12742.08621858652,310.16439233220
1005,12.59725316893,12742.17606940450,299.16818696973
1006,12.32798329148,12742.30211434032,281.12127179956
1007,15.85743109346,12742.39267782624,238.91628960915
1008,12.96128343056,12742.48657479973,315.89389308968
1009,16.98702929392,12742.58592282452,269.66073015288
1010,11.39746225019,12742.67830023749,242.31337122939
1011,12.31458738050,12742.79660021224,280.54565289927
1012,17.81792747473,12742.88652615519,301.32849565794
1013,12.62551032584,12742.98770547581,298.24010315719
1014,16.31971541378,12743.09245895640,252.82394404965
1015,13.05251234454,12743.17784471939,316.77562759642
1016,11.66643264502,12743.31019650662,256.13067684001
1017,15.93832381797,12743.39403827190,235.86565324707
1018,10.86733476813,12743.48810033560,219.77824430483
1019,12.17338194306,12743.61213543707,275.45218950123
1020,17.50872069045,12743.66829001190,285.55859268727
1021,9.66159289775,12743.79045154313,262.29044985711
1022,14.30403889576,12743.88886258570,190.30286016096
1023,12.99679518128,12743.98217325539,319.15006038761
1024,11.67019830856,12744.06926303723,252.19511858478
1025,12.65704657202,12744.17913851741,297.91149469453
1026,9.61042064162,12744.29384328304,259.48135732367
1027,16.25211832734,12744.36514318753,248.07781960366
1028,9.71437597147,12744.47508678943,265.15086249850
1029,12.54097345424,12744.57101898101,292.77197316871
1030,11.20222690636,12744.67804981981,234.71271947520
1031,9.71714092695,12744.79715032534,264.33481149441
1032,12.43571256689,12744.91913916677,289.24729618806
1033,17.07549456652,12745.00831719698,276.91798671051
1034,9.80637345736,12745.09189729106,267.30238600921
1035,12.67960260327,12745.20839408914,302.18980624173
1036,10.76588057587,12745.30407184078,216.92648279308
1037,16.71164508264,12745.39773514807,256.72916313288
1038,12.17878508488,12745.50899741981,277.45186319166
1039,11.52315745456,12745.60044113704,249.55019729883
1040,17.46901559246,12745.69345855454,283.83790712861
1041,12.95934987446,12745.79218399471,312.37141237144
1042,12.54147264189,12745.91168817022,293.05211255158
1043,12.59895956958,12746.00993979951,297.87947943736
1044,16.12901090368,12746.09068438435,244.60856143665
1045,12.62376120667,12746.19223379242,294.97492005862
1046,17.66906487725,12746.29856915523,296.18749951997
1047,12.52054979386,12746.39594494103,293.36585990902
1048,18.29391706618,12746.51035786548,311.53418186625
1049,11.85569189697,12746.59787910206,266.95058941772
1050,16.84972926793,12746.69384301536,252.18365592201
1051,16.99033890100,12746.76118596932,277.62442519384
1052,9.49103878146,12746.87196551455,251.28858275482
1053,12.09766506728,12746.99657029626,273.73891217909
1054,12.54097741922,12747.10457019844,295.71188635897
1055,18.51286401557,12747.17890748076,315.26271406105
1056,12.38209978826,12747.28144831838,286.66633532602
1057,11.83631519789,12747.39119143989,260.66780271054
1058,11.84740182719,12747.50346653593,263.85416674214
1059,17.41060837698,12747.59858096188,285.02394307703
1060,11.55123888491,12747.68027319807,248.01561688104
1061,12.05045549302,12747.78166616346,271.60347312833
1062,12.36569211104,12747.88157761833,287.35271766232
1063,12.84471455384,12747.99418184240,307.20089161098
1064,17.13406106948,12748.09340527567,275.74661670042
1065,13.09461070864,12748.17974325552,320.75114616546
1066,12.23277966408,12748.30828833859,278.14446682649
1067,17.28872375921,12748.40767239411,278.23567713102
1068,12.76457888600,12748.49319534441,304.75014398373
1069,17.58267040594,12748.57749375623,287.30320173518
1070,12.13341797781,12748.67752871656,276.68450001500
1071,12.99575469828,12748.79591095332,314.32537203347
1072,17.65108445343,12748.86443329915,292.71012137447
1073,11.84393625558,12748.98427964093,262.17670520634
1074,12.29268328598,12749.10843201576,284.33058816747
1075,11.69909911950,12749.21303445997,254.43859624344
1076,18.97784285320,12749.30362647707,338.95511159457
1077,12.76294743852,12749.37830808903,303.10320784781
1078,12.79651992262,12749.49757719567,306.04824367806
1079,12.26611103504,12749.58384108014,281.31945265121
1080,11.96567557127,12749.68901032286,266.21947520614
1081,11.76927330910,12749.78881995856,259.19135826404
1082,11.60704883200,12749.87474157869,251.90237672384
1083,11.71373463224,12749.98553907630,256.63506762837
1084,12.68614048739,12750.07542431057,299.40366627592
1085,9.52401195454,12750.18981582315,253.95380965425
1086,12.37216529852,12750.30569030720,287.76922442824
1087,12.40721388251,12750.38687053314,285.36591929769
1088,10.12590402893,12750.50936973612,288.72146966188
1089,12.75756236982,12750.61606998564,305.91559886898
1090,12.10576006485,12750.70398785116,272.58128945532
1091,12.71716372929,12750.80622262455,302.55092030563
1092,11.14284186550,12750.89528994146,231.06288685340
1093,12.03104602192,12750.99067792738,271.16600586697
1094,12.45080628074,12751.07241346218,290.66699930865
1095,12.10186653558,12751.18678295751,272.49362017859
1096,11.96664329588,12751.30126151425,269.18298459597
1097,16.66113791125,12751.38735411010,255.41040773023
1098,12.08085712492,12751.48635478322,271.48349854212
1099,15.48874475670,12751.58157509323,230.77709925097
1100,12.34540953581,12751.66769811086,283.13813917454
1101,12.29954596900,12751.78989274360,282.88955728694
1102,11.85369204178,12751.89314171003,260.24186296661
1103,18.16797138023,12751.99539266531,310.98557672888
1104,11.57339057012,12752.11223657727,248.76060100291
1105,17.24439440161,12752.19644554232,276.44867251894
1106,17.10314067594,12752.28233220822,281.03327857189
1107,11.31742329185,12752.38026548494,238.20420440314
1108,17.07467642791,12752.49412091846,271.05208527085
1109,11.52284242699,12752.58109307945,248.20962206399
1110,16.58321226667,12752.69712576515,253.13174924522
1111,12.09598740642,12752.78954524524,275.03413453769
1112,11.81461462335,12752.88636597694,262.59293333400
1113,12.95240326949,12753.00258941205,311.93517798449
1114,16.49353427869,12753.10801538272,255.51673432587
1115,11.88018778913,12753.19610527778,262.71068396913
1116,17.05211650127,12753.28466863872,270.15633246404
1117,12.23092698931,12753.37780721268,279.44389447494
1118,12.16572456465,12753.49369602757,278.48616409401
1119,12.49302930519,12753.61449196448,291.92015440249
1120,12.34233228762,12753.69896754696,283.33651130598
1121,16.54336895129,12753.78534886157,253.06488330956
1122,12.13329376319,12753.88067689420,275.34825409849
1123,12.27746145924,12754.00038413109,285.83027211372
1124,14.86852934121,12754.09278408611,205.48716376243
1125,12.36315962608,12754.18439999513,284.35267139976
1126,11.31555456602,12754.30892352649,237.35707501592
1127,19.18699785196,12754.40997915905,341.07553438566
1128,11.88743764807,12754.49059876547,264.47879130324
1129,14.90284109394,12754.59932021799,213.37621211746
1130,12.30577746159,12754.68074920684,280.07473703972
1131,11.87079900594,12754.80727811013,264.64161976632
1132,16.02638958977,12754.90675544253,241.46190603334
1133,12.10987678796,12754.99249712200,272.67398431183
1134,15.39198065534,12755.08926460758,223.05099054654
1135,12.82144264150,12755.19172698085,305.30113810643
1136,11.93201068054,12755.30660954079,266.00624203890
1137,12.24644908104,12755.41668328783,280.86851183364
1138,12.69377962894,12755.50550806516,300.12132724766
1139,12.12658202079,12755.62403055618,274.66105956820
1140,11.25165878248,12755.70671140512,236.82002160559
1141,12.71753094348,12755.81171754122,304.15910206108
1142,12.34598292938,12755.90426298765,285.02914932440
1143,12.42549735604,12756.00279227388,287.13386032836
1144,11.73214388297,12756.08217938441,257.30600312400
1145,10.06514345137,12756.20216403574,284.86312023488
1146,10.77969778186,12756.31205528918,217.20489177944
1147,12.47715442244,12756.38952416752,289.40543839913
1148,10.01308376796,12756.49774317989,279.82941616457
1149,11.83162246896,12756.60559994527,261.63674231895
1150,11.59437221897,12756.69355092055,255.60266241940
1151,9.97122804970,12756.80108283427,276.51062186079
1152,12.24955271553,12756.90526843884,283.59764873432
1153,11.02511989602,12756.98514408357,224.32800371500
1154,12.07692831064,12757.07466103630,273.26969293948
1155,10.53938318054,12757.19961113055,312.11525161964
1156,17.51740282330,12757.29694231527,282.45963328450
1157,12.26559711235,12757.39054034499,281.57494174614
1158,11.91874412635,12757.50359077584,266.77759882774
1159,13.17512880359,12757.58514618129,324.60052299348
1160,11.05522366692,12757.71033529600,227.90927446772
1161,16.38650804412,12757.79762253810,248.51369892304
1162,12.42912775920,12757.88967316854,290.42698979712
1163,16.60120811967,12757.98403564251,253.40644401940
1164,12.20981467067,12758.08954118243,280.02831299296
1165,12.08090995680,12758.21331100409,271.75334957351
1166,17.34777093343,12758.32465435161,279.72440124745
1167,16.99658215897,12758.37930950264,274.58818825221
1168,12.25108195861,12758.49004923791,279.36765160164
1169,11.79285008751,12758.59051602476,259.97818794779
1170,12.31890089606,12758.70284428979,282.26147917429
1171,15.72241917193,12758.78824715052,232.13873715232
1172,11.99655871370,12758.88023747170,270.65470118649
1173,11.60500589315,12758.99457431700,250.51764686242
1174,19.12047352302,12759.09373040540,343.10463053381
1175,11.89144675509,12759.17561824162,261.88194931232
1176,11.71660501642,12759.28599055864,258.03145943607
1177,11.51142303993,12759.38815549493,246.62401125112
1178,12.47903215319,12759.51369344164,292.39307049027
1179,18.59124279585,12759.59636259791,321.47264004820
1180,11.97292451032,12759.68041613445,266.91835437260
1181,11.60489812400,12759.78164208220,251.58819610650
1182,12.32015942775,12759.89551296586,283.89882060453
1183,16.65710450344,12759.98968448836,263.89816547312
1184,12.91214374560,12760.07884812859,311.76878437462
1185,12.36186372898,12760.20453886685,282.70585057355
1186,16.45458262712,12760.29419175838,251.70671371120
1187,11.90056396640,12760.39032921991,266.37067177498
1188,16.30264456179,12760.48353281731,247.24184624146
1189,12.45445778444,12760.57772584656,291.55138183529
1190,12.74986451190,12760.70558217490,302.25516261995
1191,15.97656908270,12760.79682395089,237.50877432972
1192,11.56466537226,12760.88622338068,251.24884278605
1193,12.33405751142,12761.00802909764,282.06994481061
1194,11.68593011145,12761.11257891084,257.88599956470
1195,12.70398321419,12761.21949667125,301.70288510653
1196,14.57559947960,12761.29750417373,197.71305074507
1197,12.49153652197,12761.36342790010,293.48465640174
1198,9.80854952710,12761.48912840907,266.82139425277
1199,12.14080475852,12761.59177232798,279.50231537117
1200,12.52174872645,12761.69726365135,294.46084241559
1201,11.64384969689,12761.78179703851,249.46115772917
1202,11.87529455512,12761.88600157582,262.60247820035
1203,10.60846058071,12761.98067200055,317.19119736828
1204,11.67102720655,12762.09125728328,257.55712111936
1205,9.96549763769,12762.18952471147,275.09105963856
1206,12.13822641234,12762.29729158200,275.46019372161
1207,12.71637169979,12762.40018501049,304.13137698461
1208,12.70699632279,12762.48676138744,300.16496730210
1209,9.87507902465,12762.58707241640,273.13119026099
1210,11.88791568802,12762.69749702512,262.88157365861
1211,11.19996132677,12762.77918144211,237.05849891350
1212,11.75401962938,12762.88677411196,258.32115690992
1213,11.84851576120,12762.97939915961,261.20536041844
1214,12.18028517096,12763.08434764795,281.73081223505
1215,11.67677070960,12763.20840389609,250.98267287299
1216,15.04306933553,12763.29339317118,212.74112674027
1217,11.89586317784,12763.38235748098,261.70898991243
1218,12.27270130552,12763.50121792477,283.07139202331
1219,16.96987452120,12763.61058824412,265.07791395871
1220,12.27707577250,12763.68807221846,280.76681841152
1221,16.77838791511,12763.78724150013,269.50081570517
1222,12.68647213158,12763.89806936221,299.68014437243
1223,17.62392631538,12763.98927036198,288.51610823370
1224,11.12179707782,12764.08283090608,231.42960552622
1225,16.15234866250,12764.18446732995,242.28522993743
1226,12.18009463880,12764.27378329768,277.21424458785
1227,11.87505539353,12764.38626776660,265.53431096510
1228,11.88015735498,12764.51369019989,262.71001096832
1229,17.39988159063,12764.59535694752,281.10368997057
1230,12.08022848514,12764.68693847268,272.54237727158
1231,17.54910534818,12764.79152990032,289.95880724054
1232,12.12925833200,12764.88424307664,275.25667559102
1233,17.17019773623,12764.97208709568,270.94115022455
1234,12.64797144754,12765.07763458216,300.10627337389
1235,9.23159654966,12765.19040997464,239.84391388476
1236,17.07133037464,12765.30294595639,265.56757637927
1237,11.96925724662,12765.39067742988,270.56875988799
1238,11.88076969242,12765.49162861083,264.06330322711
1239,11.59288317040,12765.59136593830,252.66103102030
1240,16.89130297081,12765.67772413488,259.48911998037
1241,12.23925272991,12765.77568618867,281.76875787580
1242,12.13676892633,12765.90038950136,275.15958319692
1243,17.19021046445,12765.99101526847,272.34415229416
1244,12.52996155127,12766.08893173573,293.58638443489
1245,12.31607279129,12766.20461456916,283.80465045371
1246,16.98188614306,12766.28673867494,270.64672928346
1247,12.10860107448,12766.39776076594,271.29752381923
1248,15.95999165762,12766.49462344583,244.66203919310
1249,12.11129668449,12766.58278428331,274.31485429296
1250,17.99964414863,12766.68103655022,307.57805404049
1251,11.71541397069,12766.77460047263,253.98412256908
1252,11.87603973464,12766.88698528909,263.69087517575
1253,12.09640367715,12767.01591486895,273.71037017865
1254,12.50190038209,12767.09756201716,290.51791185472
1255,16.43770335491,12767.18171677306,254.12072699517
1256,11.91899739646,12767.27539083417,264.37615149043
1257,13.23286321709,12767.38143198686,323.86739984811
1258,11.59985937658,12767.47542319924,257.03571374468
1259,18.52759424853,12767.55551896672,319.83586586580
1260,10.39241411165,12767.67616147719,301.20077638881
1261,9.50545370482,12767.79489201349,252.92367286428
1262,11.99155076120,12767.89635907249,267.60241076998
1263,17.46503163167,12767.98300032655,289.62478436966
1264,8.55821300989,12768.09051586036,273.19338775149
1265,12.18267144956,12768.20636380920,279.14007042203
1266,12.17598551247,12768.30214424886,272.80729617496
1267,12.42773194422,12768.40095576866,290.66018155015
1268,11.38563138424,12768.48711878761,243.39699899990
1269,10.39170185828,12768.58856541892,303.32379121932
1270,12.64703481763,12768.70388210829,296.05949460155
1271,12.04119206684,12768.77780846481,271.12743376503
1272,12.26609510092,12768.90563132126,281.31908720712
1273,16.22011851100,12768.98924069642,249.70555049719
1274,11.98733491107,12769.08572285052,265.89195089156
1275,11.50319328370,12769.18834525196,248.85211929578
1276,17.91892274422,12769.24592470930,298.76814800626
1277,11.59357261576,12769.36093637093,250.00216116774
1278,11.47063263942,12769.46901005880,248.67738976385
1279,11.53766093480,12769.60080818651,249.06386901439
1280,18.23555805606,12769.68414190239,305.68365561494
1281,11.92898750348,12769.78195327678,266.47339583203
1282,17.07868407306,12769.89202667327,270.57724195964
1283,12.57877202334,12769.99160117382,297.40218163110
1284,12.00936854953,12770.09544692090,269.60965526313
1285,16.45792195615,12770.18482212521,249.59674452276
1286,11.46028076288,12770.28289765428,246.86200257646
1287,11.31798377776,12770.38271657191,236.86785234730
1288,15.52996384567,12770.48054553169,229.29716831311
1289,11.84168536126,12770.56742703860,260.78606829083
1290,11.67424599946,12770.67379078315,253.62954338492
1291,12.38349561317,12770.78700106104,288.29884195395
1292,11.51308233449,12770.90527437165,247.99938323733
1293,12.46305575957,12771.00669041329,290.15107324534
1294,12.55826260495,12771.11688752231,296.65157590574
1295,16.05077811339,12771.18618257088,236.98689882326
1296,11.97522407932,12771.26584286149,268.30916469341
1297,12.93569411758,12771.38120929854,312.87270038735
1298,12.50940350356,12771.47936716046,290.96130365401
1299,12.37912620800,12771.59347337907,286.59749196577
1300,15.96850385418,12771.68881476339,242.17435150822
1301,12.31397071488,12771.77242780078,279.17702561323
1302,12.18022332479,12771.87619142692,278.28545166108
1303,12.98960307084,12771.97543187181,314.44499635323
1304,11.17068111399,12772.09551096102,233.51800558534
1305,17.95676212547,12772.20023081946,299.39905657253
1306,12.86115662610,12772.28130864042,311.06987898248
1307,11.82480848877,12772.39267199213,262.81950331603
1308,12.42674962260,12772.50068080222,285.27443621604
1309,11.65686699289,12772.60299995665,255.92066774555
1310,11.81337920955,12772.70643685344,260.96607640487
1311,11.33552712374,12772.79638637109,242.85556696201
1312,17.54311718081,12772.88439619218,279.59128016912
1313,9.83770003258,12772.98506070839,272.09733842368
1314,12.30476793544,12773.09925637545,284.61010691923
1315,12.70585094826,12773.19330988222,297.16483747367
1316,12.17873095006,12773.28393243607,277.45062991556
1317,9.33946724562,12773.39331526033,244.97192925159
1318,11.97829689725,12773.48323046486,267.84286116926
1319,11.01124832607,12773.58438642637,226.20009472309
1320,11.14175867979,12773.66620625488,233.17973427742
1321,9.81650403092,12773.77869403430,269.73066621875
1322,12.37553704529,12773.88854474430,286.51439684151
1323,10.34079209649,12773.98487069812,300.06120734939
1324,9.99089127669,12774.10172217763,277.95514238994
1325,16.24744112811,12774.18050405948,250.65331373104
1326,9.90159944310,12774.27414796183,274.75823386997
1327,11.97304736312,12774.40067223523,267.72547801755
1328,11.74214017063,12774.48444685971,260.45326845154
1329,11.65530666680,12774.59668449413,251.33338551857
1330,12.38094065284,12774.70652027132,285.29942895050
1331,11.81729712634,12774.79613583381,259.71182297460
1332,16.77530762367,12774.88126117447,269.97302639336
1333,11.54521104506,12774.97754359454,248.15490507069
1334,11.96867105611,12775.10050834786,267.35985924937
1335,17.18096671656,12775.18869639902,275.43184937495
1336,12.20127120982,12775.29334829654,281.42384792362
1337,16.13295956569,12775.38096541246,236.55562270820
1338,11.76245559347,12775.47535824582,258.77402305640
1339,12.28615563020,12775.60255846992,284.17960305183
1340,16.04888831167,12775.69523253089,236.41488760392
1341,11.51919785976,12775.78663356820,248.13111568321
1342,11.44437371306,12775.89843421981,244.92029290229
1343,16.34506219210,12775.98997995252,250.03137320526
1344,12.32968292203,12776.08145413700,284.91973822719
1345,10.97662497098,12776.19848223403,224.14902482338
1346,11.70668646319,12776.33352661613,254.87260497576
1347,18.22393474789,12776.38330184297,312.47538866668
1348,11.83587093381,12776.48221779534,264.65811980913
1349,12.33714244143,12776.59628568093,281.60051236822
1350,11.96406787963,12776.68171947304,267.52469066271
1351,12.33038096159,12776.78945582092,284.40178051134
1352,19.49350141207,12776.88886199001,357.85311692224
1353,11.40261462645,12776.96434071868,241.88598376854
1354,11.61523785837,12777.07138583852,250.73852463485
1355,12.68664913875,12777.17763662460,302.62378750591
1356,11.92174028146,12777.29132751867,265.77727892977
1357,15.84390624956,12777.38954221283,233.93247235761
1358,12.38645683712,12777.46845597304,286.49957668922
1359,11.90986353651,12777.58288575735,265.24525505905
1360,15.57698155319,12777.67745774059,228.93393922839
1361,11.41313872089,12777.77491081412,241.84007364899
1362,18.31787325157,12777.86777478435,312.47950943064
1363,12.22567036946,12777.97015310733,279.59121831518
1364,11.86935490957,12778.08966079096,263.27502786420
1365,14.95441716136,12778.18106591794,210.42730179790
1366,12.51680620113,12778.27970698988,292.74345304340
1367,11.88563651955,12778.37001963133,264.17147386601
1368,12.00772658799,12778.47983979764,266.88506125134
1369,11.86463854744,12778.59519357815,264.50428160442
1370,12.56994405253,12778.69872025078,298.78415924922
1371,12.42236561533,12778.79820498818,285.44422998175
1372,17.60552542692,12778.87499113905,288.21487270698
1373,9.63108170830,12778.97207487616,260.75164364035
1374,12.73839682542,12779.08971459314,301.71451542060
1375,10.00351719601,12779.18744995338,281.34614236918
1376,12.36317537130,12779.29941854773,284.35303353997
1377,12.27773225533,12779.37547417964,281.58598173474
1378,10.06604006620,12779.48232005590,284.71060762031
1379,11.77067998590,12779.60025255645,259.22233710721
1380,11.41085107510,12779.67671320381,243.66909970213
1381,9.87623462151,12779.78085714345,272.80584278598
1382,11.59598232789,12779.86949228411,250.32285486002
1383,9.76248177634,12779.97311379742,265.92684975689
1384,11.77676252419,12780.09743601299,263.59962046844
1385,12.39381561030,12780.18597744449,282.35059648128
1386,12.21353329251,12780.29477586672,279.04649513012
1387,11.97308199891,12780.40972311443,269.59382248898
1388,11.92747008996,12780.48602669242,266.17239204696
1389,11.33277146663,12780.60237936688,240.13712206275
1390,11.05024114079,12780.69922232811,228.34194336161
1391,11.97215738519,12780.79538782259,267.97314936457
1392,15.66840849991,12780.89039983331,228.13547133902
1393,12.98153622337,12780.98760202039,313.44429301708
1394,17.21589920023,12781.07486096803,284.45333814070
1395,11.83546779349,12781.17580647239,259.30210756482
1396,12.03838461084,12781.29495228446,272.39754857146
1397,12.49769011704,12781.37352923655,289.07240990779
1398,11.46923944650,12781.48952018963,248.64718606119
1399,12.41977879740,12781.59132217903,285.38478943124
1400,11.86159295744,12781.68226336616,263.10285943731
1401,12.76989196817,12781.79803381771,304.87699208192
1402,15.86137174108,12781.89664020316,234.19034724965
1403,9.56605779798,12781.98525274694,257.04052485060
1404,12.33328160325,12782.10427001245,283.12873944605
1405,13.04705871844,12782.20434559518,319.85257613889
1406,12.87476053265,12782.30437098325,311.66495285974
1407,17.64952770569,12782.39146451696,289.47377738743
1408,9.97145425863,12782.48036465011,277.59353833403
1409,16.66056112288,12782.58666148493,260.77903049835
1410,12.58990187192,12782.67354272192,294.72204663255
1411,11.84576887763,12782.76762897817,262.48470429417
1412,12.86502345730,12782.87080531855,309.29614111057
1413,12.03311773079,12782.97410555453,270.94562668150
1414,11.58101009659,12783.06409651372,250.80307770851
1415,12.19194063396,12783.17325654015,278.01902190208
1416,12.01032438761,12783.29514619935,269.63111377474
1417,17.49940507423,12783.37525723551,284.86967574190
1418,9.66522453422,12783.48131202189,261.49746805137
1419,18.17509321510,12783.59290185478,307.36871640746
1420,9.39047925948,12783.68975411609,248.80340171987
1421,12.02606755820,12783.80112924870,268.91104562142
1422,11.91725435866,12783.91280565034,264.06871674142
1423,11.81900313960,12783.99479879274,261.35768674296
1424,11.81776540214,12784.10639414975,263.98888228649
1425,12.46305304315,12784.17525598791,288.80957420249
1426,10.14095913794,12784.28325777751,287.00885150499
1427,11.31240073169,12784.37563770641,240.50493853980
1428,10.77110361838,12784.48805918480,323.67121568283
1429,12.18162405670,12784.60678910280,277.24905354794
1430,9.25940385776,12784.69725444077,241.10036819783
1431,13.26598745540,12784.80203752303,328.98579034310
1432,11.87300437204,12784.87825285950,262.28323929554
1433,9.55952904022,12784.98719580987,256.68715070000
1434,11.67311943952,12785.06453262424,254.94477681124
1435,9.95497164904,12785.17953805189,278.56138210004
1436,11.58485522147,12785.27765951603,249.54541853763
1437,12.32632991103,12785.37068146521,282.70055389724
1438,9.66808869718,12785.49549427624,262.64480010793
1439,13.05759688307,12785.60625403360,315.55108688564
1440,17.37660119506,12785.67272554846,286.58224856590
1441,12.40980686280,12785.76105654637,286.50263924827
1442,11.99501931373,12785.87064769516,270.35400510265
1443,12.32540373970,12785.98856823537,284.01966757794
1444,18.44343905694,12786.08654312055,316.77646859092
1445,12.55119429953,12786.17915250469,294.61906857468
1446,18.01259009839,12786.27198024013,298.70501429411
1447,11.80989787423,12786.37030213684,259.28038398523
1448,11.49501387316,12786.47773081693,249.73562489490
1449,11.67339924292,12786.58974447425,254.68350348035
1450,12.01489485542,12786.69876408611,271.33452817015
1451,17.18873543243,12786.78827622039,271.77777032254
1452,12.55467225242,12786.87311384810,294.96801020075
1453,12.53469101494,12786.99258833914,293.96456140498
1454,17.32380859709,12787.08887955106,284.65922251590
1455,17.27010888692,12787.16207841405,271.96994672131
1456,9.98767718980,12787.28747942330,281.25554332052
1457,15.37491519219,12787.34849151846,226.48664359128
1458,9.48431661896,12787.47517767047,249.31308199641
1459,11.36934168228,12787.59629310324,240.37487980019
1460,11.38954058311,12787.69441451287,242.68008190042
1461,17.93692945227,12787.78280477217,295.82341892391
1462,11.81181102985,12787.87013530661,265.17449994619
1463,9.68933888362,12787.99411515316,261.07329830767
1464,12.41921908208,12788.11552444011,288.32922919127
1465,11.62880153289,12788.21364029456,252.90972474030
1466,17.12720028463,12788.28250901017,277.75651254667
1467,12.04293714795,12788.37198541153,271.70104635618
1468,12.62020282355,12788.49947569625,296.23893251648
1469,18.34539110104,12788.58994423471,312.94892877773
1470,11.96566928546,12788.68400129587,267.82792603814
1471,11.76689861003,12788.80905563889,257.53115052058
1472,16.07556233012,12788.90323536830,242.73566809249
1473,12.11778900983,12788.96228690998,273.12109352321
1474,11.33194063389,12789.07394168887,242.77872898022
1475,12.64318177292,12789.18042382621,297.31645611158
1476,12.68089766930,12789.27542944478,299.27993132604
1477,12.39225761959,12789.37281752732,291.41573575795
1478,11.65660465461,12789.50083134068,250.27791589753
1479,12.06398770303,12789.58748857027,274.83659842922
1480,11.23766231649,12789.68817186488,234.91821714451
1481,9.77126619870,12789.79829290971,267.41868801811
1482,11.25085385963,12789.88546350020,234.11510319321
1483,9.88610183152,12789.98198508315,274.68423193675
1484,11.83513579469,12790.09241692143,261.98189870018
1485,12.00778788283,12790.18242801877,269.57416938364
1486,10.05198278754,12790.28030499714,281.99350296652
1487,12.02414265098,12790.38004395848,271.80946141919
1488,9.50954729189,12790.48522106631,255.87574824597
1489,12.55164416583,12790.56820841902,291.67385293062
1490,10.13144429243,12790.67187419707,287.45462525025
1491,11.44687116515,12790.80325642085,243.63287820112
1492,12.72010312315,12790.88691440966,300.74369838143
1493,12.25942163024,12790.99316487025,284.09077043461
1494,12.48858097772,12791.07140634538,290.20839686693
1495,12.54562314241,12791.16498600109,297.41330659132
1496,12.10555383023,12791.25997906472,269.60348483316
1497,11.29611417658,12791.38320840110,239.89287227043
1498,12.71742443135,12791.50020826572,304.15655466152
1499,18.14632690450,12791.59500155655,299.27689017698
1500,11.77777224501,12791.69432353957,260.97799956353
1501,17.67046403035,12791.79410246387,296.73755126624
1502,12.25246619019,12791.87415578900,276.15656300885
1503,11.71682042428,12792.00034167466,258.03620330220
1504,19.31015601044,12792.07616208258,346.50836107873
1505,12.00351205858,12792.16757057341,268.13814829010
1506,11.56610181252,12792.29522032558,251.54609591097
1507,16.10997059988,12792.37871738293,243.78809235677
1508,12.87348907423,12792.46640069490,310.03467249272
1509,11.64956211359,12792.57993173133,252.28766814605
1510,12.79303171036,12792.70143714128,306.49925454469
1511,11.43172160815,12792.79978390099,244.11477233131
1512,12.57134513745,12792.89024182391,295.62714923776
1513,17.18873085148,12792.97211616554,277.69244538217
1514,12.38061296757,12793.06374181450,286.63191293825
1515,9.92669078334,12793.19453056242,276.88172519759
1516,16.28407606507,12793.29028722334,243.71773398256
1517,12.57855321310,12793.37553530545,294.72492346807
1518,17.59481627045,12793.47182040354,291.77701912159
1519,9.82639600818,12793.58028041231,270.89504326806
1520,11.36093582272,12793.69336907459,240.19715996930
1521,12.70187078550,12793.80218129560,303.25300860392
1522,19.37799684309,12793.89832577854,345.55918480774
1523,12.75609558203,12793.98924730850,304.28034358031
1524,16.81355604364,12794.07400304971,265.31343923987
1525,11.70896255169,12794.16698064504,255.19092248254
1526,11.77682859591,12794.27334487683,260.69121383540
1527,12.25234110689,12794.38921881623,279.12758496648
1528,12.33363460233,12794.48830576157,286.07652099919
1529,12.42672749567,12794.59724430111,290.37090369638
1530,12.03756976675,12794.69831974717,270.24277101949
1531,18.18423018019,12794.78549599795,302.64590687327
1532,12.47050006751,12794.87325884344,292.45915024776
1533,12.10727776433,12794.95895049062,272.61546297913
1534,12.43429437503,12795.06577345097,289.21430988667
1535,8.64225141639,12795.19313599125,278.57020913280
1536,18.16190751563,12795.28617622078,310.35081167132
1537,9.70001802933,12795.38013490494,264.40334695039
1538,12.40484796989,12795.49542317515,286.11937138026
1539,11.94564115809,12795.58033642676,266.84541029646
1540,9.46727362184,12795.68200651555,252.61836853146
1541,12.54010247715,12795.80521688199,291.13570324511
1542,9.90011485243,12795.89009229187,274.36003080287
1543,11.99154451998,12795.98546928452,267.60227149153
1544,12.41811997729,12796.06955433026,291.49536321783
1545,11.66951816306,12796.16066514107,253.25811953107
1546,9.99223518815,12796.27023120921,280.67333118699
1547,11.96568640731,12796.38304299620,266.21971629292
1548,11.43035003061,12796.47076349102,243.01257503202
1549,12.40831286782,12796.56424562971,289.40910171384
1550,12.42135044888,12796.66035419985,287.03803177290
1551,11.09747077660,12796.76367353405,230.38948031919
1552,11.59338419653,12796.88604647044,251.33858010714
1553,18.40502116520,12796.98731779660,318.25256703347
1554,13.06023352716,12797.07071715484,315.61480426915
1555,15.86383691575,12797.16592302229,239.01280305357
1556,11.64092071935,12797.26164457923,252.10052658830
1557,9.14862369067,12797.39263397860,235.21038561574
1558,18.23415864848,12797.48994998911,308.90623730249
1559,11.73167772446,12797.57059511547,257.56309983214
1560,16.78503009309,12797.67733907837,264.86330733278
1561,11.47582193789,12797.76282621752,244.78764789777
1562,12.09425090660,12797.88416839646,274.72856963885
1563,12.31862583674,12798.00437576676,284.13064708508
1564,17.26649095067,12798.09213263529,277.34091136258
1565,12.74103855457,12798.16665613261,301.77708593409
1566,12.81371379766,12798.25097737693,307.26206280759
1567,10.25554131451,12798.38246987688,296.52528175261
1568,18.46308340863,12798.47959861671,317.11387141122
1569,13.10490289389,12798.56975672273,319.39420319691
1570,11.71226991901,12798.67145172212,256.60297736919
1571,12.12010265062,12798.76729299047,274.51430505200
1572,12.09738159767,12798.88677223212,272.39263435431
1573,12.07113366458,12798.97443001035,273.93761697374
1574,12.50263962601,12799.09248798720,290.80397987531
1575,11.59104340914,12799.17857928220,251.28783304595
1576,12.36969680617,12799.28075865407,287.44577836760
1577,12.05697066868,12799.40590763402,271.75031773006
1578,17.48771992407,12799.49950277432,286.28631350842
1579,11.32090037814,12799.60469012669,237.73890794098
1580,15.92733876252,12799.69469974229,236.24061126809
1581,12.73532528523,12799.77558729437,304.85080990395
1582,12.23138786959,12799.88780527972,277.03485998697
1583,11.78415717091,12799.98595458336,262.18094574770
1584,11.95087711893,12800.09150933395,264.27386146362
1585,17.65050456807,12800.18171617736,298.49711739165
1586,11.83158779844,12800.26766617741,260.56369253727
1587,12.82321585940,12800.38865991088,307.75718062563
1588,12.05954176730,12800.48489879550,270.46732050582
1589,12.28178955827,12800.57752853785,281.41115160151
1590,9.73629334821,12800.68355074646,265.92738574491
1591,12.34764516696,12800.78718562775,284.79998156956
1592,9.40098084980,12800.89024601237,247.47981649056
1593,15.97365122439,12800.98299973087,240.13663310102
1594,10.14623823689,12801.07899437176,289.12328528161
1595,11.76621154049,12801.17394552979,256.16855764005
1596,9.77025763273,12801.28006477451,269.52455905501
1597,9.77077002178,12801.39721025904,267.04785390150
1598,11.42440053048,12801.49497292607,245.82379344481
1599,12.60119095044,12801.58531023995,293.36698390619
1600,12.07756364172,12801.66318479857,272.74978862512
1601,9.59104268652,12801.77295754500,257.53333758249
1602,11.60573905248,12801.89394145761,251.87395118875
1603,12.05050599202,12801.96542343324,271.60461131790
1604,11.07644496148,12802.07200493108,226.99957236423
1605,12.58361247043,12802.16333121119,299.37363509203
1606,11.67216870732,12802.28172479797,255.99064483253
1607,12.41725284004,12802.40122513648,286.94334242478
1608,15.57407127646,12802.49089630840,225.68973433913
1609,11.34730736073,12802.58148331000,240.44513213651
1610,17.08644779972,12802.68511729152,274.98035364154
1611,12.60336324726,12802.77170354335,292.33283025792
1612,16.64564563881,12802.84908274462,260.54556624423
1613,11.98873394280,12802.95010412559,269.94625199571
1614,11.79722941394,12803.06341890479,259.00225429400
1615,11.90917240769,12803.18191044255,269.47381016956
1616,12.44770168831,12803.29191297957,285.21267607447
1617,17.92479265123,12803.37513857329,301.54168570837
1618,11.86741221763,12803.47326266605,263.49931321048
1619,12.80654227135,12803.58791396308,305.21512768930
1620,11.95724995811,12803.69354473937,268.70577294340
1621,12.33434901137,12803.79054947330,284.49330407624
1622,16.95848553459,12803.86313099320,267.60038803249
1623,12.55014635224,12803.95922006922,294.59446970009
1624,13.30103695002,12804.07262312239,330.65853516659
1625,11.11498131244,12804.16666754553,232.08762348531
1626,11.97033662686,12804.28099518064,265.51491070839
1627,11.80792314843,12804.38982553956,263.23989703772
1628,11.69513563553,12804.46521989329,253.27462692335
1629,10.18363789339,12804.59293369438,291.25916508896
1630,14.61613240393,12804.68881416769,196.63995038472
1631,11.59945971533,12804.77627105099,251.73767365830
1632,11.99935269061,12804.89703012660,272.04414165122
1633,17.59929347175,12805.00112931644,285.41257746526
1634,12.67386842096,12805.08087202922,296.95823018188
1635,12.70621575095,12805.19311483253,303.62272902937
1636,12.08344219121,12805.28071383171,271.54159068197
1637,17.96943061194,12805.36517166170,303.35890362315
1638,11.58462386035,12805.46014549941,253.54187283989
1639,9.95788353863,12805.58801446453,276.67867862778
1640,14.83688141421,12805.67943878012,205.04978070933
1641,11.17661900254,12805.77743932736,233.64213444351
1642,12.15518666714,12805.88507439990,276.38018566097
1643,11.66251144158,12805.97043722875,254.17854400866
1644,9.46437812058,12806.07064123968,250.76137292829
1645,11.86270836779,12806.17983237514,266.05280765118
1646,12.17475126229,12806.26437162011,275.75206896269
1647,12.13922640335,12806.35099752492,272.52495685092
1648,10.13866660495,12806.46106287433,288.72957345391
1649,9.68999919970,12806.59101689935,263.95244778494
1650,11.53890683188,12806.70005545027,247.75083647336
1651,9.56918172986,12806.78089096926,256.41121969804
1652,11.94572806668,12806.89268987786,266.84735168731
1653,12.73534012180,12806.96706207132,303.51818461864
1654,9.60219676127,12807.07284314883,261.73693224905
1655,11.59884582061,12807.18122581537,249.03778113914
1656,12.47721963180,12807.26663187134,289.40695091896
1657,10.18005236392,12807.37328401995,291.15661643875
1658,10.92377280752,12807.47838490539,221.99729615626
1659,12.61413741907,12807.59344981058,297.70433284508
1660,15.67376229763,12807.67044785338,233.00722784574
1661,11.63406489133,12807.76115885666,253.29152144225
1662,12.33964394815,12807.88144601929,281.65761032085
1663,17.06183539713,12807.95836338113,276.69647220774
1664,12.32898602880,12808.06474572866,281.14413772864
1665,12.53621512260,12808.17253371169,294.00030489791
1666,11.71039605615,12808.27120518661,257.89472127021
1667,11.23360116381,12808.39025195767,234.56447869801
1668,15.64023797453,12808.48344322496,232.50885295378
1669,12.21697258315,12808.56836024636,277.51627025134
1670,18.21092676651,12808.66888034452,305.27075996294
1671,9.53278141821,12808.77694358053,255.43585434578
1672,16.49854053470,12808.90897261512,258.24300715584
1673,11.51603190537,12808.96577191225,246.72275289913
1674,12.29292444329,12809.08074091008,281.12926472644
1675,11.70383006716,12809.17709536845,256.15082806306
1676,12.53320899172,12809.28706822288,295.52870953987
1677,11.56488700018,12809.39469861702,249.91932196142
1678,17.96793611222,12809.48577965546,297.42226464805
1679,9.63258384315,12809.57815210731,260.61435788269
1680,16.77823072587,12809.68488056278,264.75601512779
1681,9.51754666907,12809.78871831172,254.49428606073
1682,16.53372781913,12809.85470192491,257.20444330239
1683,11.48824235274,12809.96014323196,242.88872230462
1684,11.81598371733,12810.06834989469,263.68447178729
1685,11.84183546142,12810.17269321168,259.44161617930
1686,11.40273153255,12810.28626082613,241.88846372141
1687,16.13461183233,12810.38368570810,247.33891578219
1688,11.66091465834,12810.46680875131,254.41112200224
1689,17.64866944013,12810.57888267606,286.21332111007
1690,11.07040583716,12810.65293256150,229.29373483880
1691,12.00286840790,12810.77442054165,269.46372744533
1692,12.29953018941,12810.88037311900,282.88919435634
1693,16.18218032703,12810.98684433912,248.59537122048
1694,12.34317260452,12811.05300076494,283.89296990390
1695,12.65864529325,12811.16513270085,299.29063979545
1696,11.30980195576,12811.28471532975,239.11606860379
1697,13.06353427397,12811.39089792816,317.31214499137
1698,12.26980472924,12811.47202565856,281.67153382151
1699,12.36649775341,12811.55689683286,286.03792174564
1700,12.74303952196,12811.66077790761,302.09336572842
1701,9.69737353412,12811.77234063210,263.26181341042
1702,11.81611400911,12811.90212191367,262.62625884806
1703,12.42495899351,12811.97227438141,291.65589810715
1704,11.76766090901,12812.06651181051,256.20011262637
1705,9.16778618692,12812.16985503632,234.45168059578
1706,9.80682282411,12812.28361975698,270.35544782133
1707,12.14099145219,12812.37705276872,275.25531447956
1708,10.28378136711,12812.49085833877,296.27286771058
1709,11.98238537778,12812.59331913995,272.97756922191
1710,11.32368671529,12812.68733837127,235.90259065664
1711,11.53920193241,12812.77062478275,249.09713458086
1712,9.77520663413,12812.87487555370,267.34788053299
1713,11.52777500782,12812.99684751201,248.85046118102
1714,15.79795674418,12813.06569204795,236.96935116263
1715,12.68151488521,12813.16067255410,299.02571093434
1716,12.06877940445,12813.28103459126,272.28407423766
1717,12.16907687913,12813.39838459371,276.96348463784
1718,18.13125345615,12813.49122143811,306.09078765777
1719,11.94538530409,12813.58468324288,265.23059669118
1720,12.32141346322,12813.66828558677,282.58779669136
1721,11.80937831544,12813.80036900125,262.21075146769
1722,15.82963250027,12813.89332719213,235.32440499387
1723,12.19600902182,12813.98552517100,278.11179541938
1724,18.08725333641,12814.07290840265,304.27469745495
1725,12.32262366994,12814.18545365226,283.95560521483
1726,17.34382831661,12814.28176915838,280.19812161470
1727,11.44059792247,12814.36129505748,245.90633123302
1728,12.52623266535,12814.47712302524,290.27365204297
1729,11.69906152620,12814.58789840187,256.04646344845
1730,12.13757403051,12814.70474002897,274.10501401202
1731,12.73006959718,12814.78656056802,304.72500230010
1732,17.45760700792,12814.88297581971,286.32604390306
1733,11.60767640261,12814.97908566008,251.91599659677
1734,11.77670086337,12815.09380780122,258.01458863439
1735,18.24480387379,12815.18162718070,319.67478880359
1736,10.04618499912,12815.27905336480,280.57467770375
1737,12.30450153155,12815.39231945752,283.27089809616
1738,12.44245667151,12815.47868298841,289.40416006008
1739,17.10387535071,12815.57104513180,268.80850125530
1740,11.25114584061,12815.65644144487,238.14187087009
1741,12.20478528682,12815.77649663503,279.64676208767
1742,11.94760667680,12815.89636500541,264.47154780568
1743,16.86468071386,12815.98779065840,269.83489142181
1744,12.69753306221,12816.08124591976,299.94142593715
1745,17.19517454008,12816.14199626309,275.12279264124
1746,9.82195041787,12816.26818873138,271.12853230233
1747,15.83238159892,12816.38989641241,238.01288495201
1748,12.70807890676,12816.47568186799,296.94514164606
1749,11.39473524400,12816.59591589453,243.05800960426
1750,15.67295191616,12816.67683595533,230.87699868820
1751,11.77685667512,12816.76891984975,259.35836457684
1752,11.82254096783,12816.86862884342,262.76910514435
1753,12.48405841588,12816.97517051862,291.44327821970
1754,12.06437000792,12817.06482023413,269.22743878861
1755,9.71102276022,12817.17305929495,265.94731111106
1756,11.92417974162,12817.28550835732,267.16549810979
1757,12.08733065900,12817.37622068681,273.50507121347
1758,12.13268218399,12817.46825033837,272.37803949068
1759,12.47471756134,12817.55229874590,289.34891582740
1760,9.57383164540,12817.65889557556,257.60546329441
1761,9.70344434761,12817.76724083421,263.60527720222
1762,12.38061464471,12817.87010672507,286.63195176700
1763,8.83136260545,12817.97496845634,219.89915550259
1764,11.55689704203,12818.07364267902,247.05824058867
1765,9.26355452402,12818.18183097011,240.31738752804
1766,9.54815154298,12818.29763195040,255.31264459423
1767,15.52468259181,12818.39066533406,226.57528311750
1768,9.92124115082,12818.48097836002,274.58726462654
1769,17.50098197807,12818.57317449910,297.51669362723
1770,11.14834619156,12818.66464797077,227.65567137777
1771,12.44382621406,12818.76497436813,290.77044334275
1772,12.67300780371,12818.87398228414,298.82511691091
1773,12.44599259509,12818.98456382711,291.08726222113
1774,18.49710599518,12819.07483070678,321.44543070246
1775,9.99714693567,12819.17559795420,279.02608408307
1776,17.28317029094,12819.28466744734,280.81827839497
1777,11.92812481390,12819.37263169851,265.91961248333
1778,16.36509736535,12819.46912858207,246.56505322824
1779,11.97569338561,12819.56789988058,269.65262219670
1780,11.82608214226,12819.66954137380,262.84781167945
1781,17.06059221173,12819.76290001886,270.82850527030
1782,12.58593023906,12819.85712042561,294.62907309099
1783,11.10786138285,12819.98879314924,230.60519491056
1784,17.44539590397,12820.07326319792,286.65710583637
1785,9.64815780442,12820.16129018163,260.50026071931
1786,18.23500820771,12820.26260425685,309.45835100794
1787,11.55856299094,12820.35679703050,251.11626512863
1788,12.81951925086,12820.46100659743,305.79323407386
1789,11.63161329989,12820.55712456842,254.30441711470
1790,12.04905654154,12820.67486420614,270.23216141163
1791,11.34773559148,12820.78573242892,239.38074454536
1792,11.74118018762,12820.87095081847,256.43124598717
1793,12.20845103130,12820.96510316829,279.99703834678
1794,11.67664334091,12821.06477765950,255.28891840772
1795,11.68567276502,12821.17209307138,255.21894557847
1796,16.66573888001,12821.26006076316,261.39190059091
1797,11.82363933476,12821.35910516493,259.85120734408
1798,11.31104598554,12821.48777975157,240.47613624161
1799,15.57568954340,12821.56066409382,223.55320078005
1800,13.12748758141,12821.65361796924,320.21384022089
1801,11.65666180472,12821.76366894051,256.97586173177
1802,12.35150341789,12821.86028053622,283.81594065195
1803,11.78647321002,12821.98606254115,259.83760708383
1804,17.46807976555,12822.07793605894,289.67533195171
1805,11.85410805428,12822.18000152458,259.98088622788
1806,13.00183006220,12822.28939131920,316.34817891072
1807,16.85741065343,12822.38049135928,269.71857045494
1808,9.79765114993,12822.48231319456,266.88485213165
1809,16.81847860516,12822.56592847885,265.92349585561
1810,9.53484175923,12822.66374061311,254.59991527352
1811,13.09632163083,12822.78860444422,320.79305502908
1812,13.17830656671,12822.86103190046,324.41125899624
1813,12.98409885078,12822.96799658081,315.38266526612
1814,11.45139190290,12823.05181333071,245.33788704534
1815,9.38221855183,12823.16188705336,247.34204523955
1816,10.34061724463,12823.27447079548,299.34256274370
1817,11.24964021918,12823.36283030145,235.43752763031
1818,9.62873177572,12823.47274970514,260.51013827791
1819,11.45962948279,12823.57704038357,244.44225102614
1820,9.73172303713,12823.68390677446,265.98064902109
1821,13.04955061780,12823.78220974931,316.97248316311
1822,11.55636587341,12823.87495380462,249.73517885441
1823,12.07190903002,12823.94387564963,271.55087873242
1824,10.94670333574,12824.05533007110,224.87417031421
1825,11.93519193396,12824.17696075402,266.34471205054
1826,12.12386341506,12824.28645799040,274.86699501949
1827,17.99478156240,12824.38223626577,301.11028838944
1828,12.51850322923,12824.46487283207,293.05064725902
1829,12.16191272347,12824.55925706222,276.53312026814
1830,12.81781240564,12824.68323681288,307.36034397445
1831,18.57622557040,12824.77555815622,317.43068169478
1832,11.28780777747,12824.86499894117,242.09650562059
1833,12.73472840744,12824.98998525602,298.38422525093
1834,15.84237637452,12825.08201739593,236.04609168686
1835,11.69249339410,12825.17978465265,256.96897878048
1836,16.85599427113,12825.26452656097,264.37593980098
1837,11.80087741221,12825.36674938836,257.73505305235
1838,17.66157751260,12825.45777155926,296.06198841732
1839,10.27591506068,12825.55679513188,295.68934427325
1840,12.39257697218,12825.68331025026,287.44367907145
1841,16.90324291586,12825.78082254124,265.11700583675
1842,12.13571157253,12825.86687253839,275.40312292418
1843,12.11131511718,12825.98721716747,272.97517939325
1844,12.09096559865,12826.08788779938,276.24615189048
1845,11.16915327217,12826.18954657861,231.87764759944
1846,18.79762043481,12826.27564685503,329.36091744692
1847,9.69332126306,12826.36105404137,263.86495321969
1848,12.14436689633,12826.47719373471,274.52716764788
1849,12.50716628110,12826.57897140249,294.11792233015
1850,12.70402047991,12826.68990166786,301.70377011826
1851,16.66360983400,12826.77437510819,256.53301263160
1852,12.00066929912,12826.86649022034,268.87927391418
1853,11.96974571186,12826.98894374575,267.91916880971
1854,16.41373859054,12827.08181033273,253.21882602890
1855,9.29662092399,12827.18895649690,242.06944228835
1856,17.01304562841,12827.28676714910,268.46133179102
1857,11.81287836765,12827.36756313743,261.22224755143
1858,15.73830634141,12827.46732434447,230.23157322602
1859,12.00596902662,12827.55501754578,271.13295457527
1860,12.11262427594,12827.68482567265,271.38766508205
1861,12.64350658199,12827.78631646367,298.93271250754
1862,12.42171979197,12827.88570768947,289.98796839117
1863,12.25347089441,12827.98750330030,279.42212771943
1864,11.37346838078,12828.08901857543,243.13698368399
1865,12.63319287200,12828.17832950717,296.81282705096
1866,12.39154724344,12828.25563196827,285.81258845955
1867,10.35913888994,12828.38174714728,301.66267790832
1868,12.43314707630,12828.49457704823,290.25474102990
1869,12.02919920625,12828.58491907812,270.59014500367
1870,9.46648405035,12828.69146918913,250.10157047139
1871,18.36687731849,12828.75074440885,317.06146149424
1872,8.62836801157,12828.86780436496,277.72088323833
1873,12.09980686478,12828.99276102246,275.38692589430
1874,11.54770705851,12829.06950136279,249.28073501982
1875,10.18779472190,12829.17966770865,290.66476445306
1876,12.53664935168,12829.27920450245,293.74308460786
1877,10.04091923315,12829.36812881254,282.21950082678
1878,11.35662783289,12829.49229214937,241.17798630132
1879,12.12845933763,12829.57180085749,273.89917526592
1880,12.00561020348,12829.68645963254,270.85891210391
1881,16.42610819244,12829.77260053615,250.73365963011
1882,12.44934659510,12829.86332925885,291.43173196038
1883,11.25879260489,12829.98269091784,235.89790247878
1884,17.64514120759,12830.07320386681,289.40183346928
1885,12.36314229647,12830.13841172951,284.35227281884
1886,12.32785427608,12830.25167648749,284.34350219365
1887,12.03734623898,12830.37091260485,272.37405289842
1888,16.72556361039,12830.47238166630,265.51009110290
1889,12.44164180379,12830.55734730390,286.42810426020
1890,15.84209434031,12830.66172272523,233.36862218379
1891,12.55674874084,12830.75375606024,294.74945013744
1892,12.25814845305,12830.87398028351,281.13683330252
1893,17.90570667540,12830.96915794978,298.01035189760
1894,9.77507235045,12831.07537434981,268.59223702414
1895,17.93500816577,12831.18485059938,305.42218353086
1896,12.75214673935,12831.27305625551,299.33610340304
1897,11.59200411831,12831.38819662462,253.96808569174
1898,17.54838769280,12831.47471809681,282.95924929277
1899,11.58278591461,12831.56420314833,252.44096643234
1900,15.82220805391,12831.65625127702,230.37482664702
1901,11.87990591357,12831.75098581191,263.77671827889
1902,9.87355035447,12831.87950288551,272.91036148182
1903,11.49809951540,12831.98946601730,247.40960654700
1904,12.16572422096,12832.09997797778,276.61978470314
1905,11.84073415658,12832.19221279696,262.37314232809
1906,16.24733486865,12832.28966543807,248.00480327577
1907,12.24149841559,12832.37586592799,280.22070682322
1908,17.14603661991,12832.47705452732,273.26285739175
1909,12.57539222129,12832.57264778859,295.72232026721
1910,17.46229739957,12832.65858770752,283.72874941464
1911,13.11797829787,12832.74958482544,321.85862654798
1912,12.03312242444,12832.87079545200,270.67839561457
1913,10.62544729465,12832.98607407944,210.10461897025
1914,15.38754096772,12833.08411709769,226.14974260252
1915,16.90953036185,12833.15926793035,261.41499550898
1916,11.87577515416,12833.25541406006,265.28472198858
1917,11.72990679688,12833.37743049535,255.91635275731
1918,16.28171391206,12833.47646300331,251.70918873072
1919,12.30021652076,12833.56106142235,279.94817217654
1920,11.29773463000,12833.65013266883,238.86093668303
1921,11.74715152536,12833.75204003794,257.63514641763
1922,12.21910610502,12833.84888063479,279.44109888307
1923,12.06481256826,12833.95375837627,270.85437039650
1924,11.78864076543,12834.05866632031,261.21882988841
1925,9.47883998418,12834.18197370647,252.39358327610
1926,16.26404459794,12834.27969852648,243.41793043488
1927,9.46073658216,12834.36111920167,251.55598667216
1928,12.72592589493,12834.46050952772,304.62581276551
1929,10.03609852450,12834.56058132618,279.93339717831
1930,12.10815380478,12834.67248938059,274.24366962871
1931,12.28787435868,12834.76145201248,282.35385618479
1932,9.12555675189,12834.87066585344,235.67976002051
1933,12.13432532249,12834.98860559610,272.41492785853
1934,9.39888095774,12835.07786082278,247.42453705661
1935,12.62687773122,12835.18688418031,296.39561522188
1936,16.34527216096,12835.27520306311,248.42662897857
1937,9.84250672493,12835.36822203522,272.23028496508
1938,16.04838759873,12835.48015987947,242.32533864693
1939,12.50502945532,12835.56964094697,292.20055762499
1940,16.84369296654,12835.66754896871,263.64549725725
1941,11.53406353051,12835.75572959547,250.31841070669
1942,12.25224890562,12835.87224041323,279.12548447659
1943,19.49326325137,12835.95156055711,353.57577081809
1944,12.46324580735,12836.05800290615,292.02318458284
1945,17.60519195448,12836.14870949476,288.20941352785
1946,11.78501537224,12836.25424187013,258.46556541030
1947,12.53524848111,12836.38588083920,295.31087389071
1948,19.68358739999,12836.48347229482,359.19176369560
1949,11.94952019150,12836.59127108800,266.12845070059
1950,17.93048419571,12836.68842911117,305.34514309686
1951,19.26193987014,12836.77626774676,340.77850361566
1952,11.61175943950,12836.85130093765,252.27198781578
1953,12.10381116564,12836.95122656369,275.47806223360
1954,11.93498781525,12837.07694011736,264.99973497359
1955,19.06824789293,12837.16373372818,335.18920927025
1956,12.13071069040,12837.25851766476,276.88862003702
1957,9.93799121603,12837.45622985649,277.37501414192
1958,11.72247853249,12837.57725812899,254.40749377122
1959,18.11516365528,12837.67319781457,313.76383838369
1960,11.83503462170,12837.75976554012,261.97965914064
1961,12.38565961329,12837.86093771620,282.16479005217
1962,12.34100668422,12837.96398444352,286.77908018054
1963,12.17052370275,12838.07862069573,275.11845034234
1964,15.01470959833,12838.16704614352,218.61747166298
1965,12.47211945501,12838.26171384789,286.58748617774
1966,16.75109702689,12838.36126712664,269.06245913151
1967,12.85393483482,12838.46438797173,309.29676362232
1968,17.91684543778,12838.56036803398,295.49218487132
1969,12.12478330440,12838.66032566734,273.54757981180
1970,12.49912848851,12838.76768852749,292.86394267954
1971,18.73835871158,12838.88537098563,318.00049231836
1972,12.02477064670,12838.97137208537,269.95543148697
1973,17.78643565047,12839.08642386264,297.09204766935
1974,12.53650449274,12839.18568758067,297.19713496564
1975,18.45762115169,12839.30504446676,322.87650308636
1976,12.18110113037,12839.38506639970,274.81816787989
1977,10.18373883449,12839.56391633089,290.37052242914
1978,12.10328389010,12839.66163377337,272.52553426903
1979,12.68201042941,12839.78078133594,299.30619340747
1980,12.05487787900,12839.88733082087,274.89351020414
1981,18.06674252699,12839.97457006688,299.60303072989
1982,9.55433930626,12840.06918292517,256.36982602687
1983,16.68294771454,12840.16976703485,264.83358472904
1984,12.88765667065,12840.25666860414,306.06488801519
1985,12.65990107753,12840.34678942721,301.18859861520
1986,9.31027099449,12840.44349357601,242.78216424150
1987,10.08529069412,12840.57817992945,284.71974192650
1988,12.01184893099,12840.69470811102,269.66533968869
1989,12.83643880743,12840.77758717036,310.20656049481
1990,12.11266018415,12840.87091095009,271.38846961847
1991,10.23085809249,12840.97687367143,293.85902620071
1992,11.85274360996,12841.08959617481,262.90657141473
1993,12.48864167088,12841.15739486861,291.28267525940
1994,12.20261579030,12841.25444781130,278.26245292044
1995,12.62573214356,12841.36841347256,299.84452514382
1996,12.61336216197,12841.45811942015,296.07835900471
1997,13.27583988076,12841.58130030253,329.23012254639
1998,17.55340825250,12841.67083171850,286.82505420810
1999,11.89566270594,12841.76214505159,263.05288613390
2000,12.58478092958,12841.85894818699,297.81027212892
2001,11.30490034410,12841.98166900692,240.34547811242
2002,17.34308670835,12842.06122565444,273.66929218815
2003,12.78852722643,12842.17592091797,306.12432703048
2004,16.09818508156,12842.28570216760,249.39201090020
2005,12.30094351961,12842.38680212138,285.31825699085
2006,17.78893210396,12842.48285110525,281.82968696577
2007,12.16437010464,12842.58009878829,279.51594448710
2008,16.44538992720,12842.68195201257,253.17355986812
2009,12.85934537629,12842.76109490072,306.74323535377
2010,16.91182403452,12842.85762928374,268.46688367091
2011,13.23156634455,12842.94505881557,326.79558172871
2012,13.29084333892,12843.08460181168,331.20610931221
2013,18.74063705642,12843.17384837184,329.96296452319
2014,12.55768162334,12843.27380638966,293.43086203276
2015,19.22591526053,12843.35538155205,347.13293784833
2016,11.85003584233,12843.45624794149,261.23887122670
2017,11.47939565596,12843.57605944335,246.47307733834
2018,18.23931356730,12843.67452859467,312.20675826452
2019,12.95495919815,12843.73498898588,310.91902075568
2020,9.94599109253,12843.86555332528,279.90500020483
2021,17.55261709867,12843.97025200115,288.95254534329
2022,12.25645677049,12844.06588167885,276.51826861272
2023,11.75623651578,12844.16950356057,259.96970677423
2024,17.03019583376,12844.25133563502,272.48313334008
2025,12.33173939041,12844.34999217740,281.47718543570
2026,11.86871032697,12844.47971590640,267.50714512212
2027,18.35244508144,12844.59488229864,313.06926066925
2028,18.63449831142,12844.66417722226,317.33407148043
2029,9.92875772185,12844.76004870034,277.65039128587
2030,17.08729896233,12844.87694191734,271.79012825065
2031,10.07332121235,12845.06306178827,283.13022126794
2032,16.71836283324,12845.17852123285,260.07669005380
2033,11.98330924992,12845.26807815130,269.82410602777
2034,17.69426958566,12845.36591032209,292.89227758775
2035,11.55027325407,12845.47134306511,248.80050016243
2036,12.63203132396,12845.59095773748,298.39414232876
2037,17.98146137774,12845.65870577405,304.09410490484
2038,12.83581761874,12845.76221232131,308.05962284975
2039,13.21890663366,12845.85327341074,326.48290993487
2040,12.78411026850,12845.97957406003,304.14362898510
2041,17.36677861521,12846.05397963418,283.77550080733
2042,12.51432469071,12846.14659447217,292.95283018004
2043,11.92370949134,12846.26135202720,264.21175292686
2044,12.50919383896,12846.34883453593,292.83272002000
2045,10.31586270660,12846.46140465711,297.91239903715
2046,12.63828399574,12846.56972108260,298.80923395631
2047,12.86553870075,12846.65276165406,307.96778291347
2048,10.58701906842,12846.76893040709,315.84114005627
2049,12.33527920013,12846.89273837473,284.78203454535
2050,11.66615451095,12846.98761848095,255.59263939962
2051,12.87298126033,12847.07467567645,306.79855154205
2052,12.46758777499,12847.16085352513,290.79161824285
2053,10.14975204236,12847.25980373694,288.33157212277
2054,18.55213769210,12847.36277530438,320.25955139254
2055,11.84629751376,12847.46232217409,263.82957251449
2056,12.53730963355,12847.57227526460,294.02597345490
2057,13.19440851499,12847.67534558326,326.14485464744
2058,17.36763491141,12847.76195310388,276.24914448970
2059,12.88281703994,12847.85311717970,310.52666939887
2060,12.51196929760,12847.97410279489,292.89769184099
2061,15.67915594070,12848.05182060131,230.96838967651
2062,13.05265765859,12848.15258338848,318.65598328532
2063,10.86562501978,12848.27844916119,219.47486709127
2064,18.32393492447,12848.39536726493,315.78897631418
2065,16.10602886544,12848.48418188536,238.89101381003
2066,10.43037320787,12848.64213513735,306.58910623306
2067,18.35739981929,12848.77502536762,313.69138562068
2068,15.58423365055,12848.85700809417,225.83700113077
2069,11.65151487011,12848.94873066524,255.27190093868
2070,12.82317107471,12849.04593273622,307.48884034458
2071,18.47394985639,12849.16346733388,317.30050878057
2072,11.52772049221,12849.25878578167,247.24206010186
2073,17.94260179881,12849.35866430184,306.60331393948
2074,12.36652668368,12849.46328797370,287.10590278788
2075,17.75320098454,12849.55874119400,286.26176438939
2076,12.30147809621,12849.65880469700,282.13058523130
2077,12.37157784314,12849.77736888038,287.22317239248
2078,17.33777786282,12849.88276816083,285.41584516406
2079,11.98308401655,12849.97217492698,268.75255195335
2080,12.28979772853,12850.08043819593,279.44092270762
2081,18.11047905123,12850.15213997662,304.66541445438
2082,13.28693170903,12850.26550005478,330.30788443610
2083,12.24166905875,12850.36694699686,281.82438594320
2084,15.72671566036,12850.46640709505,227.35849084987
2085,12.24981752898,12850.55042187676,281.21269804729
2086,16.60180917241,12850.65965209333,257.72938586644
2087,11.57688160651,12850.76394350823,252.04655320912
2088,9.02278058987,12850.89117824692,263.21169181194
2089,13.29181694951,12851.08638296876,252.19449481486
2090,18.95239663189,12851.18570792201,334.22915514181
2091,15.78742909605,12851.24914693659,234.16541555445
2092,12.15688486901,12851.34621721428,276.41879875352
2093,12.10922149152,12851.47436248228,274.00040420949
2094,17.36241898174,12851.58781367601,281.03530265637
2095,16.38692505337,12851.67370034192,249.59820621859
2096,11.41686686302,12851.76466387907,244.86451463053
2097,11.83303550446,12851.88090137247,258.16635552073
2098,11.96118802793,12851.97257477505,269.06027137802
2099,16.77546669099,12852.06214230817,263.64715402800
2100,11.94710919551,12852.15587689629,265.53777237137
2101,12.06788080880,12852.26723512481,275.19002262432
2102,11.56610300602,12852.35686250866,248.60396075004
2103,11.66804566421,12852.47213321915,253.49483762318
2104,15.24969355101,12852.55794260680,218.34238353316
2105,10.01968397182,12852.65562451116,283.22227922470
2106,12.07641945340,12852.75588349812,269.76677612415
2107,11.31972196238,12852.84963633711,238.25258582105
2108,9.63008338765,12852.97159709860,260.54670681253
2109,11.39499242085,12853.08623559988,244.66086302676
2110,11.24943608784,12853.17613634069,236.23815784454
2111,11.90833151857,12853.28517985935,262.25379765552
2112,13.04556019690,12853.35820867221,318.48271216362
2113,9.99395223240,12853.46123042125,280.00906906830
2114,15.90955228163,12853.56613494634,240.22897133115
2115,10.54264359503,12853.64489634563,207.66599524497
2116,11.68664453694,12853.75619169898,256.57441878882
2117,13.02176241695,12853.85659117833,315.49233907066
2118,12.16450678591,12853.97595082137,278.45828786467
2119,16.50423133748,12854.06583918433,247.56347006219
2120,12.62091007263,12854.16374978359,297.86417320857
2121,18.14981749281,12854.23956448583,309.61269294313
2122,12.32123982386,12854.35411050816,285.25732528229
2123,11.88891064271,12854.47494467642,261.82609723091
2124,17.48100909859,12854.57139933138,280.78658302899
2125,16.97370157485,12854.64167023983,273.69271407830
2126,16.26737310161,12854.74122069350,246.17002442746
2127,12.14076404691,12854.85193474314,275.78514508151
2128,17.78350494203,12854.94129758567,297.04309518735
2129,15.73855335379,12855.02913622125,230.23518670564
2130,13.32626129726,12855.15420516850,332.08872028583
2131,18.23090058305,12855.24482887085,305.60558214046
2132,12.15554282676,12855.35048117342,277.98745798895
2133,11.46194040375,12855.47441383015,244.49154465490
2134,15.63447895015,12855.58739954964,229.24646210824
2135,16.52374524562,12855.67523818521,256.51750782947
2136,17.96213201030,12855.74648507852,303.76721564005
2137,11.68918273030,12855.85772800427,256.63014355092
2138,11.74483888303,12855.97634965317,255.43337038007
2139,18.61933243508,12856.11247939346,325.70529522932
2140,16.58278274190,12856.18079833224,253.12519283428
2141,12.18942658890,12856.27294629967,277.96169285433
2142,11.80997218374,12856.36284815231,260.62336950389
2143,12.32769580966,12856.47874550602,284.33984714599
2144,16.77324556332,12856.57704817721,264.14533527669
2145,12.70439263983,12856.66999588895,301.97996568660
2146,16.98615466284,12856.76346128162,271.24713788099
2147,11.83771612692,12856.88015459008,262.57324571614
2148,15.96606279945,12856.98403385542,236.27615268624
2149,16.47544260085,12857.05040082453,252.02580995051
2150,12.46200656630,12857.16426221694,290.66144320542
2151,15.89482013337,12857.26414150446,234.68420684350
2152,13.07592396063,12857.34318160690,318.15096126707
2153,16.53690137854,12857.43396286659,261.47136898877
2154,12.33933626832,12857.54255074319,282.19066572227
2155,15.57134138483,12857.64672756167,227.78908648107
2156,12.62217652823,12857.76678116593,296.55400157649
2157,10.45771882091,12857.96723866509,307.21495890480
2158,16.12915116361,12858.07420892151,243.01016525594
2159,12.69687865505,12858.16725892661,300.46298847839
2160,17.55712088602,12858.28990157112,290.09124566097
2161,8.41420102811,12858.36549416978,265.68097900409
2162,8.36566216607,12858.48525320025,260.27832365682
2163,9.54870147524,12858.57722512235,256.21854714585
2164,8.89627674592,12858.66298720904,293.98123071794
2165,10.16381474843,12858.76446503801,290.86983973400
2166,8.36228857460,12858.85820150799,261.51377986715
2167,7.36530616403,12858.96747141959,253.32798971828
2168,8.70702574227,12859.06718728730,283.61390553081
2169,8.68386957877,12859.18341143893,282.05871438141
2170,8.75354200570,12859.28407617208,286.60331728030
2171,8.43574966962,12859.36141512998,264.88791266046
2172,7.66857606466,12859.46802507033,274.46646862399
2173,8.54392506664,12859.57388436305,273.13847397687
2174,7.70108160981,12859.66539018521,277.13195784592
2175,8.27088623130,12859.76959717894,255.59581157326
2176,8.63426024780,12859.85747934160,278.71413478315
2177,8.37947819402,12859.95228357157,262.58669619296
2178,8.16578587350,12860.04866756725,250.35825409974
2179,7.51499167951,12860.16746177988,263.56094727806
2180,9.72514113422,12860.27942697873,263.83646521901
2181,8.51941262559,12860.36916265998,272.22156363202
2182,8.51673235231,12860.47994418802,269.59191275119
2183,11.98945629518,12860.57565806601,270.76004459589
2184,8.24595273045,12860.66673364836,253.62169991041
2185,10.79715571408,12860.75954284509,218.09185490928
2186,8.30654683482,12860.86004713867,258.83925017225
2187,9.51595079314,12860.98021467484,253.38173478703
2188,12.27092139387,12861.07099933951,278.47152207199
2189,9.90731251286,12861.16022765540,274.91676512200
2190,11.53778203293,12861.25871856041,248.79910092550
2191,9.63982060380,12861.34961309949,261.16620703048
2192,8.95131301436,12861.46592900375,299.70193734347
2193,11.82321842259,12861.55875546701,260.11080529699
2194,9.86512729148,12861.65453069737,274.45628073206
2195,12.66023216098,12861.74065528368,296.63872239662
2196,8.51905806884,12861.85175625333,272.34350752049
2197,9.77876225472,12861.96176791481,267.44512529348
2198,9.34218985233,12862.05526263193,243.43531200289
2199,9.82262283607,12862.15793233099,271.32495367494
2200,10.30438203727,12862.26238644014,297.22382237878
2201,10.42976803983,12862.36143525469,305.68296110873
2202,9.52995378598,12862.44685466986,254.64778358026
2203,8.35782973656,12862.54441663197,261.64145609449
2204,8.77057936196,12862.66377389727,286.08764100274
2205,10.27068533751,12862.78320907902,296.42984345836
2206,8.79678257549,12862.87491427475,289.62663535953
2207,9.46787519663,12862.97458451403,249.95907772080
2208,12.11009436019,12863.03857367802,275.62106531218
2209,7.63098458610,12863.16197405274,271.40999627500
2210,10.40915433798,12863.27724575811,303.47639105396
2211,10.03954559211,12863.35935810823,282.00223992748
2212,9.77851296012,12863.45556489948,269.75229240227
2213,9.92161908982,12863.55672663920,276.56235139178
2214,10.12409186018,12863.66294385810,286.71027757408
2215,9.55364662753,12863.76999751076,256.88474942643
2216,9.77219025011,12863.86005656649,266.19130544580
2217,10.24995765695,12863.95483478258,294.40761942364
2218,9.84758819683,12864.05795642105,271.47927159121
2219,12.22812480700,12864.13755617592,279.91457092988
2220,8.17084537323,12864.25110422361,249.57886983408
2221,8.53848891313,12864.35950537513,274.96055582135
2222,10.21296707785,12864.47224960290,287.96220888148
2223,9.74953340961,12864.55951626431,266.82390799384
2224,9.81897081961,12864.65685283225,269.97706216466
2225,8.69976883344,12864.74728994022,282.30716352287
2226,8.52375981000,12864.86255052861,271.82642895898
2227,8.27529430270,12864.96487712501,256.80092961648
2228,10.04919333878,12865.05803888147,281.73608464932
2229,8.21279369853,12865.15681941219,252.73529903218
2230,7.57983354484,12865.25215387437,269.16414759688
2231,8.27094166794,12865.36629984030,254.39028748437
2232,8.69833830392,12865.46529492339,282.39473803342
2233,8.00434804619,12865.55934167631,299.70912878594
2234,8.61560432342,12865.67665079528,279.04451457197
2235,8.38453204863,12865.76618096426,262.34341947774
2236,7.32157396968,12865.86735155404,249.79339150176
2237,8.63373150260,12865.96552605604,279.63162253618
2238,7.83884786906,12866.05933593428,286.52034479511
2239,7.50130096928,12866.17266872508,262.54553392474
2240,10.13189420175,12866.27241796110,286.39407956905
2241,8.36996316531,12866.35665911112,262.68886374906
2242,8.28842076147,12866.45907495476,256.40574918318
2243,8.54613445068,12866.57041798495,272.40594096649
2244,8.66015656001,12866.67204196850,281.28849742612
2245,10.05829914399,12866.77480423492,282.34991191066
2246,8.38561289730,12866.87746844404,262.77893864884
2247,11.79270833340,12866.97768421120,259.97506292068
2248,8.51730378670,12867.07235933048,271.48697061860
2249,9.63482104057,12867.17830310695,258.88819714563
2250,9.53479072072,12867.26486862542,254.59855244018
2251,9.66768674254,12867.37346123544,263.52205988365
2252,12.22996363614,12867.45928851073,278.34924368561
2253,8.56040309542,12867.56535296975,275.79913016553
2254,9.68357443132,12867.66234363612,261.45650964576
2255,9.93484574101,12867.76380254008,275.14321660087
2256,9.79271399767,12867.86425096786,270.49879814295
2257,9.46384710966,12867.96221262624,249.85273317327
2258,9.98741982832,12868.06339783502,280.00422156489
2259,9.63171740165,12868.14832169490,260.05636984448
2260,9.56185128287,12868.25047053333,256.92749554683
2261,10.23046960652,12868.35066458916,293.31311235611
2262,9.40733630309,12868.45122849088,246.75211793985
2263,8.18250383778,12868.55232720892,250.33648043347
2264,9.92236635439,12868.66130542550,277.64901627305
2265,10.13458373926,12868.75104231329,286.64931546127
2266,8.70951154297,12868.85780978591,282.89158495701
2267,9.95142961655,12868.96572968672,278.46226846114
2268,8.70822227070,12869.05443775238,282.58147723642
2269,9.76730759123,12869.15713414356,269.26608802835
2270,9.79451729687,12869.25262134262,267.69689781869
2271,8.25859471189,12869.35724679546,255.08230991364
2272,9.62365590865,12869.45482662895,260.55059774312
2273,10.38727523438,12869.54777772322,301.76777636902
2274,9.75645312606,12869.64745068223,265.94165630359
2275,9.39500534217,12869.74987403482,248.56847701505
2276,9.40424941448,12869.85394537493,247.56586110669
2277,10.12606144432,12869.95807294831,286.22920741766
2278,8.80097865497,12870.05631949775,290.43229561393
2279,11.94865264348,12870.17007988716,265.57207721688
2280,9.31047923180,12870.25351160565,243.50062852415
2281,12.25055763708,12870.35280983216,279.89240215295
2282,8.71736636596,12870.44892408983,284.61900814597
2283,8.25416091773,12870.56069802896,253.47129152186
2284,13.06345487185,12870.66001949351,319.18701470094
2285,8.03026157258,12870.75648552833,241.84289639774
2286,9.95633066707,12870.86723415259,276.45630611630
2287,8.60578405364,12870.95462071292,277.79492252988
2288,8.74880972517,12871.07019795044,284.84060789080
2289,10.00297366336,12871.16722923837,281.15296702463
2290,8.48549285684,12871.25589609595,269.94005277415
2291,8.23982364341,12871.36662204528,317.09941868760
2292,10.02800283175,12871.47259674285,280.42570763136
2293,8.58908047276,12871.55883682394,276.05577222495
2294,8.40574882986,12871.66389461664,265.54717125963
2295,7.30904940205,12871.76052855183,249.68722652476
2296,8.83615516048,12871.87343444479,289.44309560862
2297,8.56594446353,12871.95567107208,274.37777801909
2298,7.68786498676,12872.05919630236,276.12174088713
2299,8.17594407237,12872.15634959803,250.00213494824
2300,7.88719182231,12872.25755426791,291.18589314984
2301,7.98171937959,12872.37050278158,296.82983105495
2302,9.76962871574,12872.44920058831,267.19532675935
2303,7.32935603420,12872.55904949303,250.91673315028
2304,10.09015940529,12872.67542956332,286.99365029692
2305,8.61127491095,12872.76342034081,276.50105120110
2306,9.25519308949,12872.85947968109,240.27878768092
2307,8.35775777176,12872.95426665530,261.10469971269
2308,10.03870776941,12873.06936915005,282.15734335100
2309,10.09681205764,12873.16755320830,287.53763707171
2310,8.60983365000,12873.26229716625,276.45477348130
2311,9.71176751759,12873.37554017454,265.07966556343
2312,9.54634327102,12873.47482933310,258.28107621114
2313,12.82640303843,12873.55943149821,300.25839699745
2314,9.78651838581,12873.65678787955,267.29918222538
2315,8.41788587779,12873.76204935942,265.79732926341
2316,9.92919941509,12873.87560165605,274.98684293235
2317,11.47902927169,12873.96466669258,249.12402781057
2318,10.09373636548,12874.05233381945,284.24219682495
2319,9.54993698148,12874.16019429766,257.13992271510
2320,7.97343291916,12874.25841638996,236.39581422251
2321,12.19786815962,12874.35786995828,280.02012335895
2322,8.20128975871,12874.45182116486,251.58049534411
2323,9.83719820625,12874.57342281752,269.94103581609
2324,12.47270146819,12874.65371403783,290.91088903905
2325,8.36522619193,12874.74704916858,261.73935899667
2326,9.80863827728,12874.86118837545,269.33599124581
2327,8.49659678289,12874.96204652585,270.02606996361
2328,9.66628841634,12875.07359047107,261.70482909406
2329,10.61495148418,12875.15523010791,314.35314540361
2330,8.51671804355,12875.25418007455,272.00216167896
2331,8.51432455843,12875.37064220035,270.45547912819
2332,9.99829922597,12875.46985639447,279.95237832713
2333,9.32129293795,12875.56698747801,244.13959202902
2334,9.90239003739,12875.64469687643,273.52831957462
2335,8.29587411662,12875.75086787458,258.10702912420
2336,9.68143940468,12875.86921121121,261.39886392626
2337,9.77722321398,12875.97266825853,269.71671317054
2338,9.58615222555,12876.06871061131,258.11504800433
2339,12.73819746723,12876.13351698277,301.44077003612
2340,8.65776418888,12876.24918310658,280.54362368040
2341,12.26788720927,12876.34430535724,280.28833642230
2342,8.81759721407,12876.45391102871,290.57963177710
2343,9.42521892732,12876.57899203997,250.61159099754
2344,10.31222512635,12876.67108477919,295.65708745182
2345,9.39030529341,12876.76329986634,247.73326808972
2346,9.83079953647,12876.85892929995,270.30229810679
2347,9.34466471807,12876.95373843267,245.99730033942
2348,8.58983044904,12877.06409200106,275.00875771858
2349,9.80220011928,12877.15502400657,268.98065871972
2350,8.45245519694,12877.25409114893,267.95749448466
2351,10.48663331536,12877.35877836382,307.17065675851
2352,8.12233712191,12877.45501086304,246.49653923837
2353,8.00152405706,12877.55628265766,298.96161054740
2354,9.39105930547,12877.66398515404,247.75316029393
2355,8.75037488416,12877.75164015967,285.83069757202
2356,7.31848422377,12877.86315051724,250.11662647177
2357,8.76407922903,12877.95434315692,286.68052020326
2358,7.38838073056,12878.06556589925,255.30036185794
2359,8.56955546744,12878.17451926079,273.28687250749
2360,7.81161071557,12878.25767857914,286.05858194421
2361,8.87330121453,12878.36753674145,292.95335318740
2362,7.80787602073,12878.45688451195,285.92181866345
2363,7.69250671831,12878.56203606177,276.39552376625
2364,10.36994364784,12878.64985068842,301.08573770872
2365,8.07106539957,12878.74957131311,242.93772781494
2366,8.53136368963,12878.85663021286,272.60343706435
2367,8.83923674006,12878.95100426357,291.42683366789
2368,8.37736609075,12879.05896937958,262.92120241478
2369,10.03505611816,12879.16238101698,280.98157130839
2370,9.75417630938,12879.25469098278,267.30714648380
2371,9.54363264964,12879.34002826728,255.01329346540
2372,8.88430232543,12879.44589136376,295.59503782241
2373,9.68724610614,12879.55699285637,264.58775839458
2374,12.92351156502,12879.64626728062,308.54460968822
2375,8.74429593657,12879.75755085125,285.76594584251
2376,9.69215366170,12879.87753570998,264.01113463395
2377,9.25616212359,12879.95623700130,240.48214621735
2378,12.03890932192,12880.04322470439,271.61017445905
2379,8.23221538559,12880.14990793514,252.12629613971
2380,11.99108633983,12880.25653661788,268.93202535108
2381,8.74472633880,12880.36704302849,287.11481564385
2382,9.72007159983,12880.45899706164,263.34040187336
2383,10.00284077057,12880.55458411598,280.97123291676
2384,9.59010517770,12880.65756626486,257.68667933091
2385,10.55436093870,12880.75945984055,311.66654354761
2386,9.84048980286,12880.84821221730,271.28358237408
2387,8.38478930221,12880.95596271144,262.21744493123
2388,12.38070915758,12881.05171223834,286.63413989815
2389,8.35244627967,12881.15174771511,260.93876339540
2390,7.64029384714,12881.27014757155,272.59900340982
2391,9.69864564248,12881.37382699999,264.36593839362
2392,10.03728143686,12881.46010908375,281.93864174523
2393,9.57907948190,12881.55421177124,256.85511697281
2394,8.53804844345,12881.65420388236,273.48423405091
2395,8.77200914626,12881.76839774848,287.07396733040
2396,9.91856963748,12881.85014678448,275.40779988394
2397,9.79163875319,12881.95892589686,269.93685187372
2398,10.68197677105,12882.05979353280,319.03186038631
2399,9.83983774472,12882.15092120175,271.08708341292
2400,8.45472908298,12882.26141927090,267.22829457733
2401,11.95673401174,12882.35371610184,266.55741154415
2402,8.66585737044,12882.45205886829,280.67212380111
2403,11.90200319161,12882.56412253453,266.40288599514
2404,10.16156329574,12882.65025738294,286.87300811487
2405,8.51859115838,12882.75667011000,272.19531521577
2406,11.62817683135,12882.84108428315,255.55547689567
2407,8.23637125210,12882.94700979588,253.05907208377
2408,9.94179735170,12883.06054979371,274.79674601569
2409,9.96764953145,12883.14860700087,279.09418688061
2410,7.72150831514,12883.25614008484,279.04467026437
2411,9.35403162266,12883.36891397688,244.28174917840
2412,8.74418220985,12883.46297098370,285.76222922289
2413,8.67586477395,12883.56893618071,281.93223446815
2414,8.55598617999,12883.65628356135,273.52405251004
2415,8.87302233567,12883.76477370044,293.61526744924
2416,9.90541699911,12883.85122922030,275.75513883300
2417,7.08366370741,12883.95791485401,281.03492817062
2418,10.31837300067,12884.04959900831,298.16348846404
2419,7.76173127469,12884.14463115866,281.35606748018
2420,7.71395669219,12884.25612692570,277.16623180502
2421,7.65953054723,12884.35500354090,274.67721592859
2422,7.56686341812,12884.46317123589,267.95672630770
2423,10.17931818970,12884.55227233961,290.24447589970
2424,7.03949700930,12884.64940103913,278.48307111055
2425,8.54552325089,12884.76087901830,272.38645912315
2426,9.17332093830,12884.85496421485,313.90991661673
2427,7.26182283277,12884.96263351133,246.26039365430
2428,9.64944283315,12885.06394637665,261.78282179094
2429,10.20004259431,12885.15062519560,291.19290543300
2430,8.43785399549,12885.25640794606,265.49087790112
2431,10.00104227365,12885.36391469973,280.20771679063
2432,8.47139791115,12885.45727033717,268.42436718620
2433,12.20753748986,12885.54958147039,278.37468493838
2434,8.49649402171,12885.65517819436,270.42353078017
2435,9.90442184545,12885.76484913891,273.22564367652
2436,10.03870103759,12885.86574335274,282.15715414017
2437,9.72259440995,12885.96348573982,266.61899637773
2438,9.30236779933,12886.06557987198,241.50351438072
2439,10.09520657166,12886.15800792162,286.42646972331
2440,9.86861678614,12886.26893321036,272.77399494005
2441,9.41314057829,12886.38174773322,250.11336264960
2442,8.71423029336,12886.46246045752,282.23883906440
2443,12.22911513206,12886.56620568918,282.59577348508
2444,10.18478326992,12886.64831898154,289.32673031712
2445,8.30524970030,12886.76807449488,258.66553192636
2446,9.67447968818,12886.87069137314,261.21095158085
2447,8.38746792229,12886.96822031488,263.10458805781
2448,11.77638313502,12887.05558540515,260.94721894230
2449,8.54327604276,12887.15288240363,272.18078371894
2450,9.51729150509,12887.25544748809,252.70156410877
2451,8.46343712343,12887.34643560702,269.37140703027
2452,8.47245045581,12887.44640907460,266.98303281131
2453,9.73414434966,12887.55286986732,265.33356308882
2454,8.61170957869,12887.64652157184,276.64907591999
2455,7.54412154557,12887.77019293342,266.40471290538
2456,11.76645678021,12887.86170141787,257.52148060280
2457,8.36612909269,12887.95620075644,261.76760983683
2458,9.03869660499,12888.06831648175,230.26512017615
2459,9.49690554218,12888.15880526380,251.80235117777
2460,9.78131570108,12888.26319088535,267.87236257811
2461,8.22953801774,12888.36139916769,253.25057808069
2462,10.57464393745,12888.47086571147,314.05090234586
2463,11.87195827729,12888.56897026736,262.52870193964
2464,8.28638069764,12888.65991399958,258.74215435357
2465,9.64296520489,12888.75479080288,258.74790843346
2466,9.90575425650,12888.84719854766,274.69497797206
2467,8.60060333496,12888.95654786763,275.89041063316
2468,11.19552452165,12889.04908511255,234.30496998542
2469,7.60422845506,12889.14958500247,270.99234085837
2470,9.94482451870,12889.25803033916,275.41957650241
2471,8.29969263695,12889.36006199641,258.35918027811
2472,8.68454986957,12889.47128593717,280.47197170817
2473,9.99079971880,12889.56034700388,280.63301008205
2474,7.46423700860,12889.65332391711,260.17979063824
2475,8.55153727618,12889.76792353357,273.38182668435
2476,10.33939398713,12889.85629079613,300.55464141790
2477,7.06472475252,12889.96054358547,279.03427010508
2478,10.01689661371,12890.05821148013,281.90045844886
2479,7.77375767631,12890.15419209306,281.68476696889
2480,8.68674208414,12890.25397547689,282.01826251223
2481,7.37178514872,12890.34108614922,254.40670311176
2482,7.77551201644,12890.45872992290,283.56643113499
2483,9.82940049232,12890.54969246246,269.54789881737
2484,7.19661503246,12890.64751969322,290.55079886055
2485,8.28290089899,12890.76023124097,255.96710174135
2486,8.42255934585,12890.85931129843,265.41086901788
2487,8.79721441086,12890.96159438124,288.57008849912
2488,9.86994177796,12891.04279802219,272.81061844259
2489,7.43906905522,12891.16108028031,258.98219064431
2490,9.53073043767,12891.27545406674,253.41708630566
2491,10.11132467127,12891.36278036221,287.41784979208
2492,8.73171450876,12891.45694303263,254.42124456265
