,error,freq,rate
0,17.93363715458,14986.71232727610,226.13456019184
1,16.76722812120,14986.80872487792,311.88847181080
2,15.69163263281,14986.93744947195,247.60978643030
3,18.90529835168,14987.03037731184,212.21144768013
4,16.57227865427,14987.12013853998,304.67763601985
5,23.23804412716,14987.21469092686,270.00167370880
6,14.13970864884,14987.30156441434,222.67235447441
7,14.75978801083,14987.41384073496,240.72485747257
8,22.80312793373,14987.51046721462,259.99566085428
9,14.99724260079,14987.60587050796,248.24853728029
10,19.95123314055,14987.70961448203,238.58204804111
11,16.17529737393,14987.80697101983,290.25533403115
12,14.69700481444,14987.93213448889,216.00097525560
13,18.71063742109,14988.02672292338,213.33408975462
14,15.40786311941,14988.12216974478,259.65792465757
15,15.69087775116,14988.23735784315,273.12946438340
16,22.52724423261,14988.32501581954,258.81833149614
17,15.21774174654,14988.42333512055,256.90504899934
18,23.15105560570,14988.51861629466,267.99284381902
19,15.02967198825,14988.60512533566,248.33093633364
20,18.34684353642,14988.70456326915,205.12394659994
21,16.09354264805,14988.80211281069,259.00105748012
22,14.45076702812,14988.91977011750,231.66341877641
23,16.08000358590,14989.03234795883,285.39175238010
24,16.85014766182,14989.12334819153,170.17814952264
25,15.37051027985,14989.21927402110,238.61448675508
26,20.03146668731,14989.31471908119,244.51521218336
27,13.71940787006,14989.41014048488,209.86658533307
28,24.18817832165,14989.50738602228,289.24854327092
29,13.88472830925,14989.60050113552,211.94117932020
30,14.62308624406,14989.73204188652,237.59702848217
31,15.02956937595,14989.84487464601,250.59300003029
32,23.20033567833,14989.93166041174,274.51007373540
33,16.04129457359,14990.02397653362,282.89131115418
34,21.07111660337,14990.11392473591,221.99798871909
35,15.32196483928,14990.20818561634,259.11793737471
36,19.89640137439,14990.31446399319,241.23104647757
37,14.46829734908,14990.41085561456,230.13235741609
38,17.66357595346,14990.53189667262,312.00095773037
39,22.07792396405,14990.62477791701,297.02808875221
40,15.99846107035,14990.71766448425,283.94451629708
41,14.79910754481,14990.83551666876,239.54448238308
42,24.30065930676,14990.91828318582,304.48638838329
43,13.55123340994,14991.01389090801,203.71970814411
44,21.35614240953,14991.11591654219,220.90965481830
45,14.48761814579,14991.20607961378,234.94968380170
46,16.04126348121,14991.33350562798,282.89076283412
47,21.83252920508,14991.42971373348,290.46290929113
48,14.93325550786,14991.52666795630,223.00106002894
49,15.08350671511,14991.63820549459,252.39534256974
50,19.38606252037,14991.72839615360,226.90804425138
51,15.50878380803,14991.82851686141,266.82320562576
52,21.01166411512,14991.92050029321,216.32832237597
53,14.81172825881,14992.01716290373,243.38153048965
54,25.37720499668,14992.11145985877,322.00063336020
55,15.27020732717,14992.20326171629,258.69371760997
56,15.05108833973,14992.33032844204,247.77218471213
57,20.63184907597,14992.42350504468,261.78881680329
58,15.19882140050,14992.51315001242,231.00208597279
59,16.05559852556,14992.63638402858,288.55443995294
60,21.25861069094,14992.72489676123,263.81242084171
61,13.45303280515,14992.82090889612,201.79549207721
62,21.33339128606,14992.91486438263,234.66730414670
63,15.43500049912,14993.00916022069,260.57279888017
64,21.42141455104,14993.11416928951,236.60725721504
65,16.44214383660,14993.19986653252,296.87063617938
66,15.29746168749,14993.32177525792,259.60653346002
67,19.55158044526,14993.42219230049,226.32590642609
68,14.14172980493,14993.51378737120,223.60038119129
69,23.06527985410,14993.60716396955,266.00178368096
70,15.14323278258,14993.70184114031,253.39475083378
71,17.59814273744,14993.79984140674,188.71905626575
72,18.62794961152,14993.90544107134,347.00025336463
73,15.90041939716,14994.02938954739,279.05122790934
74,23.54072035755,14994.13403160069,334.57649950401
75,15.27496749452,14994.22880901783,256.51032379287
76,18.97066504144,14994.31592026365,181.96022684790
77,14.12502045228,14994.40349118943,221.09154140417
78,15.80495431292,14994.52957885968,276.02166066131
79,19.74072642094,14994.63235743991,233.57542496523
80,15.81535051359,14994.72831784867,254.03214454447
81,19.71321837593,14994.81907099356,230.73730536472
82,15.05677126911,14994.92938071255,251.49766347435
83,21.99973774269,14995.02577482319,241.99711516958
84,13.12467959029,14995.11522963131,191.09821935786
85,18.66577059952,14995.21569978144,210.35255166836
86,15.00174876066,14995.31046873419,247.41517883671
87,16.12497467207,14995.42717781627,288.45231601773
88,24.00012517041,14995.51840876111,288.00150204488
89,15.32400294173,14995.61151225577,260.50805000948
90,21.31104767171,14995.71378394792,224.52581937965
91,14.92684688465,14995.81059001871,248.43224416972
92,18.59243864871,14995.90655117568,208.69960622426
93,14.38238389513,14996.00895797861,228.31326628063
94,15.25094955246,14996.13531523707,257.01357022430
95,21.90887161225,14996.22576509945,239.99966383027
96,16.30039427065,14996.31151160435,294.76233316828
97,14.96973374122,14996.42600741930,247.34059396159
98,23.36538892798,14996.52943235202,278.43074321156
99,15.25035240460,14996.62148716158,253.35788240396
100,23.43859049811,14996.71851055300,334.77003301628
101,14.94825159594,14996.82251560221,247.88870907774
102,25.06004542735,14996.91572451643,314.00146920176
103,16.32529259705,14997.00694023253,295.66362391818
104,18.85404509553,14997.10648492934,216.61648638381
105,15.53913136655,14997.20266007637,264.16523323141
106,15.14642663791,14997.32297995010,230.70349727790
107,21.49247095455,14997.41341823357,283.50516317239
108,15.68614429573,14997.51143259126,268.04495122455
109,21.92234885663,14997.60612840544,245.09931134949
110,17.02079067541,14997.70111345027,324.28961658293
111,15.02923196176,14997.83195111358,248.32366590269
112,19.02974267719,14997.92902377677,218.63509791324
113,16.18883194821,14998.03132139999,289.59462970011
114,24.00009155308,14998.12288610995,288.00109863700
115,13.75946512069,14998.20649412944,210.02911973085
116,15.38073321428,14998.33224606419,258.74398165199
117,25.65787143802,14998.42522854442,342.31870132662
118,14.53596334951,14998.52131983403,233.48214378954
119,22.72136937332,14998.61937111360,306.52803129274
120,16.23916050588,14998.72233940913,289.58571475736
121,19.36345170073,14998.82207874380,191.68839206667
122,15.68064714874,14998.91391071456,273.85072936917
123,25.83880497365,14999.00565796009,330.89815678618
124,15.07903959008,14999.10077940820,248.68989185111
125,16.53415616553,14999.22451363064,307.55308282745
126,22.38371955509,14999.31489827194,291.84799672187
127,15.48189889929,14999.41466791230,268.60090701983
128,22.97842658244,14999.50787238468,264.00202204346
129,14.19544920045,14999.60824636703,223.55015755902
130,22.26011103931,14999.70944255413,301.95083705927
131,15.99987840745,14999.80586820240,255.99805451918
132,14.67570957151,14999.92982123406,234.35228847605
133,19.23933436058,15000.02368952115,227.64287410184
134,15.61290981131,15000.11793939345,270.42353047179
135,21.72570601714,15000.21241169912,236.00157548049
136,15.53466560330,15000.30463665321,267.71957925355
137,21.89400372175,15000.40736276881,292.10244267436
138,13.75054765484,15000.50478698244,207.62871637666
139,21.06658001202,15000.60318191354,226.89401057479
140,13.56111960827,15000.71054810457,201.14390944428
141,14.16689196414,15000.83265676574,222.65018413895
142,25.67599052906,15000.92462825396,328.81311455349
143,16.01383767076,15001.01631257395,282.40710339861
144,18.79054276650,15001.11519218184,215.06759208954
145,14.28106621278,15001.20619736909,226.25463950073
146,14.25259886280,15001.33378521911,225.35337491583
147,22.80379053844,15001.43207176514,260.00321571036
148,15.47355995310,15001.53523987862,266.66650354672
149,25.36970856534,15001.62696352482,311.74819809616
150,15.03828805941,15001.72825160237,253.42973504145
151,19.82898734906,15001.82382827690,231.24374271172
152,14.65494176198,15001.92101580883,239.46372150818
153,25.50589865737,15002.00852983152,321.61714466872
154,14.95384891541,15002.09763532335,249.33048765244
155,15.37689299745,15002.22636273178,262.31014454696
156,22.97832865421,15002.32114768618,264.00089693374
157,14.08051328934,15002.41888830687,219.94464870927
158,19.10198369317,15002.52728722707,220.29482262381
159,14.83896341138,15002.62612957649,244.28016767370
160,24.38383662421,15002.72250504681,300.62412786473
161,16.22702204443,15002.81667687356,288.00107117098
162,20.82224850512,15002.91669679032,264.20471472369
163,14.39440398550,15003.01269008941,229.86019850109
164,16.18654478572,15003.12878365316,262.00211604158
165,21.27012331785,15003.22312610130,275.69230769231
166,15.07310360322,15003.32455049433,247.21728024302
167,22.78025148951,15003.41297835653,270.50049901523
168,15.24020460678,15003.51537096390,252.73020204461
169,21.78562481067,15003.61964348393,286.54515625240
170,15.81264143729,15003.71339456272,280.20072015692
171,21.55643146754,15003.80871215888,227.11109808915
172,13.21162075486,15003.90178052584,194.61932659571
173,14.56276179116,15004.02768701540,235.26861687724
174,21.54108228959,15004.12092711730,232.00455650695
175,15.49011112923,15004.21132292564,263.78708727074
176,19.76055048317,15004.31597779493,237.94853757211
177,13.74542734718,15004.41295346567,209.36411183859
178,20.37786993335,15004.51009114513,205.80639802520
179,14.48914559806,15004.61311422020,234.07931088036
180,19.35358870780,15004.71457322109,224.03398636516
181,16.09781533722,15004.80661654802,262.05344786373
182,15.73046954688,15004.92890797269,271.55000700654
183,23.26516244404,15005.02315825759,329.84060467608
184,15.59662752352,15005.12631768954,266.05853476493
185,19.28737452267,15005.21426609411,186.00070399312
186,14.67943170102,15005.30974854242,241.20767622009
187,19.59933972580,15005.41904239837,230.24010997400
188,15.21760131947,15005.51833641870,256.90267831756
189,22.18117878092,15005.61753782608,246.00117302500
190,15.54292151653,15005.72199381126,264.22966578100
191,21.59651644514,15005.81523247065,240.48862924906
192,15.46198116401,15005.90288284507,261.48582828449
193,13.96461050314,15006.02789409023,216.33881565979
194,20.68016354131,15006.12689666654,255.79949590764
195,14.55406130601,15006.22530732153,237.36955645736
196,20.15140033795,15006.32059920992,198.46827643555
197,14.93215203344,15006.42053729413,249.86269433025
198,19.78540057747,15006.52103536461,234.93861478590
199,15.19873850850,15006.61888961306,231.00082612333
200,19.35021405144,15006.71945261471,222.31703368484
201,16.36637535190,15006.81752299897,294.13978346611
202,15.22255853787,15006.93438673810,259.67739588908
203,25.53443677883,15007.02930758724,326.00186539764
204,14.02265494325,15007.12246175041,218.14131681351
205,18.76703939758,15007.22326637552,210.65949476950
206,15.61294630161,15007.32235321918,270.42416250235
207,19.68227901663,15007.41876122787,199.75331549365
208,14.53634304799,15007.52546119350,233.48824265027
209,21.31040984239,15007.61776446830,224.51909943085
210,15.43686294601,15007.71154606014,261.97225126496
211,20.23216035713,15007.81114801667,249.43882523160
212,14.56273068950,15007.90089602425,235.26811441457
213,13.96461969427,15008.02356108771,216.33895804804
214,24.65779783979,15008.11956480960,304.00174857192
215,14.99112331220,15008.21498799208,246.78503577355
216,21.24758140814,15008.31930059091,230.80781280554
217,15.95193303389,15008.41483706887,280.86276351707
218,21.64664031369,15008.51804273325,285.53879669048
219,15.62316788318,15008.62290492338,266.96880981523
220,24.18957818222,15008.71255328172,289.26528316857
221,15.15486899741,15008.80202480518,259.40957175534
222,14.77650116357,15008.92709701333,240.99744074451
223,19.99891552568,15009.02164662757,237.47396432165
224,15.17802393512,15009.11849566545,232.67470099935
225,23.47687809256,15009.21576017852,330.34895699042
226,14.29361194098,15009.32278774050,227.80268863453
227,18.33043388930,15009.41729245431,168.00120163823
228,16.71726965584,15009.51212665469,306.88827657541
229,20.95122156662,15009.62174075399,267.48729068277
230,16.32239075599,15009.71436622175,292.89483040362
231,19.99653918679,15009.80480808697,203.92548703555
232,15.36039072334,15009.89654466848,257.02849820322
233,14.88951371503,15010.02639202521,246.91465151809
234,20.04305507798,15010.11886258923,205.38019858346
235,15.16411548036,15010.21778863833,255.09990732924
236,20.94878018213,15010.31810018495,262.48746333061
237,14.70134347446,15010.41830320282,239.77165593069
238,20.97712721741,15010.51261809438,220.00996634808
239,15.46977332166,15010.60842658426,260.70125393073
240,14.81469415265,15010.72874024692,245.67390944111
241,22.27107869068,15010.82250627310,248.00023651146
242,15.19362892591,15010.91693583261,253.78363702726
243,19.59760261561,15011.01630351085,231.88196126286
244,15.58691619359,15011.11106544422,269.52297670393
245,21.81748729982,15011.20823305035,238.00068801840
246,13.28078004848,15011.30624875176,197.43298921876
247,21.75336867333,15011.40839654516,283.62922675288
248,13.97372547980,15011.50413013610,214.66844410211
249,22.35583915291,15011.59727438137,254.89578409617
250,14.32540109566,15011.69699337242,226.50447928881
251,14.78442977649,15011.81220304582,242.48267745659
252,18.81911958033,15011.89957405445,175.53306177111
253,14.30969558902,15011.99897439332,227.15937519355
254,15.57726337523,15012.12568631207,270.25541884057
255,20.36561028107,15012.22891014575,248.59395454428
256,15.57004017708,15012.32877723897,266.51615762826
257,26.27713215092,15012.42251050832,334.45329001292
258,14.02269675778,15012.51756168976,218.14196729490
259,17.93728400210,15012.60529539362,167.30784707050
260,14.24648073788,15012.69309938046,225.70670253035
261,14.63897950614,15012.80855465914,235.59207909884
262,20.23202578694,15012.90446647932,249.43716613893
263,15.50778192257,15013.00723261129,264.08801003801
264,15.02966486149,15013.12916118473,228.43112916387
265,18.91547173457,15013.22913339938,214.00413332574
266,14.94625689226,15013.32802841758,245.59206150482
267,19.93783197869,15013.41508531238,207.20002787917
268,16.31558404918,15013.50892659627,292.31771892922
269,20.29657295547,15013.60708621387,246.91846693402
270,14.41113425547,15013.70647392035,228.31530483700
271,16.32533141025,15013.82283256444,295.66432685511
272,23.05804710122,15013.90782913916,259.85099400907
273,14.47006888530,15014.00677417100,235.55565539706
274,22.36118158560,15014.10797348200,250.00561041309
275,15.02896693971,15014.20019309351,248.31928701985
276,20.43070188967,15014.30210964489,254.36018724286
277,14.86335422638,15014.39453709811,242.86920923677
278,14.56275533608,15014.51544422652,235.26851259236
279,22.89097124207,15014.60534331800,261.99914109988
280,15.81135750317,15014.68956145578,272.02888031153
281,14.79151772635,15014.81192071803,243.94795979571
282,22.86291715452,15014.90597544855,312.64568989874
283,14.86745352612,15015.00929411532,224.49362519264
284,20.17621131318,15015.10581643349,246.28204550913
285,13.96757149612,15015.20569001449,217.28441947546
286,20.67504398520,15015.30279837077,211.85615780040
287,14.64634260451,15015.38754798994,237.97489961307
288,16.03341242534,15015.50834942628,282.29735624046
289,18.66566003424,15015.60350723060,210.35130566094
290,15.75504196630,15015.69595654292,272.88533161009
291,14.39832460197,15015.81794760230,209.64277064772
292,21.95556416671,15015.91095522383,293.74542859468
293,15.69080314160,15016.01707667835,273.12816566262
294,20.04737600229,15016.10932172656,196.42336754932
295,15.03457758675,15016.19825973913,249.77316190197
296,22.30588483521,15016.29998872737,297.59762212446
297,14.50627120574,15016.39335802441,234.35598353967
298,14.61824673153,15016.50864059110,237.06812346572
299,16.08516813764,15016.62706464744,259.86384411493
300,21.36025488252,15016.71744123554,276.03532673183
301,14.10934374119,15016.81848658434,220.84616206247
302,21.35370848543,15016.91156082969,227.99521646999
303,15.13748243279,15017.00498296779,254.20155700085
304,23.04549659849,15017.10018096379,317.66024862967
305,15.27089937131,15017.19772020283,258.70544158109
306,15.40983253983,15017.32584977722,261.05911871814
307,23.06535684355,15017.40571044818,266.00267156662
308,14.18063253950,15017.50320107779,224.21548743361
309,14.05170904967,15017.63215010444,219.04446606486
310,23.06523379815,15017.72111369188,266.00125253790
311,14.53478097479,15017.81346865527,234.36630106762
312,21.97250758174,15017.91448710932,283.94737529116
313,14.67958197628,15018.01061533899,241.21014549466
314,26.35243059213,15018.10286860861,333.33481021052
315,14.51537635453,15018.19494489402,235.84694992385
316,14.64643074129,15018.32620054063,237.97633166615
317,17.86362116226,15018.40329492771,162.74533408174
318,14.26654686800,15018.49735819884,223.76204424803
319,20.95123037619,15018.59787469104,265.01443108663
320,15.19780918709,15018.69585638895,257.91537444887
321,16.27872479716,15018.82687150822,289.83445496338
322,23.06373456772,15018.92214457479,268.96705355977
323,13.68058827081,15019.01116422308,206.57235284342
324,20.97582378900,15019.10988948156,224.94065021049
325,14.58859902630,15019.20298896984,231.58683000256
326,16.16113987430,15019.32234217752,289.55062406033
327,20.62746879715,15019.41343142071,259.28326227978
328,16.48313868680,15019.51054565766,299.88442437136
329,23.89797851255,15019.60658487455,288.76037304306
330,15.29001650099,15019.69661461562,260.37959853669
331,18.21767493985,15019.80099280382,197.05428334614
332,15.50132913039,15019.90010297328,241.64180674818
333,15.75452199886,15020.02189599922,277.83402171308
334,20.28951836453,15020.11727133559,242.62735095500
335,13.95136944875,15020.21305040082,217.03237476910
336,20.88066342349,15020.30088167163,218.00052625068
337,14.86634172240,15020.38830817939,245.18198875199
338,15.40057716365,15020.50924796019,260.44739241249
339,22.55778985717,15020.61656510736,260.14912352520
340,15.15616509062,15020.70842497634,252.24885976028
341,21.14325373559,15020.81029807304,272.41176853355
342,13.71923478904,15020.91577924455,209.86393770264
343,25.49069421960,15021.00614678034,318.37866875834
344,15.24135641065,15021.09069848985,256.39930089984
345,14.65500149772,15021.21793691956,239.46469759829
346,24.22940523567,15021.31460414031,357.74288115933
347,14.17788069534,15021.40969896179,218.72569039932
348,20.75107897717,15021.50495572174,219.60877763940
349,14.39440031191,15021.60556311421,229.86013983854
350,23.62404153753,15021.70596422683,273.46805182319
351,14.58226362326,15021.79656490240,233.77146956209
352,20.29444588290,15021.89972505134,255.09722915709
353,16.09268410266,15021.99800632271,284.70864537204
354,15.80862050263,15022.12140765290,278.33948602527
355,22.37662219330,15022.21632697323,248.16874532488
356,15.49940248175,15022.31052069332,268.90458282569
357,24.38336521524,15022.39759922324,300.61831594463
358,15.74661529463,15022.49208130247,272.28443230911
359,14.67372434520,15022.62027530614,238.87092609221
360,22.19668839512,15022.72630574928,295.30773220605
361,15.35744226814,15022.82610281858,255.59877962606
362,20.35195315438,15022.92128721698,215.38482696368
363,14.38209522796,15023.00942935716,227.40089222899
364,22.80919496007,15023.09598047099,263.04846861104
365,14.99747075140,15023.18731409836,250.50714954674
366,13.33968978716,15023.31641413086,197.40938141907
367,18.29474735586,15023.40728726343,198.73182466869
368,13.18134965868,15023.51442339455,193.72548470982
369,22.36094767108,15023.60760048289,250.00299516928
370,14.23761292254,15023.70188176441,222.85389232491
371,20.99251955095,15023.80366318636,270.46969441709
372,16.28739756879,15023.89457989483,262.62639449727
373,13.94614319908,15024.01342364049,217.39885731398
374,17.17608005079,15024.10570287990,175.16233469205
375,15.02405333581,15024.20229265376,251.40049725181
376,15.72889126708,15024.32775955174,271.97795522239
377,26.68071936897,15024.41784577196,359.94258300503
378,15.61379459120,15024.51792371346,269.08326353792
379,21.07579876258,15024.61601281710,273.17357358423
380,15.03388136487,15024.71657875718,227.00663044854
381,23.25860867738,15024.81658353384,327.27763407589
382,16.60455709194,15024.90885481039,307.07209275194
383,22.46773363194,15024.99556881602,250.19009325899
384,14.72283530332,15025.08773875145,234.64338337073
385,14.81160769450,15025.20771018943,243.37954941576
386,19.26842634985,15025.31218902079,230.41686640070
387,15.79404701257,15025.41120445845,276.73405962741
388,22.36082904964,15025.50357806380,250.00166894120
389,14.96756705700,15025.60741440555,245.02963299647
390,24.72390553453,15025.70281342270,311.75658657998
391,13.66083905572,15025.79513594583,208.07570136821
392,14.56276179116,15025.91425225535,235.26861687724
393,22.71037807542,15026.00982565720,300.43006283908
394,14.41659543733,15026.10637456460,232.90722716337
395,23.40946749412,15026.19169878883,274.00079208841
396,14.97526431105,15026.29785238241,251.03117350874
397,23.88777058048,15026.39310103265,279.59918618058
398,14.86241304047,15026.48889219771,246.01671093573
399,22.00743611089,15026.59396917272,290.29802012143
400,16.31579305117,15026.69110117356,292.32146350755
401,14.89082332622,15026.81544631017,243.77328397753
402,21.15795960814,15026.90966977137,228.85832475402
403,14.89377551959,15026.99710252551,246.08555816875
404,16.59678600837,15027.12373145977,305.57923795446
405,24.27314422836,15027.21614140068,291.27773074029
406,14.26671684272,15027.31183107240,223.76471019740
407,20.56212911070,15027.41522041167,257.64273929168
408,14.02995280257,15027.51663826344,219.60349731363
409,27.82989772740,15027.61535454312,378.52753320029
410,15.99319233254,15027.70565162083,285.19947390108
411,21.26312742432,15027.80401287141,278.05147099872
412,16.91048286164,15027.90080015653,283.97529722332
413,15.23752034065,15028.01577409528,258.58929507225
414,22.90293383814,15028.10807977350,317.35236040035
415,14.71220029161,15028.21234433558,237.68286973761
416,23.15085690561,15028.30733226801,267.99054369915
417,14.45144452451,15028.40631059564,230.77106286417
418,23.10615630904,15028.50858897676,319.33343348477
419,14.87051660909,15028.60914790079,244.34752165666
420,19.62694484244,15028.69841988303,194.29684108885
421,13.76668505279,15028.79590595804,212.38207299001
422,20.39609628990,15028.89033016080,208.00018596666
423,15.38082122443,15028.97999869475,258.74546221183
424,16.53430289751,15029.10419353088,307.55581220012
425,21.73516896469,15029.20925049681,282.55719654102
426,14.33884808320,15029.30780032998,223.97996718931
427,22.16702178856,15029.40474563959,252.74293490958
428,14.06465949541,15029.49885255318,219.69700453149
429,22.70925335679,15029.59992555243,249.80178692465
430,15.71847068196,15029.69448934864,272.70527404960
431,14.86855981631,15029.82024480073,247.46215401565
432,19.88146834217,15029.90991179012,236.91503803809
433,16.44851083646,15030.00874016807,302.84920251152
434,22.52135413982,15030.10442133672,245.67896874300
435,16.52680048635,15030.20264099635,306.08062838123
436,25.69069867829,15030.30325355831,330.00299963101
437,15.95577767507,15030.40094408018,279.56780975882
438,19.60221248415,15030.50514944332,238.47120721904
439,14.93570408664,15030.60113191989,244.96376061702
440,22.89666897956,15030.69707652986,253.93634319299
441,15.01191281435,15030.78348553329,252.53946217541
442,15.50848758348,15030.90574463898,266.81810918597
443,19.24475156933,15031.00842687909,223.60380698969
444,15.46937139785,15031.10656468547,240.64694315455
445,21.92678864354,15031.20229985110,287.56713713072
446,15.49921100793,15031.30909704287,268.90126087918
447,21.20742417089,15031.40513725195,225.43801124910
448,16.23915698011,15031.50127638543,289.58565188393
449,18.77336157363,15031.60586298654,213.22439943840
450,16.40634568051,15031.70176784224,294.40134766242
451,15.31004428947,15031.82036327058,259.36859854996
452,22.95056474714,15031.91318698578,268.62947314678
453,14.48949008415,15032.01633760908,234.08487622341
454,21.16611078560,15032.11109729511,224.00106144454
455,14.52419251428,15032.20358465816,232.84051886497
456,21.75344655096,15032.31540337292,283.63024215298
457,15.29753160754,15032.41239923595,261.40433469790
458,23.66165880522,15032.50936017408,268.74478332890
459,15.71533761655,15032.60586858465,278.91957347362
460,20.00403411666,15032.69964318295,235.84408398499
461,16.25044201250,15032.79896137011,292.95900962510
462,25.03108719975,15032.89275073321,303.48580359063
463,14.97561557375,15032.98912262928,251.03706174458
464,16.92653319443,15033.11815148973,320.71202320407
465,20.78471003891,15033.21808133796,216.00104284790
466,14.56031692056,15033.31536004452,229.75792560420
467,18.96451922701,15033.42226754625,218.70950506330
468,14.16474936630,15033.52262029560,223.96435241462
469,26.67712302544,15033.61635828326,347.82712918262
470,14.45142289260,15033.70634141124,230.77071743026
471,24.45494015620,15033.80161541990,308.36506220528
472,15.77090824551,15033.89486729410,274.52254681012
473,21.90026522281,15033.99227170242,297.06965091805
474,15.56985172021,15034.09798957145,266.51293176629
475,21.26058625637,15034.19696392099,226.00313196946
476,14.61069436916,15034.29091492012,234.68250170562
477,19.55513908131,15034.39925716581,233.02637609830
478,15.07890133086,15034.49776758693,248.68761162162
479,21.85582940524,15034.58676772308,246.30268864114
480,14.52417663166,15034.68940488293,232.84026424724
481,15.83374869879,15034.81203388558,275.61640399391
482,22.15810813910,15034.89639656959,242.72991318850
483,16.61778923998,15034.99438743147,312.21991366048
484,16.41569977510,15035.09584062446,160.00044973399
485,14.79628048234,15035.19783036238,240.41110176866
486,20.59127010066,15035.29911349059,212.00010108953
487,14.55403014779,15035.39914399452,237.36904828217
488,22.89113428948,15035.49328384537,262.00100726276
489,14.22405574083,15035.59023145660,224.45181368798
490,14.49667981868,15035.70979006096,229.67060144286
491,21.41942712600,15035.80811562106,284.16081200516
492,14.79225476726,15035.90598387011,237.13788369342
493,21.85667896122,15036.00682515545,246.31226265083
494,14.92099388986,15036.09826172028,246.98639653471
495,20.76434138362,15036.20163024540,255.99999357525
496,16.30959473925,15036.30019665442,267.49724273396
497,17.05004030681,15036.39541898432,173.87697646391
498,14.57720940810,15036.49832540221,237.29977674630
499,14.49682784387,15036.62454602836,231.04141718276
500,23.57980965732,15036.71402051784,278.00185586261
501,13.45983189545,15036.80815505858,202.79281532240
502,20.76452586042,15036.90437662802,256.00226795800
503,15.93745192892,15037.00019900683,257.97019592285
504,21.36605489697,15037.10096141925,273.61900793816
505,15.15619162136,15037.20339956852,252.24930131978
506,20.83994312140,15037.30120209068,226.37972757690
507,13.46015249815,15037.39886575241,197.36457796123
508,22.15194001677,15037.49440965076,291.36328053760
509,15.43883362293,15037.59134622634,267.85375239967
510,13.74829687680,15037.71791135843,204.84500988987
511,21.36362200726,15037.80473402865,237.89522654595
512,14.66697429547,15037.90009967295,236.49785431553
513,19.61156927391,15038.00293891819,199.99954883971
514,15.32908821087,15038.10223757517,258.33038630204
515,20.84082675698,15038.20138289263,253.53960019563
516,13.18432771884,15038.30723230237,195.55518256365
517,20.59126028197,15038.39822254973,212.00000000000
518,15.48904662085,15038.48547971239,262.40109035400
519,15.29520387704,15038.61207775377,258.21276027226
520,17.73547635825,15038.70310023733,188.53069974651
521,15.49355464337,15038.79727423656,243.50032477454
522,20.31111472326,15038.90135032409,249.58715627310
523,15.21690015539,15038.99653735610,253.25969269498
524,23.81572597177,15039.09228615908,286.77931675169
525,15.36967229239,15039.19280960525,264.42984061399
526,18.98044739555,15039.29114201627,213.89877906048
527,15.11424379610,15039.39052002718,254.70976386850
528,15.02955060124,15039.51074577081,250.59268699335
529,20.32789889066,15039.59712452440,204.29285548986
530,15.13234148650,15039.69373486864,255.01475156814
531,16.78425196907,15039.81841405000,308.11790839270
532,22.18108292854,15039.90985596782,246.00010997062
533,15.24419051173,15040.00548724737,257.80265414917
534,22.19954788197,15040.10773132300,300.30991739872
535,13.77016434018,15040.20843409409,209.28837854920
536,21.39248999638,15040.30091466498,231.39515877534
537,16.07620143328,15040.39023452369,281.21867162784
538,16.81575581990,15040.51322728126,313.69385719275
539,21.76999529371,15040.60589103780,244.36759110222
540,15.30189364813,15040.69511008855,257.41769486365
541,17.92265752296,15040.78479111089,197.14923275252
542,16.63790280621,15040.88815620967,305.88412137377
543,13.71032314115,15041.01235401371,207.47483699320
544,20.82551670974,15041.11163287902,214.41181753838
545,15.13746941964,15041.20596651805,254.20133847289
546,21.66495356990,15041.29925991200,237.32767555073
547,15.05678205077,15041.39379384531,249.23409054232
548,14.55905355969,15041.51647542483,237.00422094722
549,19.01460569397,15041.60870186461,215.12570604469
550,16.08014230674,15041.70899533219,285.39421443085
551,21.44761058953,15041.79635780358,230.00000000000
552,16.45438812343,15041.88713712013,303.40392564312
553,19.99304057151,15041.98956865881,239.08199220154
554,16.60610810398,15042.08548491075,278.86397586239
555,15.77074451333,15042.21301713249,274.51969674125
556,18.57865606554,15042.30474838895,206.88315830202
557,15.24139612364,15042.39817674741,256.39996897572
558,14.94652916885,15042.51707656416,245.59653546565
559,21.33313666631,15042.60462088548,234.66450332941
560,14.71197330048,15042.69875083005,237.67920258373
561,21.14646093040,15042.79620605091,269.97994001512
562,14.86744327377,15042.89490982524,224.49347038555
563,21.28987736230,15042.99119577133,276.76840570984
564,15.73176349258,15043.09216526397,267.90227873247
565,14.82491438555,15043.22086914971,246.28997520139
566,22.53898430827,15043.31165184470,254.00145340797
567,15.55508583959,15043.39979965860,267.61981589786
568,18.52636693403,15043.49860026138,203.79003627436
569,15.35051855504,15043.58447461007,261.40991139107
570,23.40150852479,15043.68089004526,276.89038295507
571,13.25910154113,15043.78145970509,193.05543250513
572,14.98387043184,15043.91042519681,253.84286297804
573,23.98781674590,15044.00554824783,278.71324430618
574,15.97782459588,15044.09553378469,281.77200590549
575,17.51258696347,15044.19257764528,188.61633399513
576,15.58575586132,15044.28422864858,270.85155953418
577,15.37813098064,15044.40114574403,257.32534948618
578,22.69989811547,15044.49550221836,265.69549544551
579,15.73104254378,15044.58991899386,269.27207422543
580,14.52541542974,15044.71379792011,231.95228349534
581,22.80339840772,15044.81248798738,259.99874473224
582,15.03602070097,15044.90330596275,255.61235191650
583,19.49620801318,15045.00261930796,225.68492418341
584,14.77631603857,15045.09601401650,240.99442144725
585,14.89571704413,15045.21929284236,248.36123566272
586,19.43148817026,15045.30793993141,181.24485572966
587,16.38312797469,15045.40232932001,302.53387718103
588,23.35589289305,15045.49280754041,270.36400684897
589,15.35624548399,15045.58434366731,259.24326120256
590,19.97042064440,15045.68734842249,247.02046111469
591,13.55134389811,15045.78867753123,203.72136914550
592,15.88551648331,15045.91622840817,277.42861848075
593,23.53924313968,15046.01188589237,268.38866553296
594,14.57010672143,15046.09531714456,237.63124926335
595,24.35785429312,15046.19122039705,293.30740620708
596,15.35282527558,15046.27658623559,264.13999357715
597,16.05941952612,15046.39595343564,283.21094817372
598,21.29617347724,15046.49750548497,274.38200158219
599,14.75676466899,15046.58930086931,241.57864917442
600,21.07137783902,15046.68637419239,222.00074100742
601,15.01938935159,15046.78774727089,249.97245778091
602,21.16984906655,15046.88237163373,268.61527140056
603,16.52278230374,15046.98238403772,273.00116752587
604,14.94826424550,15047.09948298548,247.88891884699
605,19.96406402452,15047.19691528282,242.87332120170
606,15.29123635901,15047.28926784497,257.23841151079
607,14.36621619713,15047.40955246630,228.95981006935
608,24.41322691523,15047.50386779806,298.00141210033
609,13.92199062489,15047.59733494403,214.77801066296
610,21.67154557332,15047.69482321992,235.41324246802
611,15.45533781833,15047.79503711131,263.64831294711
612,20.10074589733,15047.88709535405,250.25226826647
613,14.32457999492,15047.98662190408,222.37728229176
614,14.86846164222,15048.10547660582,247.46052007329
615,21.35297034718,15048.19917119299,225.97859716470
616,14.22263679478,15048.28642464678,228.44937410345
617,15.76799041136,15048.41153269095,268.05583699320
618,20.49385450306,15048.51295753420,209.99951809755
619,14.57235273526,15048.60319702294,236.77270653429
620,20.54969389854,15048.70987182852,261.55490232539
621,14.09165866358,15048.81222668414,218.30703729792
622,24.49500327899,15048.90110826981,300.00129640663
623,14.32145855641,15048.99597001876,229.59044627770
624,20.22898255964,15049.08882286358,245.26337905109
625,15.68634338982,15049.18691384128,266.66783762694
626,16.51093615917,15049.30961686649,273.80290088738
627,21.30366244011,15049.39884230700,288.19060377687
628,16.06691412538,15049.50512475315,283.79828683035
629,20.78316301861,15049.60216575431,206.78986106860
630,13.70898759184,15049.69849913230,210.60146349721
631,20.43327715794,15049.80805422667,250.25551404904
632,13.35468032761,15049.89794412149,197.63122115939
633,22.65925339719,15049.99447786498,257.35964645377
634,13.55129220325,15050.08524127477,203.72059200144
635,13.84767222009,15050.20462117024,212.73197718246
636,23.38203125127,15050.30297705483,272.67899885984
637,13.89076454521,15050.39881053537,214.29627816834
638,21.34024780609,15050.49463429449,274.94985958643
639,14.89376671720,15050.60341214624,246.08541272933
640,21.99971741801,15050.69982746402,241.99689159810
641,14.42284207655,15050.78988937740,230.76547322488
642,20.88083082186,15050.88614827723,218.00227394092
643,14.55374567403,15050.97479721326,232.85993078450
644,15.30404943558,15051.09430331096,259.71833125223
645,21.36017123171,15051.19227987312,276.03424572510
646,14.75341928326,15051.28994300578,242.42341625312
647,20.47691507886,15051.38387751309,207.81799072292
648,15.27088378219,15051.47983121236,258.70517748468
649,20.56215224012,15051.58355452499,257.64302910250
650,14.32598685756,15051.68164442537,223.32003395268
651,15.31732278015,15051.80631457708,238.28162176425
652,20.26146488610,15051.89569403269,241.44321946363
653,14.86658813689,15051.98702025077,245.18605272386
654,14.92520416658,15052.10903859947,246.15277305086
655,24.14532820896,15052.20178574689,300.60691196203
656,16.38363233913,15052.29784373490,296.26753892378
657,22.59535672291,15052.39742943050,303.14852164975
658,15.19094928088,15052.49992351129,256.00242767487
659,21.74625144482,15052.60164784898,241.17759552631
660,15.64972397860,15052.69853428471,269.24803200665
661,19.27654337355,15052.78766315356,187.88450394079
662,15.23821897754,15052.88022250843,254.98417388156
663,14.63553884948,15052.99948519062,240.04068468598
664,18.54297805317,15053.09970346868,205.65157503621
665,15.08332842663,15053.19730004408,252.39235923288
666,23.66522329958,15053.28654430190,280.01069825039
667,14.05163619451,15053.38516101261,219.04333036529
668,19.76899011756,15053.48242233693,193.69575407256
669,15.48226885877,15053.58142482020,265.91670022675
670,14.72921755365,15053.70843269195,240.67739794449
671,19.34751294661,15053.80564521762,228.10381354440
672,14.90390388608,15053.90778897090,241.70070402244
673,23.09428647428,15053.99900951835,271.29643814537
674,14.95296690012,15054.08029002681,247.06356028093
675,16.04115976834,15054.20960095330,282.88893383781
676,24.56725898132,15054.30613297770,307.82687273085
677,21.88210392403,15054.37519874774,286.98110252849
678,14.25383859274,15054.47712137201,223.10786423568
679,15.78736117062,15054.60682668112,279.30693128709
680,21.21504899168,15054.70417174645,222.50531096835
681,15.40328139227,15054.79163218521,263.21138781141
682,20.35056380312,15054.88653749031,245.89679802168
683,14.98009681257,15054.98272967458,249.76812755613
684,14.66751284859,15055.10564373045,217.55437319439
685,20.06949883807,15055.20693388238,239.15567999273
686,12.84125976368,15055.30484542691,183.85885952347
687,21.02858920428,15055.40045315522,220.54970421980
688,16.03638175383,15055.49770463774,284.16540866715
689,17.83906919239,15055.59599298816,192.13265521376
690,15.03456461114,15055.69285906899,249.77294633502
691,21.16645520923,15055.78669883920,224.00470648164
692,15.52590153813,15055.87336049846,267.11771019015
693,13.97383476661,15056.00700323259,214.67012299788
694,24.34276137131,15056.10185246737,308.87501520858
695,13.32158984957,15056.19621774040,194.87805882072
696,19.69997139079,15056.30020501564,233.09320494540
697,14.93780617617,15056.40207562488,247.26468939135
698,22.80880776545,15056.49748623744,263.04400326481
699,14.13611896293,15056.59255124067,220.81323709764
700,22.91667177460,15056.68745779241,320.01390566484
701,16.09064791535,15056.78020072063,257.45036664553
702,14.34964698263,15056.90132339202,229.59435172211
703,22.08831098672,15057.00226165545,289.68548280213
704,15.37542488198,15057.10052700600,260.92961274416
705,22.62815003971,15057.19810877690,256.00829342052
706,14.83900825766,15057.29512347746,244.28090593665
707,17.09603177330,15057.39629234189,175.18219587429
708,13.51454948330,15057.50054666858,201.36225216641
709,22.49416905706,15057.59144562666,256.47298766882
710,15.65288573661,15057.68890889765,274.26071426323
711,15.27502091126,15057.81387595426,256.51122081246
712,22.41659360485,15057.89983395625,250.62513562220
713,14.93222152883,15057.99680973058,249.86385721047
714,19.08593248003,15058.09921817247,214.23906074208
715,14.39424254258,15058.19949611214,229.85762046441
716,19.94797027468,15058.30590942430,203.43017937436
717,15.07386288727,15058.39704254525,250.42581833144
718,23.40971307249,15058.49799611330,274.00366650958
719,14.43934678340,15058.59317912578,230.12531982586
720,19.59788073803,15058.68180855898,231.88525205169
721,14.15024576234,15058.78048891487,220.12616414820
722,16.37388906403,15058.90559636091,297.89680169455
723,23.72338999475,15058.99624002026,280.69893586909
724,14.90429239413,15059.09534077453,246.70993758843
725,17.54844042968,15059.19527036906,189.00248764402
726,16.24817341382,15059.30036830085,264.00156963805
727,20.20150870516,15059.39820907618,244.09575842042
728,13.99613313846,15059.49708488667,219.52077062562
729,25.61292517486,15059.59681193536,328.00548395742
730,16.07172501662,15059.68152016552,282.51514403312
731,14.46780566706,15059.80225711137,231.03232935894
732,20.64502812987,15059.90748666840,257.85631869586
733,16.37529820735,15060.00272369602,300.16417425061
734,19.03605177024,15060.10086337095,177.55647053521
735,14.42255671466,15060.20622924713,230.76090743455
736,18.39385642855,15060.30257052668,172.54966815281
737,15.62311740020,15060.40213642575,268.33585336968
738,20.50177953114,15060.49657727048,251.93008465733
739,15.61293602559,15060.60004557570,270.42398451644
740,23.32386457802,15060.69105488999,272.00066471262
741,14.46789610258,15060.77870499211,231.03377349846
742,21.45885844224,15060.87753372850,280.61098618038
743,16.05460608480,15060.97749040360,258.87274460614
744,21.13791707345,15061.07150209391,274.79292195491
745,15.51597648369,15061.18107119402,263.31485252035
746,20.59139713071,15061.27739983789,212.00140894396
747,14.29374355752,15061.37704161668,227.80478625691
748,19.52816646943,15061.47957116500,228.57132833125
749,15.21776831964,15061.57858529188,256.90549760489
750,15.45639503417,15061.70600376673,239.94777668480
751,19.74089917522,15061.80149299133,233.57746902145
752,15.91801986242,15061.89650562123,282.51682648513
753,20.82517712439,15061.99325385801,214.40832129331
754,15.98947171026,15062.08854204870,281.06926285554
755,22.25492709100,15062.19048415408,306.76299999656
756,14.36623163469,15062.29913849411,228.96005610348
757,21.63327670613,15062.38894125063,233.99966526079
758,17.04152827369,15062.48472619338,319.27292987654
759,16.30829146431,15062.61253567445,293.54924635755
760,20.26612945283,15062.70087614198,207.66603071973
761,14.83906227287,15062.79606794060,244.28179513928
762,18.16407286561,15062.89553524765,196.47448826466
763,13.96362353482,15062.99670319409,214.96725189356
764,23.40120024461,15063.09692900623,276.88673533478
765,15.29745141366,15063.19353389862,259.60635910736
766,20.50190287931,15063.29668824564,251.93160038510
767,14.22751615236,15063.39341097739,204.69831138573
768,19.48619894707,15063.48496480361,231.38579227361
769,14.41417583596,15063.58791478838,226.07751413479
770,14.50692062832,15063.71043859996,233.46679259395
771,22.11185704003,15063.80804077918,247.21807725135
772,15.42086268725,15063.90125420504,263.51181711179
773,22.07076030247,15063.99986977989,291.96871503224
774,14.34934966005,15064.10778862034,230.48468409406
775,20.87200369035,15064.20548461727,215.90168496649
776,13.78038532449,15064.30729966637,208.53507021441
777,22.03575681434,15064.40260623132,243.39288930130
778,13.51387997485,15064.49145344977,202.25723532752
779,21.16964696494,15064.58968340919,268.61270701859
780,15.40445529936,15064.68404859161,264.58020845410
781,22.34182226672,15064.77383259873,246.77349271775
782,14.81876902191,15064.87073277314,244.84624743633
783,20.28459858255,15064.97259750413,252.54121573824
784,15.25243306229,15065.07936746274,230.30668871070
785,22.22144290969,15065.17823751588,298.13194142518
786,14.87042676992,15065.28074755573,244.34604544846
787,13.68036091133,15065.40976770180,206.56891979054
788,22.37588195350,15065.49599922262,253.15420582961
789,15.99851221493,15065.58921976441,283.94542402329
790,19.78225167628,15065.68643154176,234.06675841250
791,14.34981593473,15065.78686668134,229.59705495566
792,22.63380053131,15065.88561675958,251.02099107123
793,15.90584679835,15065.98225532721,283.19555093986
794,24.57469578750,15066.08230589595,295.91852357027
795,14.39442506036,15066.17924457582,229.86053503949
796,18.50585308849,15066.27848467895,210.18608710080
797,15.26774507562,15066.37593667228,253.64683115627
798,14.32175276286,15066.50125111910,227.80142307877
799,20.22740253300,15066.58964541276,202.27402532998
800,15.02429796765,15066.67862634705,251.40459072543
801,21.80292679919,15066.77710067735,287.60035702324
802,15.47469995085,15066.87588581626,239.23305565486
803,14.87291599151,15067.00066040000,246.63940941162
804,20.14973142349,15067.10790584830,245.13206259672
805,14.26667081959,15067.20940887170,223.76398835273
806,24.95693060650,15067.30172604455,317.64986765022
807,15.93772890143,15067.39178508625,279.25156969734
808,19.55504726984,15067.48568250348,233.02528203835
809,14.26672651149,15067.57747397656,223.76486184603
810,16.26909270071,15067.69698161107,265.83916517377
811,19.55728744090,15067.79280883354,231.40494568281
812,15.19095601444,15067.89635974173,256.00254115088
813,24.24856026931,15067.98767589939,293.99816877790
814,14.15403616809,15068.08581900522,221.99738287304
815,19.57994213885,15068.19128724472,235.77372511225
816,13.88467090884,15068.28220861698,211.94030314102
817,15.32973484415,15068.40158906570,235.00038519565
818,20.29436971553,15068.49402587301,255.09627174815
819,14.57140248517,15068.58573527732,232.22994138942
820,19.77785651855,15068.68332271913,197.77856518550
821,14.86642838589,15068.77026429205,245.18341804278
822,14.29652992288,15068.89916675094,225.59543699095
823,20.49650041957,15068.99653696788,256.00120818879
824,14.64621689341,15069.09721475212,237.97285704931
825,21.98008161083,15069.19012876661,236.73272389713
826,14.38232623210,15069.28308603886,227.40454472507
827,15.72917341993,15069.40370638395,276.94067579003
828,21.54087364587,15069.49568584820,232.00230934534
829,15.17906142997,15069.58150443861,251.71625716478
830,15.53886136186,15069.68743138067,149.85135219723
831,15.02955039937,15069.78569016943,250.59268362736
832,23.40948842389,15069.88100257246,274.00103706514
833,15.22269009763,15069.97338092347,252.43975676845
834,13.79334224158,15070.10286269813,211.89734421556
835,22.04368104081,15070.19762003820,248.41966906081
836,14.65700618093,15070.28023575029,234.96968391313
837,14.86646013613,15070.39989236782,245.18394168114
838,17.99200477992,15070.49631207203,195.44319852089
839,14.52541897363,15070.58959111232,231.95234008666
840,20.51459071390,15070.68504435358,210.21200102910
841,15.43028530104,15070.77817811505,265.47266624571
842,22.46274432347,15070.88182406044,255.12773241623
843,13.27865020502,15070.97369595154,195.60673205435
844,16.08520667522,15071.09698057761,284.12139768200
845,19.21038876186,15071.19923951292,226.48714324895
846,13.39235560275,15071.29141634306,198.18876431659
847,15.44345556056,15071.40811909311,265.25005993783
848,23.83289973354,15071.49888314420,284.00177742163
849,14.58351102695,15071.59039223253,232.87999578679
850,21.69143340995,15071.69125152658,232.61470845259
851,13.52397571771,15071.78497491979,203.75923945032
852,20.56956288734,15071.88646632283,253.59860299529
853,14.66495920547,15071.98268831908,237.37310181751
854,14.78441428664,15072.10704745866,242.48242340412
855,23.73277874574,15072.19958266769,284.79334494883
856,15.40198873394,15072.27892200090,261.83380847690
857,15.00767872342,15072.39835033263,251.12649757898
858,16.84192942964,15072.49473755283,168.41929429640
859,17.33137932939,15072.58884146088,298.68358292575
860,19.94424611035,15072.68847988719,240.16052584050
861,13.93557442379,15072.78910188900,215.43875243443
862,21.48450276573,15072.87995770342,233.38143750673
863,16.01119072136,15072.97314749433,285.52043115064
864,16.19518938482,15073.09656137435,288.34714923091
865,18.03100759717,15073.18640642828,196.69507101432
866,13.75500191335,15073.28349152684,191.09059365596
867,23.12951437030,15073.37792638878,322.98609076269
868,15.30452924366,15073.47378946978,258.82307469750
869,14.61844858301,15073.60041435672,237.07139694654
870,22.67440184822,15073.69950652949,248.38562740409
871,14.68502106969,15073.79452680024,239.50544556517
872,20.60948549783,15073.89022392450,260.69166230943
873,15.82274196060,15073.98962428095,276.33230857296
874,23.52106064522,15074.07675906286,277.30921522514
875,14.68376598229,15074.16559315865,236.76861212986
876,13.43072942854,15074.29630645501,200.11336147828
877,20.00007689029,15074.38654263273,200.00076890287
878,16.46254451507,15074.48050152515,299.05697238240
879,19.17067117624,15074.57883982687,226.01887982045
880,13.94411629534,15074.68128568579,213.75925506420
881,21.35421696256,15074.78032378381,228.00064552013
882,15.47383840647,15074.86961161832,266.67130232512
883,15.56987809968,15074.99603717106,266.51338331002
884,19.57914367280,15075.08470204734,193.82363365211
885,15.15604045908,15075.17555064514,252.24678547818
886,20.04041558370,15075.27432490968,242.97712597039
887,13.99369744694,15075.36796963121,217.24060381287
888,12.97218542997,15075.50129254923,185.73342978594
889,25.09444793402,15075.59508332055,318.41284844562
890,16.35526123216,15075.68996654084,292.57180723901
891,21.56910377216,15075.78807206048,290.18261318299
892,15.72127015548,15075.87886038632,246.07680132205
893,15.24798995821,15075.99934063662,255.60288842682
894,19.94502386996,15076.08703687930,240.16989130635
895,14.97543494031,15076.18566821319,248.79061046551
896,23.89665095533,15076.28162750921,288.74433210825
897,12.71637483001,15076.37195056362,178.48282605623
898,22.57000097289,15076.47770803896,305.32131392471
899,14.22404943589,15076.57602241802,224.45171419767
900,23.37514430963,15076.67022968927,275.58888700005
901,14.42225602685,15076.76676529366,231.65573374565
902,15.89333097850,15076.89501778920,278.01974515339
903,22.69784717317,15076.98833807312,262.74657692105
904,15.21241636783,15077.07243828611,251.81029688845
905,19.17153579116,15077.16669493314,227.64937431817
906,15.87056076882,15077.27199839918,275.80094113917
907,14.48474160885,15077.39780279947,230.39391937985
908,23.67399866888,15077.49835518574,288.97798139854
909,14.17924237276,15077.59253233333,221.03251382211
910,19.27696263259,15077.69384239207,187.88859037245
911,14.25335851989,15077.78720590151,226.26505194637
912,22.90745465312,15077.88037148809,311.57506889458
913,15.27091639630,15077.97563718699,258.70573000278
914,14.97545042903,15078.10033402767,248.79086778351
915,20.79245077524,15078.18756087875,221.02678354495
916,14.28174280790,15078.28074598365,223.08795427353
917,21.38819972586,15078.38308987895,228.36348214311
918,15.27106695634,15078.48052337062,258.70828065152
919,19.82853395882,15078.58151109940,239.58908741345
920,16.23247383538,15078.68085010215,290.82867703857
921,25.29837885699,15078.77391076377,320.00199319174
922,15.05655426140,15078.86129420712,251.49403873084
923,15.64009129100,15078.97892310708,269.98983641256
924,21.97503263231,15079.07920428849,299.69948783670
925,16.46329258642,15079.17229231651,269.51571521280
926,17.25825059955,15079.26729953328,176.84444420017
927,15.79404680043,15079.37171844168,276.73405591029
928,14.36122877248,15079.49929858471,231.12210407172
929,21.40682814384,15079.59763359232,226.54857450919
930,15.29515473153,15079.68299119968,258.21193060068
931,17.76228421260,15079.78093048465,190.47927748621
932,15.38289265802,15079.88279912934,260.14832028496
933,17.00011728785,15079.98981239954,289.00199389343
934,17.23329694949,15080.09086819523,185.60828848658
935,16.52287389452,15080.18299220773,297.41173010131
936,23.15743376432,15080.27909771931,278.85242887516
937,16.01156497049,15080.37784411327,280.08799531243
938,20.73416175945,15080.47257425007,260.62437202033
939,14.75873503125,15080.57447433301,241.15971750259
940,13.24935693581,15080.69428735674,192.00142300162
941,22.94168539016,15080.79060757492,274.34265578174
942,14.50159315431,15080.88327124254,229.74844331860
943,22.97896917629,15080.97333295641,266.99149479840
944,14.69055848978,15081.07024559387,239.14496611170
945,13.19297878501,15081.19262363249,192.54518639594
946,23.26464905827,15081.29961262313,320.68105681952
947,14.60190428271,15081.39878725077,236.80309348315
948,23.03391385726,15081.49387879302,270.58722047900
949,14.52554143565,15081.58766732387,231.95429564824
950,24.97953936904,15081.67886872987,311.99434672109
951,14.63489147511,15081.76784455982,237.33805584524
952,15.62248603969,15081.89594737065,269.68592265436
953,19.17321540414,15081.98951394632,221.94601442036
954,15.72693093370,15082.08692891206,273.30492072268
955,18.76203934882,15082.18220200514,176.00353009629
956,15.74856164266,15082.28136803715,274.13356183655
957,21.14342487153,15082.38458082544,272.41397346588
958,14.47334676152,15082.47768194564,209.73872069939
959,21.37029592586,15082.57319525590,271.15865691761
960,15.23736703226,15082.66838502080,258.58669334252
961,14.70443017045,15082.78625973018,238.91871084601
962,21.89854736272,15082.88059522966,241.87736137324
963,13.90261299110,15082.97058100964,213.57599332165
964,19.49757583374,15083.07046248478,227.37885350533
965,14.92532372114,15083.17319854672,246.15474479517
966,19.92141087138,15083.26933309828,204.13371638753
967,16.11270878529,15083.37386786526,286.87862390672
968,15.29513511472,15083.49870613488,258.21159943074
969,22.89103400481,15083.59235739110,261.99985945232
970,14.86647631083,15083.67881517883,245.18420844116
971,20.55446268380,15083.77367876725,255.07417387470
972,14.00357608580,15083.86917140282,215.58231359792
973,14.86624287934,15083.99309005131,245.18035859043
974,21.06738660178,15084.09169489925,228.85039617840
975,14.17509679845,15084.19266013265,217.76196899808
976,25.78818674395,15084.29161001000,339.19063897538
977,15.50766344789,15084.38810134848,264.08599248683
978,22.38029118178,15084.47936440194,305.22647756859
979,13.81862092540,15084.58368118058,211.83544747234
980,22.60631784284,15084.67177669889,257.75168056391
981,15.17184905998,15084.76227895785,252.05368689238
982,14.70670426077,15084.88935198708,242.10290726865
983,19.82862462114,15084.98492745421,231.23951261364
984,15.61120900598,15085.08455148458,247.82026016928
985,21.82090889436,15085.18464064521,279.44398124862
986,14.50082388631,15085.28754164090,234.71633958048
987,24.57655135061,15085.38594714029,302.00171906735
988,15.21446416116,15085.46940395678,255.49430005108
989,15.43029519941,15085.59678886217,265.47283654370
990,19.66766367859,15085.69257109092,233.54056657236
991,14.88006410839,15085.78808430528,243.14225095856
992,24.91801559573,15085.87805553386,311.22591503884
993,13.85131800501,15085.97349437504,209.60847644835
994,21.62083419273,15086.07326141036,243.65442709106
995,15.69210925133,15086.17353948992,274.49980251955
996,19.73734629839,15086.27441433192,235.19762567714
997,15.26350842415,15086.37484139145,252.19454833525
998,23.23334004310,15086.47064349594,272.92994771376
999,15.43024529526,15086.55944932510,265.47197796019
1000,16.13101988003,15086.68490260723,287.20464367983
1001,18.67888130032,15086.78270267139,207.15881496003
1002,14.89378592243,15086.88078510558,246.08573005193
1003,21.30039709287,15086.97846440777,229.41229760507
1004,13.62050115244,15087.07905411619,204.76103064659
1005,22.97799789580,15087.17943298426,263.99709680889
1006,14.24297057242,15087.26814232893,226.10014839255
1007,17.52645676803,15087.37051865800,181.29507851034
1008,14.51847790844,15087.46997820433,234.10342202162
1009,14.22408000535,15087.58913256631,224.45219657572
1010,22.36090302129,15087.68715466935,250.00249596942
1011,16.50811875422,15087.77825979815,300.79223885397
1012,21.72538551886,15087.87840729321,235.99809397806
1013,15.40245410352,15087.97435757602,261.84171975988
1014,21.01514315503,15088.07635815939,269.12514497824
1015,14.10737459411,15088.18460751395,219.91220602564
1016,22.09705234924,15088.27974947175,249.02113316078
1017,15.04498147853,15088.36924052617,246.29696169610
1018,21.33340897546,15088.46649973369,277.33431668100
1019,13.09783485715,15088.56106012440,189.35320195487
1020,15.69806943299,15088.68240308610,249.19912670110
1021,20.95125571439,15088.78664603588,265.01475159235
1022,15.98517327477,15088.88591893852,282.35445553919
1023,24.07364491610,15088.98375951702,294.84073146694
1024,14.62222660603,15089.08412985859,235.32246668727
1025,22.30523578360,15089.18659519940,297.58896269598
1026,15.32402558343,15089.29149938366,260.50843491832
1027,23.79578031687,15089.38375152020,289.48816178137
1028,14.60283940288,15089.47339156541,232.27237978814
1029,23.14385735532,15089.57640609343,273.84181320544
1030,15.48179368984,15089.65876473775,264.55300654051
1031,14.56275592291,15089.79164115416,235.26852207280
1032,22.07109336894,15089.89090853210,291.97312108757
1033,18.76272750776,15089.95989616487,177.99886212480
1034,14.39447165727,15090.05953907867,229.86127913247
1035,19.97348744847,15090.16323748286,241.34056709291
1036,15.22075448712,15090.27219812036,254.69193706129
1037,16.43034149431,15090.39337352935,271.47379468778
1038,23.82909810102,15090.48728157880,345.31643810372
1039,14.43986933084,15090.57731231347,229.22581928203
1040,22.55763140383,15090.66988790892,260.14729615223
1041,14.57038206255,15090.76770242715,233.12611300078
1042,16.27919992203,15090.87061002108,160.33152515911
1043,14.26871373493,15090.97239736552,225.60817341653
1044,20.54044546330,15091.07220001793,211.47682942121
1045,14.80407740467,15091.16837904032,241.90061798911
1046,20.93575134770,15091.26657266470,223.53265540442
1047,15.64928319956,15091.36729051446,269.24044855734
1048,14.68249462953,15091.48821273996,240.36279622772
1049,19.46452357283,15091.58779506572,224.47583647910
1050,14.87695215293,15091.68440047765,245.80759053263
1051,21.06531158172,15091.77171307540,216.88065685006
1052,16.48844370467,15091.87177411748,303.13634922434
1053,20.99512356523,15091.97226721151,265.56964089121
1054,15.04353006188,15092.08312629635,229.13622332503
1055,17.17574209564,15092.18043449503,175.15888821222
1056,15.13462048062,15092.28082053453,256.39673076211
1057,25.12223206297,15092.37788135911,314.78066551272
1058,14.50799403742,15092.46798374695,232.58083752619
1059,20.91057035611,15092.56425395508,255.24604000854
1060,14.06679601741,15092.66283846977,220.62907457562
1061,15.18415300720,15092.79007429037,256.78732781854
1062,24.46381865921,15092.88779518070,296.60803805433
1063,14.22474698493,15092.99039135896,222.19765105776
1064,20.97800507460,15093.08684061436,226.91181886027
1065,16.15634886714,15093.18831585343,288.10897169626
1066,16.51643518880,15093.28661462107,163.50436652241
1067,14.36134468907,15093.38114958495,231.12396957283
1068,20.34846138996,15093.47689676027,206.51432816315
1069,14.47970004764,15093.56819924714,231.67520076232
1070,19.20861596460,15093.67174789109,220.69019552389
1071,16.83660606232,15093.76777022463,282.23294694109
1072,23.01055033617,15093.86230911670,319.67278171165
1073,15.43036469458,15093.97372572530,265.47403218371
1074,19.65858079020,15094.06982542040,201.44050948584
1075,13.85258795236,15094.16440248034,210.08489804109
1076,15.43683616351,15094.29321594158,261.97179675079
1077,20.35044939887,15094.38540003605,245.89541566989
1078,14.37630708047,15094.48301465093,232.25634883897
1079,23.18077650957,15094.57334017841,269.33628412112
1080,15.13324765317,15094.67087924666,252.77507093168
1081,22.55018409484,15094.76935845260,257.11165736397
1082,15.77999559470,15094.86146602245,278.73029512818
1083,21.16847325131,15094.96733791074,263.54536662146
1084,14.45616721506,15095.06235771928,228.57207317923
1085,15.78757571831,15095.19113733741,279.31072702310
1086,21.26215620547,15095.28640372610,228.01122329435
1087,15.19721665431,15095.37447096346,255.20466515868
1088,24.89941926099,15095.46930872296,309.99526984757
1089,15.32628504683,15095.55861317811,256.91535327343
1090,19.75462783561,15095.66170276073,239.51213367128
1091,13.86532400858,15095.76537221828,214.35270737087
1092,24.73881143675,15095.85776318781,306.00219781785
1093,15.18736537510,15095.95697360237,254.58663522926
1094,13.24409716659,15096.08259318318,192.83696551423
1095,18.36181418806,15096.17797720056,206.92713687472
1096,14.86365175198,15096.27062996213,219.96195899635
1097,12.55394930532,15096.38459773995,173.95262425969
1098,18.96658210022,15096.48251112126,222.80689092999
1099,16.03552344770,15096.57907104691,278.66768685482
1100,23.71470132899,15096.66766982422,287.52547311697
1101,16.76723825605,15096.76727530590,311.88866032993
1102,17.76203827458,15096.86881318382,190.47664009478
1103,15.71874167356,15096.96935731314,272.70997557814
1104,15.64848765468,15097.09063994956,270.58764679432
1105,25.41544439956,15097.18199434603,329.42180977667
1106,14.96718247791,15097.27826454629,245.02333716539
1107,15.37616534290,15097.39620363727,260.94217878273
1108,20.39615585953,15097.49436817549,208.00079346006
1109,13.19164368139,15097.58019680515,192.07323124145
1110,19.24475109434,15097.68337967195,223.60380147089
1111,12.65193559801,15097.78468955480,177.57837833511
1112,24.85993689746,15097.87876775323,312.48456135017
1113,15.40047016507,15097.97355905557,260.44558290223
1114,21.35802418458,15098.07048441037,230.03296037748
1115,15.64877465087,15098.16443710929,270.59260942241
1116,13.85151704293,15098.28143466552,213.69079719293
1117,19.06223610391,15098.37456900942,219.83643106269
1118,14.90401685878,15098.46813896429,243.98927141418
1119,15.95174718000,15098.59231566252,280.85949122181
1120,21.29963969007,15098.68830994930,231.37331049494
1121,14.23774878149,15098.78712625457,222.85601885376
1122,24.41297299444,15098.88335739413,297.99831260206
1123,15.11044961086,15098.97702056266,253.29729207257
1124,22.23750888950,15099.07307017967,299.17508434285
1125,15.00249750384,15099.16776396417,249.69132140449
1126,14.19561680529,15099.28873853370,223.55279700268
1127,22.24996305475,15099.37395477150,244.74959360224
1128,15.93765307706,15099.47227447352,279.25024114694
1129,17.52880733185,15099.56794786197,185.50745991861
1130,15.32195491025,15099.66947215061,259.11776945952
1131,24.03589095432,15099.76963796189,295.35797288910
1132,15.26159964203,15099.86509017243,258.09706925734
1133,13.82487066633,15099.98908435622,210.11984272147
1134,24.89959809613,15100.07700241014,309.99749632712
1135,15.13724758953,15100.16103735250,254.19761331181
1136,15.49084125528,15100.28339634051,265.16049045683
1137,22.58918250761,15100.38069903956,308.07537542514
1138,16.35030428393,15100.47837766253,296.56765856763
1139,22.80359413159,15100.57052148097,260.00097632775
1140,15.49001119038,15100.66634103905,263.78538537351
1141,14.16816299304,15100.79519552646,223.56984100446
1142,21.86930777042,15100.88069785680,244.50629397763
1143,16.39148430620,15100.97835161010,295.04671751164
1144,22.31687781362,15101.07254704022,293.53269854523
1145,15.04541839777,15101.16295051090,253.10311333162
1146,14.30907811133,15101.28916644678,226.24639024533
1147,23.14929953373,15101.37682742788,270.95560418564
1148,15.51671846773,15101.48424345331,264.69538838820
1149,21.93547715238,15101.57536265247,237.26846287405
1150,15.33305375756,15101.67018192855,261.11249660705
1151,21.50274134586,15101.76969504376,274.52862385923
1152,15.52187406483,15101.86669480530,268.39829315941
1153,15.96825092930,15101.98771047231,284.30662490325
1154,23.40949958646,15102.07613394886,274.00116771957
1155,14.31071339597,15102.16378297408,223.99809571931
1156,21.92173460586,15102.26327699734,245.09244381704
1157,15.65317246199,15102.35487041238,274.26573809782
1158,20.50148079977,15102.45408874316,247.72033503033
1159,16.00770149218,15102.55564994537,281.38971317806
1160,15.05677774101,15102.68199900769,251.49777157642
1161,22.38724697305,15102.77310749853,256.23375332153
1162,15.18918532611,15102.86094514053,252.34169857635
1163,14.79636400784,15102.98933326317,240.41245889727
1164,20.17822863681,15103.07291524849,250.40523213698
1165,16.70404743696,15103.16771354205,284.94970332658
1166,20.06937090584,15103.26779911583,239.15415550436
1167,14.68372115014,15103.36626943262,236.76788923321
1168,20.16930819819,15103.46756585091,205.68739215651
1169,14.59063293510,15103.56227021648,236.17002603018
1170,22.32756385330,15103.65784986594,295.36590668877
1171,14.30886817097,15103.76262068075,226.24307079676
1172,14.98011856260,15103.88300431027,247.96508401177
1173,20.82563785839,15103.97030465726,214.41306484010
1174,13.56846967646,15104.06441216475,207.11370080489
1175,15.70849068571,15104.18803445876,273.43605088894
1176,20.69193690281,15104.28608677610,217.01886509451
1177,16.14939953541,15104.37735156849,285.25526966313
1178,18.99633529087,15104.48398294826,219.89847907788
1179,14.93570023586,15104.57837035140,244.96369745951
1180,23.14382565053,15104.67275793409,273.84143806934
1181,15.74666315855,15104.77083141459,272.28525995371
1182,16.51429046800,15104.88461979799,301.35752181965
1183,21.78577099354,15104.98090623467,234.63993450144
1184,16.56169288958,15105.07319525836,305.83128998971
1185,22.90788698171,15105.17041316165,311.58094919915
1186,16.28289693920,15105.27724294818,292.63949267419
1187,20.30333150282,15105.37508985981,214.87026377021
1188,15.66734150750,15105.47376876204,269.55113543473
1189,21.67764488739,15105.57663304120,284.29964740141
1190,16.02343227189,15105.66978651810,257.87273775822
1191,24.22807487104,15105.76634069998,351.09816079109
1192,16.47836820756,15105.86066353738,300.25015809525
1193,12.79097514829,15105.98246276647,183.13889339800
1194,21.11881373005,15106.07799889018,220.48688844627
1195,16.27139883266,15106.17025628799,291.07163103064
1196,21.29625635309,15106.27676177231,274.38306936283
1197,16.69223116254,15106.37464378908,305.97365128013
1198,22.30243661684,15106.47059873116,254.28690150350
1199,13.60730979039,15106.57502223501,207.26036788968
1200,23.49450170031,15106.66266604445,275.99790252849
1201,15.02951123507,15106.75473587469,250.59203062810
1202,14.61059356771,15106.87714599047,234.68088259467
1203,22.58925387109,15106.97297094513,308.07634869322
1204,14.61843915791,15107.07865708954,237.07124409717
1205,23.32757194208,15107.17275853546,269.02668360374
1206,14.10253326969,15107.26995211854,222.08691601814
1207,21.35410559191,15107.36911840745,227.99945640694
1208,16.09274997660,15107.46535114974,284.70981080100
1209,21.27566386158,15107.57075273633,273.29085056752
1210,14.13628366702,15107.66223033991,220.81580985777
1211,16.33346014034,15107.78230710334,294.45564020876
1212,21.63286344789,15107.87085892890,233.99519518943
1213,15.86714474438,15107.96355581984,280.71844679709
1214,18.76702396850,15108.06576223243,210.65932157853
1215,15.00743916104,15108.16567236423,248.87022380622
1216,22.45008348609,15108.26094324326,252.00156212821
1217,15.45417717627,15108.36639187150,262.26608349590
1218,25.13979074297,15108.45601001548,316.00226964197
1219,14.61845113564,15108.55144973955,237.07143834327
1220,14.43370696492,15108.67558568150,232.28853019040
1221,23.39781978114,15108.77556458767,325.05290078479
1222,14.06502566517,15108.86555779674,218.34791553352
1223,19.89982465394,15108.96044186386,198.00075531294
1224,14.90541942698,15109.05856581445,248.96958929573
1225,23.06553007169,15109.15709065130,266.00466933102
1226,15.50826127176,15109.25543415684,265.45867310795
1227,21.56783768905,15109.35907893543,276.20308851157
1228,14.80450311998,15109.45818665945,241.90757423459
1229,14.63585295405,15109.58189317415,240.04583638400
1230,24.00067522041,15109.67308071659,288.00810264495
1231,15.69628148519,15109.76534845948,269.13516348463
1232,20.36427085830,15109.86368707080,259.19485232086
1233,14.82729069559,15109.95897792972,240.45824686363
1234,21.63337986198,15110.05436552806,234.00078106187
1235,15.54294565679,15110.14960603487,264.23007616550
1236,15.72905197603,15110.28812640419,276.93853754951
1237,19.36694589709,15110.38692474890,181.67805651075
1238,14.62769438282,15110.47895965695,238.57047559700
1239,19.87559667967,15110.57204141289,238.50716015608
1240,15.16182218627,15110.67002185778,251.43037664970
1241,15.94302470372,15110.78973158064,283.40940633347
1242,25.21973716528,15110.88700729648,318.00878555012
1243,16.59257110769,15110.97838792655,302.33103396768
1244,19.89649527531,15111.08154232176,241.23218496578
1245,16.38735827329,15111.17864032574,272.73999815954
1246,19.59941768819,15111.27961903493,230.24102582474
1247,16.38063191873,15111.38443345069,293.48314731897
1248,20.07269356798,15111.48000841749,203.71559044078
1249,14.73366807781,15111.57162886965,242.99387895039
1250,22.65004050201,15111.66961274370,309.73464545785
1251,15.24417285049,15111.76062209939,254.17115500966
1252,15.42875565238,15111.88731065933,262.74224114978
1253,20.73291647411,15111.97877085202,215.46278833345
1254,14.78790074893,15112.08271582213,244.78331304547
1255,26.06122361232,15112.18232344271,335.77537796039
1256,14.75971197809,15112.27720565101,240.72361741606
1257,23.01036803181,15112.38501819740,319.67024905851
1258,15.66307731238,15112.48124170123,273.54388536866
1259,24.55681780965,15112.57490699488,300.75836670070
1260,15.50815054287,15112.66708800809,266.81231052009
1261,22.12307073669,15112.75592627998,288.44955191424
1262,14.91471853495,15112.85649978677,227.17422459998
1263,14.11015264310,15112.98420435238,219.50246158535
1264,22.44574175281,15113.08249585468,301.97657100006
1265,24.67761932038,15113.15242645669,305.24529314013
1266,14.49621171783,15113.25047199951,231.93938748527
1267,19.37639291817,15113.35471576986,230.89636973702
1268,14.04025288320,15113.45525277938,213.39336900804
1269,14.68233470861,15113.58138811375,240.36017820933
1270,21.90898652930,15113.67323031355,240.00092268345
1271,15.26942637320,15113.76801155291,261.37047816771
1272,23.91669255172,15113.85868161798,286.00204564604
1273,16.89486553283,15113.95673075670,313.80819950000
1274,20.75405577344,15114.05693822235,260.04757348304
1275,14.62884307743,15114.16148980325,234.06148923887
1276,23.71475524185,15114.26269080031,287.52612677564
1277,13.80444341236,15114.35761988474,211.16737900167
1278,18.55415453090,15114.46123448005,208.26986806761
1279,15.37042251985,15114.55441534545,238.61312435341
1280,15.94779728873,15114.68014150153,282.14533596607
1281,20.36476881829,15114.77745813936,248.58368318206
1282,14.50200079835,15114.87775000477,228.83771271722
1283,20.44245880348,15114.98044823991,217.30631785179
1284,15.80216788386,15115.07400235455,277.32692084890
1285,18.39152819951,15115.17940931158,198.93479387238
1286,15.11038831560,15115.28501853919,253.29626457674
1287,19.65768630259,15115.37849491196,197.55730234004
1288,16.34848126787,15115.48160420469,291.99321205349
1289,22.21549757400,15115.57390774619,247.38131139012
1290,12.90860934589,15115.65984362267,183.91937264659
1291,23.83731222083,15115.76383224856,346.25696061703
1292,14.52436820580,15115.86456190174,232.84333541435
1293,24.03581038894,15115.96026266258,295.35698288511
1294,16.10547310635,15116.06022069369,290.34554550283
1295,21.56808938106,15116.16439425548,276.20631174194
1296,16.42362141115,15116.26987942321,269.36741920489
1297,19.31322422659,15116.36547577209,223.56673371407
1298,13.74870665834,15116.46803281807,210.76368205321
1299,24.65770377757,15116.55718428930,304.00058889503
1300,14.12116576132,15116.64806756570,217.85073501170
1301,14.61675714678,15116.77745361056,240.62219089519
1302,22.05429822587,15116.88294273860,290.91617387311
1303,14.77930264411,15116.98329943241,240.13524454895
1304,20.79830749195,15117.08574483432,223.03700000425
1305,24.68709866842,15117.15284108413,295.21476286760
1306,13.79943875835,15117.25349356015,214.22489799498
1307,23.42436400121,15117.35729373283,331.27053260476
1308,15.35600903394,15117.45965264128,259.23926946620
1309,14.67384102699,15117.58827599368,238.87282553398
1310,23.32367412025,15117.67668024505,271.99844361242
1311,15.31458351269,15117.77306723498,263.48205741091
1312,19.60767588324,15117.88128831247,224.42010808758
1313,14.41022610920,15117.97940548819,208.82401554615
1314,20.29713861147,15118.08274405325,246.92534843628
1315,22.35649626754,15118.15125548343,254.90327635567
1316,14.43965658087,15118.25076242740,229.22244198090
1317,20.27353486344,15118.35652680235,249.94892440375
1318,13.27538268648,15118.45951529735,193.74783174441
1319,14.70950012157,15118.58513527107,241.25373974157
1320,24.41316943700,15118.67573944008,298.00071048906
1321,15.76856059435,15118.76248526898,275.83715482984
1322,18.70390304120,15118.86598096734,176.45226838651
1323,14.83557153776,15118.95992405365,241.96084939235
1324,19.59752425907,15119.06215671434,231.88103413574
1325,14.35017022330,15119.16814858453,228.70407932778
1326,25.55439334882,15119.26653206537,319.17427062736
1327,14.90559325151,15119.36158159565,248.97249273785
1328,19.41573662071,15119.46804760745,231.36520406174
1329,16.35716770955,15119.55890268651,288.46179458247
1330,19.79936692611,15119.65305782119,196.00373263315
1331,14.36121655074,15119.75005848871,231.12190738144
1332,15.74463384362,15119.87965334585,273.61256449702
1333,20.39615646739,15119.97695054386,208.00079965899
1334,20.77160148032,15120.04403941756,258.60435291942
1335,14.75700483722,15120.15665111411,244.71724037263
1336,20.27727269002,15120.25252139699,203.78406847029
1337,14.21017653616,15120.34561423653,222.87791014019
1338,14.78444586214,15120.47541592645,242.48294128087
1339,25.36089882161,15120.57163443801,318.78155509423
1340,15.21701604586,15120.66003692361,253.26162149681
1341,20.73830645218,15120.76899843478,268.79917328135
1342,15.40045344667,15120.86695040543,260.44530016852
1343,24.46239398924,15120.96539893204,296.59076484887
1344,14.40498916951,15121.05679110895,232.27347109203
1345,21.01637690442,15121.16402088362,266.66792797109
1346,15.45419059761,15121.26869827125,262.26631126365
1347,23.50976901565,15121.36191486957,280.15123052026
1348,15.04501815243,15121.45909621326,246.29756207371
1349,22.45492456525,15121.55530285960,262.82815355413
1350,14.60915083175,15121.64602812463,235.56547897863
1351,15.55346429158,15121.77738044980,265.32222518584
1352,20.56963703851,15121.88004944097,253.59951719232
1353,23.54267474053,15121.94522985075,279.55377351291
1354,15.32584588340,15122.04767445546,261.88816925589
1355,25.78620358136,15122.14794621338,391.06713986474
1356,17.13453058966,15122.25569009783,327.35474727379
1357,16.18672689397,15122.38016520113,262.00506372106
1358,23.11771414591,15122.47885707504,320.32844364462
1359,18.28209067195,15122.56925780509,376.00709706033
1360,26.30594226656,15122.66300940012,346.00064963224
1361,14.68352986939,15122.75538890242,236.76480492375
1362,23.44856306145,15122.85998794088,335.73233010486
1363,16.83366784807,15122.95768173705,309.94069516814
1364,21.35378451815,15123.05874681540,229.98729777250
1365,15.26849543491,15123.15333789452,257.30925869123
1366,22.30137512031,15123.25977425887,254.27479858095
1367,14.92698393404,15123.34898509610,248.43452512616
1368,16.27813720915,15123.47537207822,285.68014860681
1369,18.72764432431,15123.57132396919,216.78815627167
1370,14.75483194483,15123.66321166357,240.19126215557
1371,20.12180386767,15123.75937586099,204.21400554699
1372,15.37683970951,15123.85588767051,262.30923552265
1373,23.22784563698,15123.95442175724,321.01521345665
1374,15.08352636762,15124.06280027417,252.39567141914
1375,22.69173599701,15124.15423698836,251.66352646859
1376,14.95275073678,15124.25646891799,247.05998867641
1377,14.96965936868,15124.37833098389,247.33936512559
1378,23.53270576474,15124.47150436854,291.08349457380
1379,17.25845485694,15124.55807380461,327.45615745877
1380,14.91163954654,15124.68082008845,243.20148107068
1381,20.63195355568,15124.78002857064,261.79014250221
1382,15.74489253353,15124.88245356808,273.61706004831
1383,22.71510399825,15124.97668243203,257.99398734277
1384,14.65491963050,15125.07707167909,239.46335987681
1385,21.35424878296,15125.16614235707,228.00098526904
1386,17.06741524463,15125.26437365550,321.12150153642
1387,17.80228835020,15125.35798087660,191.73651341988
1388,14.79623530669,15125.45251984574,240.41036775116
1389,14.66325047956,15125.57437264100,240.94179162018
1390,22.68356407906,15125.66692998653,256.63523170857
1391,15.07415023056,15125.75673696327,249.52158507336
1392,19.01708151233,15125.86026343305,182.40543799649
1393,13.85476813499,15125.95749228343,211.02954110092
1394,22.23555827367,15126.06242393774,304.06668623131
1395,14.62547800376,15126.15769848371,235.82874671685
1396,23.18009083282,15126.25137391631,269.32831727724
1397,16.30023378280,15126.34150294341,294.75943104385
1398,14.02268187781,15126.46451582658,218.14173581684
1399,15.70250565957,15126.58421093668,271.06727546615
1400,21.02872993696,15126.67537932086,220.55118023664
1401,14.48927920792,15126.77126467467,234.08146941370
1402,15.93971121292,15126.87125087457,153.71700816851
1403,15.13903043717,15126.97085203100,251.96368229165
1404,24.85682234383,15127.06824454984,305.44574669151
1405,16.19808155686,15127.15704039178,297.79810608784
1406,20.24600811669,15127.25992735950,236.97344939590
1407,14.75143913972,15127.35108041856,239.22814134257
1408,15.95951618758,15127.46817981966,259.80210081818
1409,19.19715974103,15127.56612728952,217.19106931841
1410,14.05445996535,15127.66179785078,222.22052387076
1411,25.29818584595,15127.75470000877,319.99955177370
1412,14.72087083412,15127.85453283785,239.18584001215
1413,22.85744930714,15127.95429565741,318.36742897591
1414,15.32614139038,15128.05674423597,256.91294515258
1415,14.47098733962,15128.17549463676,212.67921033802
1416,18.78098657917,15128.27022736566,207.44277702591
1417,15.65817549096,15128.36194802060,276.13493253925
1418,14.46778398614,15128.48429831600,231.03198314243
1419,24.52344428727,15128.57185276556,303.33825330106
1420,15.59680431579,15128.66883026449,266.06155061511
1421,18.63856412917,15128.76762397530,211.69339477375
1422,16.13829813672,15128.86889244531,287.78708106229
1423,23.83256874756,15128.96080039206,283.99783326848
1424,13.75962166367,15129.05390286748,210.03150925578
1425,14.58067944182,15129.17850432600,234.65382835819
1426,19.00241910955,15129.26845457867,186.18492278765
1427,17.22238698093,15129.35533672112,323.12062126847
1428,22.15992823447,15129.45123278596,296.47963347401
1429,15.84868361943,15129.55385365130,277.23873534456
1430,16.89665267095,15129.68302732792,315.65552133224
1431,19.29716382629,15129.77984789582,192.00435578951
1432,20.54516290042,15129.85076297024,248.24814786081
1433,16.61750426278,15129.94819267103,282.00839881467
1434,16.53323368669,15130.07270812448,298.97280123348
1435,23.50755454001,15130.15821606425,327.42234708034
1436,13.87313938178,15130.25720808329,212.67119958278
1437,16.60729194453,15130.37920910483,304.41668969624
1438,20.56490740022,15130.47272412735,215.68656843146
1439,14.53618014962,15130.56868417708,233.48562611498
1440,20.76455817026,15130.66567052084,256.00266630038
1441,15.11049243665,15130.76902454234,253.29800996367
1442,24.57627009591,15130.86697872722,301.99826295183
1443,14.56113101327,15130.95708802504,236.14186217068
1444,22.46723714762,15131.05562170133,250.18456464349
1445,15.48231384779,15131.14014669269,267.26617545107
1446,16.13093581813,15131.26546238694,287.20314700034
1447,21.21137111136,15131.35871429037,271.63808894461
1448,14.81169662541,15131.46306003417,243.38101069981
1449,21.78128919733,15131.55951232338,242.54617153879
1450,15.57762726813,15131.65472035054,270.26173214633
1451,26.83733585337,15131.75828901352,348.88536609375
1452,17.17434035817,15131.86022496331,327.21513095507
1453,21.64685151841,15131.95401254534,285.54158267211
1454,16.82166576630,15132.05415522213,311.08713600912
1455,17.64106634112,15132.16926291480,345.24247405657
1456,25.06044126466,15132.26086993225,314.00642902901
1457,18.77861641363,15132.35530578866,391.20865600610
1458,26.75926995766,15132.44985075411,353.99186786805
1459,19.76940150525,15132.54382312104,433.57682416875
1460,23.95307700440,15132.64793795516,352.85085781587
1461,19.01521958367,15132.74863563732,401.12649655412
1462,17.31580654074,15132.87760958133,326.25479373575
1463,24.38371086546,15132.96946050655,300.62257740675
1464,15.83327140258,15133.06161927308,275.60809574882
1465,20.42042693996,15133.14947059969,251.75993155064
1466,14.67400225588,15133.24854853845,238.87545015020
1467,14.50549157324,15133.38241355758,234.34338819118
1468,22.08276184787,15133.47308801004,236.81123842716
1469,22.31513502799,15133.54274231091,258.31636354778
1470,15.22992795849,15133.64107892648,254.38995040724
1471,19.17354003446,15133.74272567971,221.94977228805
1472,14.94201714564,15133.84858898416,246.43005980505
1473,16.35755789734,15133.97543773182,299.83898899673
1474,22.07463211586,15134.06397804843,238.77365394220
1475,14.12886971730,15134.15488678820,219.33904175206
1476,22.39515956532,15134.25513879887,306.24920106963
1477,15.55233604712,15134.35077735940,242.93525514320
1478,18.84620934063,15134.44631135570,214.87984746457
1479,13.26286578137,15134.55122184498,194.92352214824
1480,13.71458265129,15134.68087797949,208.89429942764
1481,20.04705328183,15134.77657372661,196.42020554750
1482,14.87868916249,15134.86873976788,248.07732413886
1483,20.87640958349,15134.96084144328,258.22692538913
1484,15.34092286507,15135.05411255344,236.66823110804
1485,19.83510925492,15135.15036376825,238.02131105907
1486,15.42872586597,15135.24514714554,262.74173390555
1487,21.07208119796,15135.34304615651,222.00815135367
1488,15.50808980039,15135.43987321304,265.45573799086
1489,15.87458647096,15135.57167317645,278.14522493938
1490,19.90345364266,15135.66946509512,239.66931948273
1491,14.09397831116,15135.77165566559,219.25084802981
1492,17.01379616674,15135.86335660929,146.35820865347
1493,14.46794591097,15135.95071934523,231.03456887459
1494,14.18055370211,15136.07811239070,224.21424090504
1495,23.40930912671,15136.16662457072,273.99893844539
1496,15.02939212843,15136.26263441763,250.59004472343
1497,17.77284057131,15136.36754315155,188.92788677952
1498,14.74069754502,15136.46462170412,244.44681452471
1499,19.85827308262,15136.56372521228,191.50625032526
1500,13.78677922277,15136.65678356641,209.54090290183
1501,19.62730783259,15136.75830844949,194.30043450803
1502,14.89988174315,15136.84952080830,247.53542648455
1503,15.21773173055,15136.97300324169,256.90487990996
1504,19.12853389283,15137.06584512947,217.25838153382
1505,14.70978693769,15137.15880504468,241.25844387575
1506,23.63860216122,15137.25067488628,278.69500926092
1507,14.87289353079,15137.35213140993,246.63903694260
1508,19.78505794744,15137.45500871009,232.42180509098
1509,14.08881916814,15137.55907603546,200.23974321200
1510,23.35725505717,15137.65640506609,327.00157080038
1511,15.05648776725,15137.75901513641,249.22921928342
1512,20.75137970972,15137.85086950162,219.61196029356
1513,14.20926002951,15137.93981896023,225.11701561002
1514,14.93942446092,15138.06188815927,244.11220711123
1515,20.16497665651,15138.16146656787,247.79138164433
1516,14.47914657169,15138.25958148438,232.56953120442
1517,24.49507190023,15138.35632757052,300.00213684174
1518,16.38322557975,15138.45873480778,296.26018343654
1519,23.23778857829,15138.55545507854,269.99870449926
1520,14.01204981418,15138.65283429974,219.77041392961
1521,21.99152691521,15138.75099680231,285.04276699901
1522,14.39440301877,15138.84612255150,229.86018306357
1523,15.37347303998,15138.96857725764,259.53409582101
1524,20.07231259828,15139.05901609061,203.71172402062
1525,15.99837511382,15139.15913708727,283.94299071988
1526,23.83247854482,15139.25564755418,283.99675837879
1527,15.26842266932,15139.35421350819,257.30803242368
1528,20.97304539059,15139.46135968112,266.11811269789
1529,14.78773676622,15139.56350852315,244.78059864856
1530,25.73386525744,15139.66475548692,324.49169412019
1531,16.38461223864,15139.75084984214,298.99111619591
1532,20.95142998082,15139.85407713016,265.01695590778
1533,14.78266565494,15139.94746395864,219.76012389496
1534,15.19362913185,15140.06621608794,253.78364046714
1535,20.88750024010,15140.16941041703,265.85447511253
1536,16.05425206034,15140.26558590829,284.48207130523
1537,23.55364502999,15140.35989068548,276.69267933837
1538,15.20569699929,15140.46334635753,259.38975958801
1539,19.11717154823,15140.56390004804,212.87981292873
1540,14.83896998882,15140.66564893236,244.28027595199
1541,26.53247960428,15140.75279235724,351.99311842067
1542,15.46515366586,15140.84918030240,267.41750577464
1543,21.20397122354,15140.94809789055,223.39769899663
1544,17.09421014680,15141.03902032397,322.53291198466
1545,15.64875080446,15141.16853092845,270.59219707947
1546,20.61318743635,15141.27168416671,263.17155981349
1547,16.12844441567,15141.37379122394,283.05305074310
1548,25.42864271480,15141.47545192356,330.57235529245
1549,16.22880313142,15141.57098069282,291.66730790113
1550,22.53896214160,15141.66935535466,254.00120360230
1551,16.87682818771,15141.75982379102,314.38047553573
1552,21.46821620830,15141.85810523775,278.25988500663
1553,17.44485271429,15141.95613203449,342.73697507297
1554,28.25745042187,15142.04603364130,382.25970399073
1555,19.00416451831,15142.13864749152,402.24234552007
1556,27.41729128396,15142.24847422317,446.32116604252
1557,19.20614127529,15142.34894983393,409.23054829723
1558,29.26939933469,15142.45196646359,433.14755510512
1559,21.95415910109,15142.55065639811,542.22773086587
1560,20.01001956640,15142.67788687393,437.94066148263
1561,26.38203835540,15142.76947219273,348.00298693360
1562,15.77637303153,15142.85981970128,280.00284462746
1563,22.68523906716,15142.96216493645,302.65883884840
1564,15.29104685676,15143.06166010439,261.74056123364
1565,24.42776918388,15143.15858435004,289.03326282989
1566,15.34480255152,15143.25682468878,264.89236242823
1567,18.71089470921,15143.35983099671,173.51769924262
1568,15.40043338465,15143.46115009904,260.44496088889
1569,19.83467103622,15143.56155262994,238.01605243464
1570,15.10138048920,15143.65972549529,250.42806449540
1571,21.84519301255,15143.74852556219,241.28804331377
1572,13.97716458225,15143.84154346599,215.62919302059
1573,19.20491333282,15143.94068078733,223.14092851015
1574,14.29680902811,15144.03944698872,209.63237083766
1575,14.42693029630,15144.16685136524,227.65312017581
1576,22.77121082416,15144.27428038665,313.05239180258
1577,23.83263622249,15144.34131683298,283.99863732515
1578,16.24298230364,15144.44110425354,294.17292110283
1579,22.62043710016,15144.54720652533,311.80120778215
1580,13.96308448332,15144.64303502598,211.29981017029
1581,14.78442024427,15144.77328198328,242.48252111655
1582,19.77824371337,15144.85864856962,201.69930127810
1583,15.75658359557,15144.95088179136,271.54404468044
1584,18.54675058310,15145.05763360949,171.99548923878
1585,14.75733026306,15145.15128164952,244.72263694963
1586,19.52745936955,15145.25655576677,226.88857479602
1587,15.29014333400,15145.36590115410,260.38175842510
1588,20.91295806028,15145.46181556619,214.29405161428
1589,14.31055430520,15145.56000396352,223.99560555496
1590,20.99358658929,15145.65400936188,273.72288037344
1591,15.29879947428,15145.75874788581,255.99787948185
1592,18.91294476571,15145.85203220319,180.41799426246
1593,15.00770468790,15145.94653873316,248.87462707113
1594,20.41222521614,15146.04439145749,210.15672117988
1595,14.07825070136,15146.14444443580,219.00618383994
1596,19.74095365234,15146.24784371220,233.57811360341
1597,14.08052558285,15146.35760635242,219.94484074004
1598,21.69162170719,15146.45442764685,232.61672771553
1599,14.74068934455,15146.55367146186,244.44667853525
1600,20.07015917559,15146.65493688823,239.16354882248
1601,15.06668580031,15146.74734330714,228.00032853086
1602,19.31328664635,15146.84372727374,223.56745627493
1603,14.39446535423,15146.94454678151,228.95798764632
1604,13.04252808899,15147.07259145825,189.45366377796
1605,21.57524944812,15147.16737399433,235.35818503095
1606,20.69559250612,15147.23396095433,254.31169836650
1607,13.78056446601,15147.34394672672,208.53778111749
1608,22.64281490956,15147.44164720539,262.10953241311
1609,15.65765182792,15147.53496858163,270.29297828052
1610,14.00410355697,15147.66427560719,216.95063941877
1611,19.64537970406,15147.75307622974,192.48462431272
1612,12.92804163099,15147.85012248869,188.23512745360
1613,19.04005482790,15147.95002762782,211.16442315288
1614,15.61388839521,15148.05265883442,269.08488012706
1615,19.07821090475,15148.15090766629,181.99453274938
1616,15.40419528471,15148.24592250499,264.57574255584
1617,19.66989502565,15148.35394199418,231.90464220129
1618,14.26808324623,15148.45991762311,224.69399965568
1619,23.06050412389,15148.55373548868,271.87933391905
1620,14.55263346480,15148.65348972952,233.74990548932
1621,22.35665173371,15148.73997023910,254.90504894273
1622,15.21671689034,15148.83669167124,253.25664255669
1623,19.71469767870,15148.93976181823,239.02800624753
1624,15.12844146736,15149.03999420771,251.33254580315
1625,22.03688951057,15149.13396574086,243.40540034011
1626,14.41083939303,15149.23501808627,229.21843267718
1627,21.53185282628,15149.33516048685,279.91408674169
1628,14.70370490499,15149.43831896481,219.57313851895
1629,13.68042333747,15149.56261247225,206.56986240458
1630,21.23176361580,15149.66143105292,272.72694170023
1631,14.98129742424,15149.75745276500,246.62328124314
1632,22.45000988876,15149.84781926073,252.00073600030
1633,13.36011582051,15149.94539388286,197.71165910865
1634,20.24402924777,15150.04590442940,252.03613159343
1635,14.70406143032,15150.15167313333,235.26498288510
1636,17.55026299645,15150.24842061280,154.00293278319
1637,15.15146987675,15150.35270082191,256.68217763469
1638,20.52406832321,15150.45266707896,209.30524975676
1639,12.47505434463,15150.54614843704,174.20465342745
1640,19.92347331084,15150.64105863620,237.41558500866
1641,16.07903953727,15150.74160424092,283.10070444403
1642,15.29537898627,15150.86497147219,258.21571645637
1643,25.39010447220,15150.96154525910,325.15198667373
1644,14.26547461429,15151.05164892553,226.90626432653
1645,20.83250022641,15151.15277983052,257.68379663761
1646,17.08821527218,15151.25611103354,292.00355057265
1647,20.88702573444,15151.35584642295,265.84843564158
1648,15.43662546377,15151.45571605057,261.96822105762
1649,19.72663408909,15151.54670215551,196.27753095042
1650,14.17971523160,15151.63885815322,223.30237876966
1651,14.54189387459,15151.76224036885,232.21542315757
1652,17.43745288834,15151.85758685165,186.99584961118
1653,15.56939886690,15151.95732239353,265.13730878958
1654,21.71941684183,15152.05263943563,237.92429080258
1655,15.02930713112,15152.15641237305,248.32490790449
1656,25.12244251336,15152.25492443362,332.33867608440
1657,15.07849047147,15152.35105523701,248.68083555490
1658,22.30530635502,15152.45695381545,297.58990423613
1659,13.73517439224,15152.55171438909,207.39658520191
1660,15.29498974537,15152.67146859028,258.20914531365
1661,20.42153724481,15152.76452760413,213.20710821894
1662,14.39862283478,15152.85115737282,227.66221663801
1663,19.62712663188,15152.95176117261,233.05921581256
1664,15.93034303397,15153.04618430477,254.88548854354
1665,20.37800411632,15153.14261390134,251.23690785437
1666,13.86885751040,15153.25048990209,215.30256682892
1667,22.72510328706,15153.34155858150,253.05604044664
1668,13.85959529665,15153.43471325075,212.01104060431
1669,14.68201448478,15153.55861747790,240.35493591941
1670,19.68271677387,15153.65190227974,227.84391917816
1671,14.14023997722,15153.74819270775,225.80152476551
1672,15.29696371669,15153.86748289479,233.99854947036
1673,18.34767623055,15153.96527295788,205.13325640334
1674,15.31917539763,15154.06698099374,254.03978445790
1675,24.17404940732,15154.16244823591,298.03769734990
1676,14.38913461638,15154.26291370687,232.01782410441
1677,19.90186595866,15154.35958652651,232.94536870954
1678,15.08905654780,15154.45855854098,251.58484939625
1679,25.59816472170,15154.54607817167,326.81548930625
1680,16.49844501681,15154.63785957857,301.97112522695
1681,13.55311106718,15154.76163240488,201.93680682597
1682,22.64872322104,15154.85510363636,254.23128762297
1683,14.91646200421,15154.94885896052,247.81087846890
1684,21.50174087718,15155.04728956939,274.51585073026
1685,14.33391386698,15155.15009423976,230.23674854471
1686,20.52808763982,15155.24219765629,208.33733549521
1687,15.87109019714,15155.33439515281,279.43937849586
1688,13.40771062058,15155.46503677548,198.41599782954
1689,21.48750101475,15155.55384272836,279.33751319178
1690,14.55265821990,15155.65090532711,233.75030311514
1691,19.14747335635,15155.74115308572,188.58074235035
1692,14.67380692891,15155.83857973486,238.87227045750
1693,23.74806033286,15155.93324019484,273.87599229077
1694,14.28114313489,15156.03286268309,226.25585817626
1695,21.03568876058,15156.13327961693,262.73566840952
1696,14.26780913798,15156.23799277879,224.68968299473
1697,15.24451491560,15156.36183870564,254.17685837492
1698,23.10996964943,15156.45243649806,275.38707123258
1699,14.74425855449,15156.54242630572,243.61513246890
1700,21.50740829809,15156.63933016174,272.04958715670
1701,16.89694510539,15156.73293918395,286.75066716866
1702,16.54887642804,15156.85775862534,301.08041774766
1703,19.20764503891,15156.95925692347,224.81972117204
1704,14.29569121987,15157.05754258345,224.67442333541
1705,19.18478355333,15157.15247001876,191.84783553328
1706,15.36619745622,15157.24298303593,260.31989352267
1707,21.86560114536,15157.33842669236,289.25471448770
1708,16.04989756732,15157.43609900170,280.29941069511
1709,13.93917907902,15157.55564999259,217.73693776860
1710,26.03278770705,15157.64261357265,328.26096279071
1711,14.69822373831,15157.73753547332,238.81786825997
1712,14.70424972306,15157.86356808316,238.91577892292
1713,23.29550701244,15157.96622084341,270.66933210196
1714,14.13645752550,15158.05946388249,220.81852561407
1715,19.37445865080,15158.16539444827,232.49350380958
1716,13.97390143808,15158.25746702925,214.67114722449
1717,25.49021964303,15158.34750396724,331.37285535935
1718,15.49019259294,15158.43424551904,263.78847454775
1719,16.22065744981,15158.55626622303,289.25575800161
1720,21.97163170780,15158.65870863455,238.67301227537
1721,15.19426632209,15158.74560695713,257.40719539689
1722,22.77064318545,15158.84989392124,313.04458806047
1723,15.35051525600,15158.95479791846,261.40985521051
1724,19.89156182220,15159.04294855474,193.87896227801
1725,15.76827889400,15159.14038527005,275.83222708630
1726,19.62388208214,15159.23977495294,234.66749873008
1727,15.24424293055,15159.33814353567,257.80354063195
1728,16.30826988736,15159.45465751279,293.54885797246
1729,23.29765078109,15159.53952348703,267.66962885823
1730,15.95250949860,15159.63586629195,277.22505822794
1731,13.86967396503,15159.76556799799,216.65123318065
1732,22.69185568522,15159.86097971799,251.66485387512
1733,14.87264924992,15159.96316319006,246.63498600270
1734,18.99685371286,15160.06117780753,219.90448024625
1735,14.38202076239,15160.16083006091,227.39971482488
1736,18.97371063240,15160.25107002386,180.00042379002
1737,13.94199477883,15160.34015931509,212.35813775742
1738,14.88403404905,15160.46333833272,249.50187564439
1739,20.02328061030,15160.55191889294,202.22522140592
1740,14.39842161460,15160.65181838982,226.74657033345
1741,20.04745689835,15160.74721293720,247.16164805619
1742,14.90793288981,15160.85235173244,244.05337960491
1743,24.46347737055,15160.94504198189,296.60390014918
1744,15.25802082626,15161.03980197227,257.13273744856
1745,20.43377296292,15161.14830561737,250.26158639519
1746,14.98543049289,15161.23772961811,251.64817072679
1747,14.16619526480,15161.35818924184,203.81605744894
1748,21.23528687504,15161.44699434779,262.66599232820
1749,14.09518062193,15161.54490247443,221.52315192984
1750,21.73218597101,15161.64403944893,241.99938115155
1751,15.32157058380,15161.73954578061,259.11126990953
1752,16.84284245133,15161.84242156890,168.42842451327
1753,15.56062905248,15161.94683622089,268.61810549490
1754,23.41023703676,15162.04264367878,274.00979935405
1755,15.34263655622,15162.13906060203,262.17508839875
1756,16.56395187068,15162.26899160207,303.17009751514
1757,23.83313696949,15162.35568615760,284.00460441425
1758,14.84880293572,15162.45583506311,243.08538053783
1759,19.90922875321,15162.55266788631,238.07974862488
1760,16.76748307274,15162.65862618012,311.89321418358
1761,21.11072669085,15162.75019135201,218.37105488480
1762,14.32126232350,15162.84778253586,230.47890494674
1763,22.42307997898,15162.95800260337,299.16120036257
1764,14.78565943625,15163.05178401321,220.79698065674
1765,19.27723476664,15163.14894961907,226.45623346300
1766,15.40214863658,15163.24782876830,261.83652682183
1767,15.51680911468,15163.37017337877,264.69693470930
1768,19.71497774183,15163.46225971808,192.15783356215
1769,16.01870981294,15163.55605729527,286.10330553622
1770,19.12846236529,15163.66130367614,217.25756913716
1771,14.91672963359,15163.76517277653,247.81532466215
1772,19.37819870728,15163.85894225779,189.86679586843
1773,15.35048577093,15163.96359939658,261.40935309778
1774,23.08887407155,15164.05582983166,261.22079081532
1775,15.61378046799,15164.14599442173,269.08302014303
1776,15.65059032093,15164.26598009837,275.55707755753
1777,18.21993820355,15164.35751168169,200.41932023901
1778,14.10728860466,15164.46074148182,219.91086558280
1779,22.43051975912,15164.55471722019,253.77236203541
1780,15.41528385770,15164.65603377525,258.86663622137
1781,25.18747209551,15164.75689347983,323.53893713550
1782,14.23707102495,15164.85249603136,226.00649597990
1783,20.21043755314,15164.95737270601,242.52525063769
1784,16.30068197437,15165.05315147238,294.76753575541
1785,25.92233239633,15165.15012609234,335.99182911716
1786,13.96464689255,15165.23400698027,216.33937940210
1787,14.72409655043,15165.35008841703,233.73778651529
1788,20.18390529069,15165.44974586044,256.89917343373
1789,15.89496510608,15165.55297014928,272.07797651964
1790,23.26636747679,15165.65059466640,286.84704294424
1791,15.88572297240,15165.75336991121,277.43222465779
1792,20.50966169411,15165.85418515486,206.11954905706
1793,15.44756657574,15165.95162493376,267.11339655753
1794,17.05315399525,15166.05075222978,175.57296627241
1795,16.08718474746,15166.14142504872,285.97205132534
1796,15.42746393866,15166.26696441335,261.35781355654
1797,23.93239574498,15166.35343073925,283.17192525598
1798,14.30588237596,15166.45398079342,229.34074110942
1799,24.14216827472,15166.55168123755,294.69271972977
1800,16.85273657317,15166.64731251051,313.47902095938
1801,22.28149715998,15166.75544032042,291.36838329337
1802,14.91549777097,15166.85607945691,249.58401521661
1803,22.07794862026,15166.95180478185,245.84963106450
1804,14.34995689100,15167.03963237149,229.59931025597
1805,13.74480938741,15167.16247453498,206.62979318524
1806,21.74542674749,15167.26069478387,241.16844919044
1807,14.77677247581,15167.35199539076,241.00186571338
1808,19.62691151264,15167.45378290483,233.05666141311
1809,14.58081782561,15167.55237672404,234.65605543442
1810,20.76482477408,15167.65188037092,210.73995500024
1811,14.37217003754,15167.74985936501,232.63389511431
1812,17.17538949845,15167.85174850538,175.15529241228
1813,14.66512789020,15167.95458708417,237.37583221843
1814,22.81092859765,15168.04992396206,266.01885465935
1815,14.84678898925,15168.14458679075,239.85721669163
1816,21.27761482321,15168.23722201257,235.98016396615
1817,13.18649166067,15168.32554335008,192.90174269777
1818,15.26354561378,15168.45718594558,252.19516280878
1819,18.72131917976,15168.56116920999,217.52207220673
1820,19.82718415302,15168.62756545289,198.27184153017
1821,14.45057719653,15168.72882244457,231.66037554442
1822,14.41043675375,15168.85720131191,230.11622127871
1823,20.56882254905,15168.96052829763,245.10580872291
1824,14.37846975885,15169.05800631707,212.29556186630
1825,18.78038416279,15169.14830698106,207.43612311943
1826,14.23744928377,15169.24415899155,226.01250065252
1827,22.78328015918,15169.33312225485,253.70387067726
1828,14.78094932449,15169.43547636744,243.32513527145
1829,20.77058420342,15169.53666505037,258.59168792413
1830,13.57317950246,15169.63965962289,206.29446821766
1831,19.59618833979,15169.73982935498,192.00264934381
1832,13.98206857865,15169.83275549440,212.96852369133
1833,20.45731624736,15169.93868572002,256.32943787828
1834,14.83752144092,15170.03880147836,242.90069450823
1835,14.62872488729,15170.15737906648,213.99979591389
1836,19.53622881894,15170.24998795070,236.86418631882
1837,14.38474153684,15170.35097567216,225.15681940593
1838,22.53388864847,15170.44664977474,261.82012638244
1839,14.61054861349,15170.54448147840,234.68016052292
1840,19.03564451704,15170.64797210429,220.35351626871
1841,12.86013368056,15170.75486120680,183.67944852245
1842,24.46705671680,15170.85211672514,292.58344383579
1843,14.08034364109,15170.94654234825,219.94199871889
1844,19.74093892876,15171.04483238048,233.57793939172
1845,13.15598230663,15171.14551204550,192.00524056997
1846,22.71556839344,15171.23353611856,257.99926185819
1847,14.38804519336,15171.32941358718,232.89085695964
1848,20.92315957995,15171.43256598400,216.43084560305
1849,14.22309044513,15171.53060363428,221.25936146995
1850,19.33270347548,15171.63329299425,233.59794488808
1851,14.10735918442,15171.74505372637,219.91196581233
1852,20.68827986142,15171.83912536082,214.00123090260
1853,15.32412459018,15171.93676926855,260.51011803310
1854,21.01260869101,15172.03757109937,261.60486849493
1855,15.30856861501,15172.13333615374,256.61837175934
1856,14.83185458094,15172.26173626975,242.80792401224
1857,21.29704198515,15172.34934967325,233.29740606797
1858,14.58380965205,15172.44930543843,237.40722093331
1859,23.83224984487,15172.54952154530,283.99403310438
1860,14.08053806551,15172.64657165579,219.94503572547
1861,21.97266846918,15172.75024859683,283.94945441511
1862,14.36642615072,15172.85256290873,228.96315617886
1863,19.96696937045,15172.95032228605,205.57253167457
1864,16.59272578950,15173.04799836036,302.33385240430
1865,18.60043697250,15173.14521006291,211.26035351730
1866,14.12339050555,15173.23947428594,220.16186937673
1867,23.79126226198,15173.33116047261,285.49514714379
1868,13.97812124324,15173.43437960595,216.99879610563
1869,25.05995356501,15173.53294647906,314.00031816992
1870,14.94809056688,15173.63236502929,247.88603871291
1871,20.94528899986,15173.73799581212,259.92420090920
1872,14.12065870769,15173.84427575254,218.75630404952
1873,20.84338579391,15173.94313089872,221.56823022031
1874,15.58692917425,15174.04051570367,269.52320116062
1875,20.36477742496,15174.13780010031,248.58378823983
1876,15.44770916425,15174.23129076324,265.77243772313
1877,16.25786526692,15174.36392297428,291.73696189894
1878,21.30108258605,15174.45767357694,229.41968059247
1879,22.93629558377,15174.52129311768,315.32193202357
1880,14.64867112603,15174.62641175880,215.78840045198
1881,20.48799999935,15174.72655400805,253.42256416491
1882,13.74006527969,15174.83521704409,208.37840721804
1883,23.99980688250,15174.93732265687,287.99768259006
1884,15.41754735771,15175.03530173133,260.27815594146
1885,17.76000332201,15175.13626613284,195.36003654214
1886,14.52448429003,15175.22898258182,232.84519638614
1887,14.89848056503,15175.35971067595,239.30503248328
1888,22.63671954372,15175.45134462774,274.45563856488
1889,14.22066922136,15175.54501145175,220.30566026504
1890,19.13363767523,15175.65570907285,221.48786908558
1891,13.99378503909,15175.75767786595,217.24196360871
1892,23.83311139892,15175.85890631802,284.00429970575
1893,19.14693956735,15175.93179171781,242.19175701776
