,error,freq,rate
0,29.05695322894,15379.28759965334,736.23691354683
1,32.72506931672,15379.37756300192,746.96359636175
2,30.07844491791,15379.47306810106,729.98347095838
3,25.35564159661,15379.58950426179,710.41059973021
4,32.36107468723,15379.69705517409,752.69939737435
5,31.74689197287,15379.78792849135,803.13989812481
6,32.14991672166,15379.87962240262,726.75880538321
7,31.52300274293,15379.97469739176,791.84879359524
8,25.29958684009,15380.09306089098,716.47429375517
9,29.64593122040,15380.20205192432,705.29907178817
10,32.25431280182,15380.30001336803,719.78445785545
11,29.62112748966,15380.38311580702,709.05332241211
12,32.86548317965,15380.47787714821,759.47004667303
13,29.05634577051,15380.57492351953,699.16596162932
14,31.25097978207,15380.66907019489,781.27449455167
15,31.89415672422,15380.77008264252,811.89268199716
16,26.75600973325,15380.88700196372,798.20850070179
17,29.25065963084,15381.00210205164,686.61211753834
18,30.91757583316,15381.09414668644,761.72775498022
19,30.74477581504,15381.19708473095,768.00425370445
20,28.08832350566,15381.28603090238,628.70176761069
21,30.34828506296,15381.38570038347,748.31757363270
22,30.98415390636,15381.48925946949,774.60384765899
23,31.72068767063,15381.57981725229,807.47688080889
24,30.07225216486,15381.67966468967,734.77288267156
25,30.67270720890,15381.77529086864,753.82507280117
26,29.09953701561,15381.86122058243,684.30331663019
27,26.59657217069,15381.99640968514,776.78384155417
28,30.08213482986,15382.10910554708,731.31148495695
29,44.63580627021,15382.17129334676,778.25187518120
30,25.43597445485,15382.28214917912,789.33529694208
31,28.37049807499,15382.40223702752,649.43038454947
32,30.92765522287,15382.49688529779,767.60421590297
33,30.64607812669,15382.59017650456,763.08119149875
34,33.60483279386,15382.69462918122,887.19304359939
35,29.36045700909,15382.79148019906,705.26237915161
36,30.31985846703,15382.88479390760,737.71399602867
37,30.66186128707,15382.98102470215,749.17914635933
38,33.58304512224,15383.07638119009,927.64614035622
39,25.06056132222,15383.18856051780,749.30659279327
40,43.20012574491,15383.29986606695,758.15912988496
41,29.95327070076,15383.36190876193,718.87849681817
42,24.99840562748,15383.49263808881,749.11842518828
43,40.84002012413,15383.59261357128,694.28034211018
44,31.52478914806,15383.67383411948,797.52109171535
45,31.61883861819,15383.76782770044,812.30267183597
46,29.37682048033,15383.85812477009,777.23761300741
47,24.91997817398,15383.99327428977,740.92421743219
48,35.42408555261,15384.08637358647,534.89196188613
49,31.19563154306,15384.16730523582,760.30352613820
50,29.84032819683,15384.26508468019,728.49525145272
51,30.72676221283,15384.36038981257,757.64993300264
52,23.25967313772,15384.48771614416,707.03285107108
53,40.52070404820,15384.59110769498,667.05497579159
54,28.62430295719,15384.66176012171,656.48951142174
55,28.79045285118,15384.76647100667,661.55424010324
56,28.61680346749,15384.85965655938,673.55955797992
57,25.22341235782,15384.98241363561,835.04353296458
58,29.26029858065,15385.10396634052,677.42488819303
59,31.56784135861,15385.19316553732,815.28190312581
60,30.92767359984,15385.30780213156,767.60467200745
61,28.84102810560,15385.40390422722,666.47116799474
62,28.37986594061,15385.48936541736,650.88342425086
63,27.58681608223,15385.60262221679,689.67040205577
64,28.91673602167,15385.68771417965,666.34099180537
65,31.37804259118,15385.78740336907,794.42858580449
66,30.97069856260,15385.88663138569,784.72685489316
67,29.53423422478,15385.97941631636,698.90754402619
68,29.54404135538,15386.09179945522,705.35431974070
69,28.04558232162,15386.18022173597,712.82138596710
70,28.06020955717,15386.28182417074,627.44536032719
71,28.86463906284,15386.37395289654,676.93578980975
72,30.76439234600,15386.48014438694,754.19834903519
73,28.42530403731,15386.57814477924,735.77075196092
74,31.40229768355,15386.67374122750,796.90097821203
75,29.92480819569,15386.78406000606,722.54625239847
76,27.03276322599,15386.86752323247,654.95202789228
77,30.39789086624,15386.97729679939,750.77252158078
78,27.34351836578,15387.07586051802,599.06647241980
79,27.07445413756,15387.16196812043,664.29036741599
80,31.91550439301,15387.27248439343,817.43575891519
81,28.01599998586,15387.36498739343,633.31033973174
82,21.89116173371,15387.48772913824,624.18608455144
83,41.61825286067,15387.58665493526,693.91494722810
84,22.32690394539,15387.69021530992,652.08321228061
85,29.58989071559,15387.81112863692,711.38922090521
86,43.09016010211,15387.87841826778,743.85149424631
87,27.71828299204,15387.97722848162,696.27532398388
88,28.17993815597,15388.05526716884,640.74511998402
89,21.97188519163,15388.18965525241,628.79527839978
90,40.87977045641,15388.28751311338,652.79758448159
91,23.75191355824,15388.38419230632,690.03294677884
92,40.49550187701,15388.49142207241,821.96891484747
93,32.00800538616,15388.55607341720,826.64973033925
94,25.50509058427,15388.68726693883,784.87746463317
95,38.55359576186,15388.77724426414,751.54793828749
96,22.77056281909,15388.88487124568,626.08696641131
97,40.20100925814,15388.98556149701,649.46718080461
98,23.92981968284,15389.08248161485,748.35704854842
99,48.28021179073,15389.18619643785,923.65483775281
100,23.67501359175,15389.28767531555,738.11387539417
101,26.75513273740,15389.40802800438,574.45706185393
102,41.46812286009,15389.47401345344,681.39078923603
103,23.94867756116,15389.58259888482,752.76602410389
104,32.04321298369,15389.70170518766,818.20071431359
105,29.73188569558,15389.79799469474,801.10743949420
106,29.45683298399,15389.90717619191,713.68259089393
107,28.27876974490,15389.99562559006,641.74741247376
108,37.91928491083,15390.08442713516,733.32406948610
109,24.43238968004,15390.17722041100,714.83009565116
110,28.11654845360,15390.31075858240,712.96382161698
111,43.89514587345,15390.36982836110,752.64496702497
112,22.50116510017,15390.48315640036,666.73348071006
113,40.50873279521,15390.57710385269,659.43439374849
114,24.91423220370,15390.68130127841,756.50703032321
115,27.42381285227,15390.80456935033,677.31821319620
116,30.86447843373,15390.89768184877,760.41957470499
117,36.61191411694,15390.99255403605,676.08239073317
118,23.42899644363,15391.07643686284,663.49991351411
119,25.87357148333,15391.20663193930,602.91528742226
120,39.82155874103,15391.27394722209,653.12212442388
121,22.18797606561,15391.38085609978,638.45877032363
122,39.59853615295,15391.47983729200,645.83258001699
123,25.41456828372,15391.57881485970,776.28922588011
124,34.87119154833,15391.67992457909,608.00000000000
125,24.65322656165,15391.77733726792,734.64960556114
126,40.54640399527,15391.89034342301,822.00271923249
127,23.66144075764,15391.98087561799,732.35886013674
128,29.42811099051,15392.11230055986,693.90462338652
129,42.88371002954,15392.17502154865,739.04447634191
130,22.46014054394,15392.28017963931,662.09812461399
131,41.44475111556,15392.38387738848,678.47981684657
132,29.91250269849,15392.46701980072,815.90429362714
133,29.07471179720,15392.56594445133,757.61803705766
134,29.09898355539,15392.67825507365,687.99253031698
135,29.41889712919,15392.77051763740,779.46199318838
136,30.16525518264,15392.87752636477,730.22351061645
137,27.99743566568,15392.97519057175,713.79735394933
138,31.79658147155,15393.08332543403,805.65284389967
139,28.00212450122,15393.18187927913,715.01438638059
140,30.34475075086,15393.28055702228,738.94296910654
141,29.46456766440,15393.37941922363,786.76464910057
142,29.64094247696,15393.47550137012,708.90823762158
143,27.93876865469,15393.59150021351,699.58587450051
144,30.50936111942,15393.67859712850,751.05099443687
145,27.46892947262,15393.79241983224,679.54378582959
146,31.05872691730,15393.88328914637,779.56785860216
147,28.84568687326,15393.98961863964,757.71420688892
148,28.96479795310,15394.09115311196,760.29146358468
149,32.16568160923,15394.19626573413,824.47111241991
150,28.61802097749,15394.29900645730,746.81520866879
151,29.56343485253,15394.39095563188,705.19792333725
152,43.68810037802,15394.47937855525,775.38686222524
153,24.26170931795,15394.57474847114,763.37686213200
154,37.16403810057,15394.68144440878,706.11672391079
155,25.07660490304,15394.79030369364,821.80897163494
156,40.47926189043,15394.88705925515,656.46331135865
157,29.69095459525,15394.97829088093,803.85209537672
158,28.58647501156,15395.06810352933,659.35062486372
159,29.66910964461,15395.17109509257,793.89126714340
160,31.05785098436,15395.27565652742,778.30751485344
161,28.02565433911,15395.37419657933,699.51943404556
162,29.05597142598,15395.48187890889,769.84617411944
163,29.38433335806,15395.58041020697,701.54134356537
164,28.52510761852,15395.68593335138,732.82328338271
165,27.23127268938,15395.77825257373,672.01131484568
166,28.27857546124,15395.89701677862,641.74300347602
167,28.94333683909,15395.98938277379,759.17660804190
168,42.53126846018,15396.07404260282,742.77667103493
169,23.09394796705,15396.17763782833,691.66277775827
170,43.36380527727,15396.28196039054,774.50232729912
171,26.33330420331,15396.35626573789,621.48829515693
172,27.12213492947,15396.46710361651,669.86731813899
173,29.90428318231,15396.57228672878,722.66965699853
174,25.96875667052,15396.66976095958,607.35808934103
175,28.77462967594,15396.77676387899,750.35053996875
176,29.54088477236,15396.89146471016,700.31214233468
177,28.74132305314,15396.98083592458,752.23241144541
178,39.29428887307,15397.07204552251,772.01028444162
179,27.45277072405,15397.16664950053,679.69867023689
180,27.56421566313,15397.26492387908,688.55388657459
181,29.08168500219,15397.37928675971,761.69591055788
182,28.10934145429,15397.47874812371,720.49895599160
183,27.87177997036,15397.59149454698,704.00386628268
184,27.82209206917,15397.69792351748,689.40427004968
185,34.63821887232,15397.77631301128,618.65837092879
186,29.40278444325,15397.86970116674,783.46145434327
187,28.76201777503,15397.97029115372,745.04175065268
188,28.04050446878,15398.08106297239,715.99439162825
189,29.75226010218,15398.18252432510,803.31102275883
190,37.29533648786,15398.26690026900,693.73336002741
191,28.84048222491,15398.36332363987,754.82765533010
192,28.94273234100,15398.45841342224,749.72292071694
193,29.54885924634,15398.57958001935,801.09567832360
194,29.79287969514,15398.68144259322,794.41472094641
195,26.85289322403,15398.78164993054,661.58466564923
196,28.98540513952,15398.89971110068,761.38430549914
197,39.28029401312,15398.97457310929,747.35856333355
198,28.16588945763,15399.06577339306,726.87642765028
199,28.19480894512,15399.17777040119,724.88628984801
200,27.80614514564,15399.27966814327,700.69278895343
201,28.55889383235,15399.38775001024,738.12448713457
202,27.66672102273,15399.48871145783,687.22709345321
203,34.37849416015,15399.58163478982,589.46838172335
204,22.56220048170,15399.68144390849,673.85100607945
205,36.63373108619,15399.79371691856,661.43923573839
206,27.87159069840,15399.88158036324,703.99908552617
207,27.89446798053,15399.97316110386,709.52911815806
208,29.75238548567,15400.09304338081,802.21171108237
209,28.15216049561,15400.19176286941,722.69397993620
210,35.66497188628,15400.28193897543,635.99755490766
211,28.10677457904,15400.37601143763,710.49567673160
212,28.28767155894,15400.46737136557,726.17268380675
213,29.38183181479,15400.59218228916,782.35161974768
214,26.45095168995,15400.69132644596,627.06052264590
215,35.90047372151,15400.78033902574,662.94480055214
216,30.38572426809,15400.87511582682,832.70191047679
217,28.31904826111,15400.96005262140,730.28011665789
218,27.49758306102,15401.08819616178,681.91788408258
219,28.08974677219,15401.17980471331,715.04821527934
220,39.40544968937,15401.27582138785,785.14802279121
221,27.28087900438,15401.36689488418,669.35514360434
222,29.56901888146,15401.45500611362,798.36350979949
223,28.41259595795,15401.58449400044,731.58986379884
224,29.45691574004,15401.68063338141,763.04215661953
225,36.16188086066,15401.76669329522,688.97636442704
226,21.90647075603,15401.87874121992,674.84731197116
227,37.77000201561,15401.98481538138,577.76993191807
228,27.48979796994,15402.07604922468,677.27632352226
229,25.60001802886,15402.17718401343,665.60046875033
230,39.41115759694,15402.26761331442,606.72705916416
231,23.46960575483,15402.38152768104,777.69080547932
232,38.40145187090,15402.47525136973,745.62132324933
233,29.46452018547,15402.58056909276,786.76338131550
234,26.96148634332,15402.68174517800,658.76572639065
235,27.36457695527,15402.79525368162,678.61943992455
236,38.09695330661,15402.88480633605,723.84211282553
237,27.08101027716,15402.95984295400,665.55405118548
238,27.88582475079,15403.07760545102,699.37292674075
239,26.10052432697,15403.18636899749,622.04728617762
240,28.22118558029,15403.28575028497,717.28461146868
241,29.71130980109,15403.40134812810,800.00149957346
242,34.64177496931,15403.47809240908,600.01314311207
243,26.34214296556,15403.57598934615,632.75998783301
244,27.12967342858,15403.68537830762,662.87513957294
245,25.71120731537,15403.78081393133,592.47459222904
246,38.10396032113,15403.88729278893,748.62403900194
247,27.87134964388,15403.95825538092,703.99299681165
248,29.19363475860,15404.06691120588,771.28676941338
249,27.35265662614,15404.18951309963,670.55861975586
250,25.62518010187,15404.27698166317,598.77443246046
251,38.34362244111,15404.38431586944,720.41126019297
252,25.96298644121,15404.45504632092,613.84758344810
253,27.43310764533,15404.56093559266,685.27880933969
254,25.89734953605,15404.67647845537,664.81073837747
255,26.65135769754,15404.78192427719,646.81038700308
256,41.09094301065,15404.87960996462,676.44229386087
257,22.56864664290,15404.97625474594,714.04002346035
258,36.79824757383,15405.09579494825,698.19765741640
259,27.18896179566,15405.18557952098,673.16706803096
260,29.10935261459,15405.28148789595,755.72274816752
261,40.40307337136,15405.37216106269,653.98087473350
262,24.57766113593,15405.45798054090,616.89439854408
263,27.95722493393,15405.56364038004,703.94493682955
264,26.46042884635,15405.68773959667,634.49879390858
265,26.24072108781,15405.78978355624,627.03793989834
266,40.34861788419,15405.87086029618,814.00274128645
267,27.45402269901,15405.96225621659,683.04813981119
268,27.85508360287,15406.06561467721,704.13331914642
269,27.28853475440,15406.18659402894,670.65425812530
270,28.87986885296,15406.28104308757,755.85850203629
271,35.87259843631,15406.37536339513,650.67000223650
272,28.39137765201,15406.46417077595,730.49199525807
273,30.44055041440,15406.56327171509,825.27021363039
274,27.32024717256,15406.68300148127,676.41754125252
275,27.78426430206,15406.77841995381,699.58989939785
276,37.35553596803,15406.86682096213,719.51843689176
277,27.90797487919,15406.96863350537,700.48461008798
278,28.47261225012,15407.05932776170,727.58528047898
279,27.59193284955,15407.17914001331,701.83377566786
280,28.65467107565,15407.28980835192,739.49040303858
281,34.69979519181,15407.36603358199,602.01894629023
282,27.12443025754,15407.45679556642,659.40823290776
283,27.39934115327,15407.55724135372,692.07069394241
284,28.40501230686,15407.68033930395,718.59628683832
285,28.67077393114,15407.78649325305,822.00663887856
286,41.38322271367,15407.86528409106,720.35342021627
287,27.81171303814,15407.96116800257,701.93590192261
288,26.99282049853,15408.06621875594,656.20873497186
289,27.16646590513,15408.18317378257,738.00843483909
290,27.00641214973,15408.29227594426,660.96779953591
291,44.29046472463,15408.36534800520,777.29450131927
292,28.14262209074,15408.46619262296,807.84522947731
293,30.54914035654,15408.56789576353,827.08659328487
294,26.46530723577,15408.68282288071,641.74959478388
295,30.31105741288,15408.79039536791,823.43489645335
296,40.86618964024,15408.86672755550,861.10404849595
297,29.85553896669,15408.96816284524,797.76324169021
298,27.87271430171,15409.06742127287,708.42768074383
299,28.92211122263,15409.18556506853,758.06834228422
300,27.43850066315,15409.29557161623,686.51106725946
301,40.67949872815,15409.36799920281,834.67352938839
302,27.58729919885,15409.46837380826,686.36402055808
303,27.62894753425,15409.57765006527,695.13026375732
304,28.99904208092,15409.68505043135,758.42336334122
305,42.00023782388,15409.77932767649,882.00499430147
306,26.05497586617,15409.85601621125,614.36727017890
307,28.68005002828,15409.97181349764,741.81047807302
308,28.28586045772,15410.08147271552,720.59582727779
309,27.15159647598,15410.18527873842,672.24194617869
310,40.37456556597,15410.28415645349,831.36318834043
311,27.44663235957,15410.35426426770,666.67638360014
312,27.48647726800,15410.46878775607,693.18258138549
313,26.85192331400,15410.59633114902,721.01289271520
314,27.71837010965,15410.69753629501,703.95929341870
315,38.94905659070,15410.79232864825,609.64916737399
316,27.27733678940,15410.87708574141,751.48939091824
317,29.36522228776,15410.98516602880,768.00021844167
318,42.87258710349,15411.07506265691,736.36086524150
319,27.75409051011,15411.15073847278,774.63252687560
320,28.01559592719,15411.26470808328,723.54039369525
321,29.76725696433,15411.38071845536,784.18503779603
322,28.63002559022,15411.48232224740,752.04924842363
323,39.64830277531,15411.57812708152,785.99697823494
324,27.41028205897,15411.65924662771,660.69583761580
325,30.68481605975,15411.76438600024,866.81210964289
326,27.06050635971,15411.88168771873,675.97123220803
327,29.91722286127,15411.98556514167,807.21080448421
328,36.57884073490,15412.07703774703,661.46034633184
329,27.51289451571,15412.16470828320,681.74265664142
330,28.28703063167,15412.25848067867,737.63551252011
331,26.50491073358,15412.38934214912,687.59684931347
332,27.97997748893,15412.49123003697,718.27387077998
333,43.97155935415,15412.58259905559,804.81168029041
334,27.38488314563,15412.66923131824,757.42844285659
335,28.81202117320,15412.77161295001,735.69452341542
336,38.82948823914,15412.85919910845,604.04507776580
337,27.11880043052,15412.95249332786,751.04880088995
338,30.69082352580,15413.05699110621,848.31123981733
339,27.49680663265,15413.18132464079,681.89862928499
340,29.81015576622,15413.28091936996,814.20480135979
341,27.89145296200,15413.38798102314,700.62530399435
342,36.05549556204,15413.47987963931,649.99969005599
343,29.87617849209,15413.55384005582,804.99532046931
344,27.69837165135,15413.66952212575,707.25827282033
345,27.49285950306,15413.77287948841,668.93014254376
346,36.12575466276,15413.86339376813,672.94824617803
347,27.49808930941,15413.96109201159,688.55127777378
348,25.74236749145,15414.05393193199,586.45158558039
349,26.02286522138,15414.17831830579,692.42340814388
350,28.67590982709,15414.28576032289,740.59388705447
351,46.06123945355,15414.35765841667,859.26128007678
352,26.97540229136,15414.46018041464,721.30833564999
353,28.75367683141,15414.56027622175,749.25262720254
354,29.44603460855,15414.67833023792,789.57113552028
355,29.06890172269,15414.78661757103,765.78765129134
356,26.81886633990,15414.88878984629,648.66183884837
357,36.57831792164,15414.98086958926,682.35967275909
358,27.79158581956,15415.06534710219,690.32867066342
359,26.18516062792,15415.17223362184,697.23368371803
360,28.69773935051,15415.29159495609,741.71304618309
361,27.96313548728,15415.38938960372,705.20344428692
362,36.52517865040,15415.47912151738,680.38869066063
363,27.69981242752,15415.56457301158,699.66019626359
364,28.13274441650,15415.66379876539,717.24706375327
365,25.57066247232,15415.78489534818,592.55562141433
366,26.72084811182,15415.88767961892,714.00186190495
367,44.30087925371,15415.97027968007,786.26260837927
368,27.41681228205,15416.06317480660,685.42030705127
369,25.95511039154,15416.15945120972,672.83336098440
370,27.09664763361,15416.28406212433,665.38685944875
371,26.60621271736,15416.38824518438,642.41746058093
372,34.96515421088,15416.46525599882,616.61721091464
373,27.22041513122,15416.56426142508,667.31667965785
374,27.80882610238,15416.65955510406,705.16076912350
375,27.23944999612,15416.77307423717,671.66098795701
376,25.35927289814,15416.89165459464,649.51429975109
377,27.68645897155,15416.99153927224,686.04341435181
378,40.02292630991,15417.08495720634,652.75417401098
379,25.77171765409,15417.15972285759,667.08437147364
380,27.47479058304,15417.26601428212,680.79847840256
381,26.11281199505,15417.38376094758,617.94191649523
382,27.43229061856,15417.47950133060,685.25840001752
383,37.31185714839,15417.56882013821,690.01720404698
384,26.96628596280,15417.65327100600,662.18569065811
385,25.17609864986,15417.75509832321,637.40790676683
386,27.14180344789,15417.88069505125,667.60009295558
387,26.80282723344,15417.98339873745,651.03841142156
388,40.40644802052,15418.06146793199,806.10610627311
389,28.57461018986,15418.15760096885,733.53868405426
390,27.47749365556,15418.24754482121,698.38254331282
391,27.16770003348,15418.36707254305,666.57821965308
392,27.62382927124,15418.47723543330,754.48966456180
393,27.58636656138,15418.58189505510,689.65916403451
394,28.43445653966,15418.69670443139,732.70469059539
395,40.10484480508,15418.77019504063,838.37353135630
396,28.83781062768,15418.86161754935,745.33328582661
397,26.32236878825,15418.97028904176,620.11389255250
398,26.79852914225,15419.07204478794,733.41851079498
399,28.78547163126,15419.19568809230,733.32366094039
400,28.06423174763,15419.29129187364,722.61990816512
401,35.78203043564,15419.37452083189,652.96078197565
402,27.45964660158,15419.46779385238,687.58867359798
403,28.30832494779,15419.55558353851,721.72350652956
404,27.76234240508,15419.67581843887,698.48641084274
405,27.34445476290,15419.78945388646,739.31234251218
406,29.02753267573,15419.89147502208,777.80789082316
407,36.23449068912,15419.98706741887,662.20948149129
408,28.60472385391,15420.06588859579,741.51919218706
409,28.46058023122,15420.16444321119,729.50191226835
410,27.10550510869,15420.28060055952,738.84257223543
411,29.15969883692,15420.38338368385,762.06740434532
412,36.78773112984,15420.47134900471,690.19901543811
413,27.87182488273,15420.55434075180,704.00500070901
414,27.83096502474,15420.65495747230,698.55167808207
415,26.92920545379,15420.77821907500,736.50269216519
416,27.78048644791,15420.88194690930,695.06754886050
417,26.81727900955,15420.98190408461,655.79077393543
418,35.94472502458,15421.08411248185,646.00581424701
419,27.03974242617,15421.16446906781,722.01682047427
420,28.83909639353,15421.26879717071,764.10000884603
421,26.34495903477,15421.38963770850,628.97727616348
422,26.70819951134,15421.48285936093,723.59014235603
423,37.40766604433,15421.57127640348,679.54400007045
424,29.09018110619,15421.66847007533,766.90015814954
425,27.74000183393,15421.76330770967,705.05459031777
426,26.89715089567,15421.87544882832,730.69218143661
427,37.20406791865,15421.97584006891,686.00911633619
428,28.74181077752,15422.04861116938,752.24517641402
429,28.28327167347,15422.15298632474,724.95713732378
430,26.03858251455,15422.26881177262,678.00388967242
431,28.31501292309,15422.36389266960,718.55447406693
432,25.09876948330,15422.48953968335,643.33194140464
433,26.11243458281,15422.60157322308,617.93298529153
434,34.40951436873,15422.67414306978,592.00366976152
435,27.32178363511,15422.77735651430,679.75807017008
436,29.48402664425,15422.87708676555,860.61040473564
437,28.82730691032,15422.99046613644,757.77992450181
438,38.18884279871,15423.08277648791,735.56905998477
439,29.81215550028,15423.15926724770,810.43016411548
440,26.53338033564,15423.25953271548,696.97488312323
441,28.26186531389,15423.39216801896,723.85693914577
442,27.58104486774,15423.48825547278,768.31900401655
443,45.25480909689,15423.56698193380,831.99954223658
444,27.42089651111,15423.66700305787,759.41528080352
445,28.40258448179,15423.76802925279,723.01176325061
446,26.05898142048,15423.87391400549,685.00928771596
447,28.12150719838,15423.99603709311,709.75475302958
448,36.03671580032,15424.06736356592,656.62021141856
449,27.97627177293,15424.16194812815,712.70890742362
450,27.03349575707,15424.27447716519,729.90438544085
451,28.15200500106,15424.38081699139,722.68998823638
452,37.74749607873,15424.46594469617,714.21614288429
453,29.16637745650,15424.55346978611,766.13805936997
454,27.67108106954,15424.65404512325,774.29598583316
455,30.24573672068,15424.77934050861,823.88409719702
456,28.42320231605,15424.88189862615,812.42641342312
457,27.34252933676,15424.99133719489,677.52117388782
458,40.50589140935,15425.08345311306,811.12984335749
459,26.88461735978,15425.16930687460,659.08449610025
460,26.40974576041,15425.26637162086,703.21372414839
461,42.84791802020,15425.35946527361,745.84921789582
462,26.13471771234,15425.44941827339,683.01173485116
463,29.68878318093,15425.54862186247,791.63903077680
464,26.91662927985,15425.67353810092,737.63351589628
465,27.17435962584,15425.77898888256,673.35409268813
466,27.06625543598,15425.88600259911,735.78409433594
467,42.67910934796,15425.98209137666,721.76923124653
468,26.98829127706,15426.05920245827,735.64755452545
469,28.32649674050,15426.17484399777,727.16936486034
470,39.69858135307,15426.26406050359,787.99434034121
471,28.21904031051,15426.34547443892,721.65747441177
472,27.18468933092,15426.45549202259,739.00366700025
473,28.29105047213,15426.57614573914,721.83771200163
474,27.82871233050,15426.68165659241,782.17991004577
475,42.95452711018,15426.76561131202,759.94316101154
476,26.71649639791,15426.86406279750,712.88503982265
477,28.10743679788,15426.96647033494,710.51241659703
478,26.86252532757,15427.08014050453,734.67901814109
479,38.26407705477,15427.17872477188,586.57719382918
480,27.71882138952,15427.25895226017,751.99277362823
481,28.64039901666,15427.35735690520,757.21228636852
482,27.40273023177,15427.48452593117,758.41728098910
483,27.89328474177,15427.58900261202,705.09898470009
484,36.36167832667,15427.67453591125,668.50132232301
485,27.54217217574,15427.76629003445,687.45173474395
486,27.89912191232,15427.87516832968,786.14161368153
487,29.11093841442,15427.98357854238,766.89506084297
488,35.32711189926,15428.08472564333,624.00120878454
489,29.62874040525,15428.15214413030,791.70300758135
490,26.19088915579,15428.27108754480,691.95516255758
491,26.54085322732,15428.38795400246,635.31950858579
492,24.58351516302,15428.49270920490,611.13649586823
493,32.92431226166,15428.58382274887,542.00258446972
494,27.45351756238,15428.67905829742,683.03557215807
495,28.87986790324,15428.76704414355,755.85847717976
496,37.77555690107,15428.85975248478,719.72102220549
497,26.61185528432,15428.95982961069,705.08862624120
498,29.64974222592,15429.06114938302,796.69028395840
499,26.20512357850,15429.17263637594,685.85371888508
500,26.88518674317,15429.29571754773,659.09845470569
501,36.32404816535,15429.36456364916,633.33142069229
502,27.01002850993,15429.44912745583,672.54428617501
503,24.85129179150,15429.57278198290,620.28744659959
504,26.34545557306,15429.67922689207,625.11498584270
505,36.35228916234,15429.77000718292,662.37023172672
506,25.01453699681,15429.85432699995,638.23844824501
507,26.30832916034,15429.96149600394,616.42385789452
508,26.27037623453,15430.08437364202,697.03184857116
509,37.33397346524,15430.17504931204,572.31897579521
510,27.78589046491,15430.25256223931,773.02724318754
511,28.07218703190,15430.36561832663,706.28194402052
512,25.13714292286,15430.48692518773,635.42799341334
513,37.66468026125,15430.56155478389,723.51488122786
514,27.52600197248,15430.65769194514,690.89716622013
515,26.19564474080,15430.78273738912,693.07161417159
516,29.00589828286,15430.88949205585,762.47453427653
517,41.62010114051,15430.96961373986,866.05820278070
518,27.42263078829,15431.06456488912,665.52866214584
519,27.76439655015,15431.17275692818,786.27672995373
520,39.80166289629,15431.25508167068,800.99301468265
521,27.14141026968,15431.35957732983,667.59042205025
522,26.97005979326,15431.46650483487,734.65571592221
523,28.74636144257,15431.57868159426,754.55776523257
524,39.14090106192,15431.67170233554,766.00253398065
525,28.60474595986,15431.75363120886,741.51976523878
526,27.23732694917,15431.86381175717,740.93539847179
527,26.97853727057,15431.98194940426,656.41614252662
528,25.73206446191,15432.09176241430,672.48868661517
529,35.05239041066,15432.17888264103,602.04457615937
530,29.76963540932,15432.27907795291,812.00739353064
531,25.74909294858,15432.37985608158,663.00789379041
532,39.14880392873,15432.46397388961,631.25549562206
533,24.79137802621,15432.56785490432,617.30033464410
534,30.26633542947,15432.67149493469,825.00056837841
535,26.79343151610,15432.78319606555,721.93259239907
536,41.54672516079,15432.88219111046,855.49943164956
537,29.18673471191,15432.96861265765,784.24924534830
538,26.45972847664,15433.06822031743,697.05190506431
539,42.67979628756,15433.16049023451,721.78084844924
540,25.67157262988,15433.26096863512,654.49924892196
541,28.73344479173,15433.35496143797,757.49557125539
542,27.23344512591,15433.48271061641,745.81861070204
543,35.06073264778,15433.57144084429,640.75827052708
544,28.08928212955,15433.65528465270,715.03638740893
545,27.56859663116,15433.77016949657,760.01375998137
546,28.56495805532,15433.88648784603,732.17732582856
547,38.35126536116,15433.97415453684,743.65862639081
548,28.21045232368,15434.05953573838,811.75545924483
549,28.49039280891,15434.18233594158,727.48197127407
550,37.78923674082,15434.26839285635,705.96120169273
551,27.93220511448,15434.35364448102,784.59172640147
552,28.05301215707,15434.48139478260,785.98512740487
553,36.91371306372,15434.57913840990,711.96591415597
554,27.98075327835,15434.65411253826,709.52040297458
555,26.02668631636,15434.77202854074,684.16035022608
556,36.67828347966,15434.87257791331,659.18947406771
557,26.00162108886,15434.95547255780,679.03570752032
558,26.64568425568,15435.06626659059,713.98501904981
559,35.70710374046,15435.16439054860,657.43750296390
560,27.62606545907,15435.26313741004,687.32851389377
561,26.76592878407,15435.37635354027,727.61984811776
562,40.15191531382,15435.45947148282,796.99276253115
563,27.00698176271,15435.55533141620,726.18153186549
564,26.94122758908,15435.67808128607,741.25104803496
565,28.04746300557,15435.78045226351,700.62540131976
566,38.47117170199,15435.88149909189,740.00776299037
567,26.32626568487,15435.98061260462,700.00149377821
568,27.39300951882,15436.09177021141,762.09695916301
569,38.46987156698,15436.17438538330,739.98275439400
570,26.69635571945,15436.27231018916,719.81217142013
571,39.24425593778,15436.36659401225,770.02790552178
572,28.26216225837,15436.45015996231,723.86454463540
573,26.08992396777,15436.56780683269,679.84154482141
574,38.10336602967,15436.66409111884,735.89823042385
575,26.10158232040,15436.75765162426,688.11216872106
576,26.62673690610,15436.86976328586,704.98025923074
577,33.24902754235,15436.95663640439,551.37274501080
578,27.31335264363,15437.04991742570,681.19304363669
579,26.97267630311,15437.18021270764,735.71652055162
580,26.56756427217,15437.28717985793,708.91103504266
581,39.05579820777,15437.37579284910,771.29021497881
582,27.12337587805,15437.47412552267,728.30178581067
583,27.52083016624,15437.58795169366,772.54651724980
584,44.30495093017,15437.66988918799,788.82722479969
585,25.86497264585,15437.76797839026,668.99840498351
586,39.70313316898,15437.86259904220,803.92717406974
587,26.49353259809,15437.95027403465,708.91861661305
588,23.86239719919,15438.06075206028,568.70656058483
589,42.62295481811,15438.16159487959,898.12138777422
590,28.62198050874,15438.25668678474,757.26642456256
591,25.79078431251,15438.36489960042,668.07590639838
592,40.29936496610,15438.45509960790,812.00970410977
593,27.32368460214,15438.55210502494,750.78007690595
594,26.56737658133,15438.67412864472,712.87752023625
595,28.08945187455,15438.77970253682,789.00865325881
596,40.58295101396,15438.87951437327,661.88790052266
597,28.28477701869,15438.98304362346,800.01430537055
598,37.71554193525,15439.06948499515,725.47293421864
599,26.76951502596,15439.15360845628,723.76769013560
600,26.64612607930,15439.27836653118,713.99685794443
601,41.50202295865,15439.37547419930,851.55031558155
602,25.25747090082,15439.45550498810,647.89228448034
603,28.64694177744,15439.57781027962,743.71786460770
604,38.72987270624,15439.67656227717,750.00075995999
605,26.23320682386,15439.76792436288,695.05622827572
606,25.30209894873,15439.88120244425,636.58793712782
607,35.67371069342,15439.97015688939,657.79072338918
608,27.64057669416,15440.07282719560,764.00073999238
609,40.79826279737,15440.16433241014,674.09793168978
610,26.04385084326,15440.24766711587,679.14054023236
611,26.76978004023,15440.36754788434,723.77485532936
612,38.10566173674,15440.46829723392,726.01036402477
613,25.46916623076,15440.55490363242,652.32894239764
614,25.58987713498,15440.66430774618,661.38818425440
615,41.51804469085,15440.76211599302,673.30953742859
616,25.93066499472,15440.85799160698,676.18901440821
617,25.87617272996,15440.97272793003,676.25485081300
618,39.04175148646,15441.05043533847,746.91268528643
619,25.36485034146,15441.15387127255,657.04265435262
620,26.40082129616,15441.27894551272,697.00168255378
621,26.86505883560,15441.38807841418,651.99676877678
622,37.47002372459,15441.47793385866,702.00066948001
623,25.23841911804,15441.58186559370,646.91144241139
624,37.47020127990,15441.67194710030,702.00399597774
625,29.17047559724,15441.74891431761,859.41587675706
626,26.68756484066,15441.86737917146,709.10622525112
627,39.25279029930,15441.96933071666,641.39587842218
628,27.33149622753,15442.06167768377,747.00534299857
629,25.25058746861,15442.16146609491,634.78992577564
630,37.73907788929,15442.26289140178,730.81410083232
631,26.74845017892,15442.36125799005,709.21234453637
632,26.12577416953,15442.46904065929,690.23484483047
633,41.13310750064,15442.55616466518,845.98313299668
634,28.71789147656,15442.64873267536,742.23389190607
635,26.27664754337,15442.78259425342,695.21474688254
636,26.82444598214,15442.88352892357,726.73954223672
637,37.98198532955,15442.97732033279,727.63016286698
638,26.05677570694,15443.07434060530,675.97122131255
639,35.33601478655,15443.16984900873,643.85283132901
640,27.66942946093,15443.24157096549,689.51862910053
641,27.06968085171,15443.36379745248,736.87231422230
642,38.41993851813,15443.46791616976,738.02291857842
643,25.51974395819,15443.55336381681,658.58741477999
644,26.22982835964,15443.66412549362,688.00194788531
645,36.88998972447,15443.75850510531,694.08101474006
646,25.83815635625,15443.85794845825,674.27192627986
647,29.85606015215,15443.98058069765,793.85686352198
648,36.25903792528,15444.05787337408,670.54716336226
649,26.49762499336,15444.15492375223,710.01769382696
650,26.34528241273,15444.27700829773,701.00237162772
651,38.10035888517,15444.35945082898,715.84075292912
652,25.78437130058,15444.44905758298,669.40121262866
653,26.62183139721,15444.57824067097,703.84416808855
654,43.92637446045,15444.67372043654,764.62179611342
655,26.24253904497,15444.75292673302,704.16121448093
656,25.97354063981,15444.87026334477,670.80157313188
657,37.20277713857,15444.96752845659,685.98531552765
658,25.63021558309,15445.05383132881,673.73837209083
659,26.15904114966,15445.16404195745,688.13693422004
660,36.31430226625,15445.25646137500,672.55028981937
661,29.10565035997,15445.35108614257,754.50469136596
662,25.98414272722,15445.46345310179,681.06217596902
663,36.34740653745,15445.55044538677,677.07716311620
664,27.33794691036,15445.64977585462,743.16990601166
665,23.84514296872,15445.77511767641,580.66717663109
666,26.94510668259,15445.88376531335,726.01938680919
667,39.70279800226,15445.97376718434,795.04791041319
668,25.84588083079,15446.07134216985,668.00477794250
669,43.63243025694,15446.16440720876,781.73925282710
670,26.44536123440,15446.24015727574,704.16205929457
671,26.54378396874,15446.35836782869,692.68596801510
672,36.14762731337,15446.45753288157,681.07348424168
673,27.44994821680,15446.54959091273,757.73790898557
674,26.32843869199,15446.64828009341,697.08239502536
675,26.40018550153,15446.77504527761,703.94994417237
676,35.98392874776,15446.87348345859,654.67020354456
677,26.01991135763,15446.95445190209,680.01135472956
678,28.15640097184,15447.06024431689,709.51895778849
679,38.12949745590,15447.15977027815,743.28074034717
680,25.33246401474,15447.25879583691,645.35663997100
681,26.97801176910,15447.36729925904,731.89511242672
682,25.66651853303,15447.47606206146,665.35220497386
683,35.88914472180,15447.57577592563,644.00767716977
684,26.87923381359,15447.66867177727,729.71055636380
685,26.89033801851,15447.77267707068,719.03376089435
686,37.78570440840,15447.85103614585,721.89486910368
687,24.95007463906,15447.95881828594,628.72207894603
688,27.16343932758,15448.07487711010,668.68421267336
689,28.05594380126,15448.18319894732,791.55558372944
690,38.40181402950,15448.27042872455,745.62835509734
691,26.19141288153,15448.37383286169,688.98850153088
692,38.63295297166,15448.47051394104,748.12391737023
693,27.76231519985,15448.54152791016,782.77914220956
694,26.28194233999,15448.65804186891,686.85934282807
695,38.15873256878,15448.75762476183,728.02221747490
696,25.76392566552,15448.84336952880,673.32135587114
697,26.64972338682,15448.94731237225,707.09706592669
698,40.09515912783,15449.04547406895,812.85457114714
699,26.96502477860,15449.14561310967,738.46761674636
700,27.45009830772,15449.26158917790,757.74205214755
701,26.52421642055,15449.36680072141,691.66694193986
702,37.65736587424,15449.45964893587,731.17378654396
703,26.72531319118,15449.56282587699,711.11433295777
704,26.03203829932,15449.67842062869,688.25085949385
705,26.64099959096,15449.78363355663,712.86456440967
706,37.21729972431,15449.87210804044,708.10742006730
707,26.66469132703,15449.97479126368,711.00288177705
708,38.42270351128,15450.07067460872,752.92814512708
709,27.36928937968,15450.15089985945,757.49174839057
710,25.70575785896,15450.26616805152,653.35116719030
711,39.65342989214,15450.35881854680,793.06859784286
712,25.12865754622,15450.45803200820,634.21864286529
713,26.84529231483,15450.57236552142,733.71675764081
714,36.82406001844,15450.65777405435,678.00284905439
715,23.98503776785,15450.75414614484,638.20034628758
716,27.43811799845,15450.87447585286,760.38743099808
717,40.93964271338,15450.96701574993,838.01358626458
718,27.25807183269,15451.04365002495,743.00124001710
719,26.40128630769,15451.15952909062,697.01395921053
720,38.49176799587,15451.25488164751,747.37494519136
721,28.02200500467,15451.34893657655,795.05495118760
722,25.90155279607,15451.46111757496,681.36347317365
723,24.83028501195,15451.57732934695,615.77104354740
724,39.54717350351,15451.67292096400,781.99473301143
725,26.95528774923,15451.76521824170,734.74794349457
726,26.62900756152,15451.88038223942,702.01660263816
727,36.27676835103,15451.96006464388,658.00098049787
728,25.49031646388,15452.05417598949,662.74822806095
729,37.47298202665,15452.15426193237,710.01165703607
730,27.53233765172,15452.24163615863,758.01480813941
731,27.61415991787,15452.34842944021,758.25888606019
732,25.67326272836,15452.46862817407,676.82044242766
733,37.24127207823,15452.56293770773,685.68453773999
734,27.23337450528,15452.65890481232,745.81667667650
735,26.84561070025,15452.76307898415,794.55751770997
736,37.11318743923,15452.85261654761,704.17322122031
737,25.62420120902,15452.94961403552,660.28947634090
738,24.38237227365,15453.07738398284,593.74956511194
739,39.58866793433,15453.16097599561,776.78575688132
740,26.03507841719,15453.24164276295,695.19022198158
741,28.03676553467,15453.36694495559,787.02951320593
742,42.38305270649,15453.47026602149,906.04618128522
743,25.86554037786,15453.55570738726,669.01308939139
744,27.93174114388,15453.66692273680,784.57869386478
745,35.42269311943,15453.75671488080,645.43218571804
746,25.50566736499,15453.85728864678,715.97820174496
747,36.72608013235,15453.95468217548,687.08204507230
748,26.33877942585,15454.04509649089,692.86511005911
749,25.88831754473,15454.15910824680,681.50719351354
750,25.68943691903,15454.27609456889,728.42125452937
751,36.73585500578,15454.38333350564,661.24539010405
752,24.74935570189,15454.47922811818,618.73389254720
753,37.32746904879,15454.58081263129,706.26885852392
754,25.98521671134,15454.65620424984,749.07767697462
755,26.91548407914,15454.77083973918,731.68544217828
756,40.89054140160,15454.86578751449,836.00909397958
757,27.85992587138,15454.96365561288,779.58026698002
758,35.46685271193,15455.06699443962,768.08462669481
759,28.02008799967,15455.15562957559,788.55517407183
760,25.99985200251,15455.26518354116,675.99615206525
761,38.65568272269,15455.35393278100,755.51837183574
762,24.85673686496,15455.45415061632,681.18344302257
763,40.27288065620,15455.56131374750,831.22289090506
764,25.23891308508,15455.64774651645,637.00136685665
765,24.06960723615,15455.75900141961,642.70809288059
766,37.47032858475,15455.84756213408,702.00638103325
767,27.42059187886,15455.95188653468,759.40684408492
768,33.28684029542,15456.05145496956,554.00343420250
769,25.07815837283,15456.14521631206,697.69581995772
770,27.43041860059,15456.24725580888,748.20206579857
771,25.83771606081,15456.37246528228,674.26043634041
772,35.87344631256,15456.47250444416,650.68538131869
773,25.23977258997,15456.57516024748,706.71363251928
774,38.24794546740,15456.66709497669,739.68006215281
775,27.13416896993,15456.74922192967,732.11990513945
776,24.36449917917,15456.87386468069,661.88977129558
777,35.49569901213,15456.96668665211,615.82736148725
778,25.41718586451,15457.06728606362,656.92485818159
779,38.70031456692,15457.16948865654,755.40000425436
780,25.49708727187,15457.26261781797,717.55163981741
781,24.43417219146,15457.37259613020,597.01438516767
782,37.93909380533,15457.46596678192,727.79800815010
783,24.32354273409,15457.56936867184,598.28004507753
784,34.14053816131,15457.67251643291,697.16951759139
785,27.35755538507,15457.75753221212,751.71075332787
786,26.77577739649,15457.86849944089,720.95987059629
787,40.04936612207,15457.96184803688,803.98541397983
788,23.93788320728,15458.06124193515,629.25223594331
789,35.58237608320,15458.17019034499,659.95476191763
790,26.49329455437,15458.26660793789,708.91224699716
791,26.36943536845,15458.38157513162,768.34218046506
792,36.60534715344,15458.46298130234,669.98785994593
793,26.51106770574,15458.56565254109,705.91162904930
794,36.43670499432,15458.66733983391,678.74060905657
795,26.05467812359,15458.76781361981,749.27021194403
796,26.20823969429,15458.88042295044,688.43413717846
797,37.48506027132,15458.96548169045,707.26670266735
798,25.51482901154,15459.06345014558,651.00324973596
799,35.11072753765,15459.15895265084,737.32527829069
800,26.34617809125,15459.25911023685,704.97567873755
801,41.22276794578,15459.35154549706,832.65909688273
802,28.90075732890,15459.44013644456,851.95981698999
803,25.16320637212,15459.55405989077,703.22045746475
804,34.85947919589,15459.64992140569,600.75738619950
805,25.44128235781,15459.75767040251,656.56255815774
806,33.25748340755,15459.85143435380,664.31771076715
807,26.81532420685,15459.94348994004,715.01944474145
808,25.23791514051,15460.05341603585,646.89852445358
809,37.63074552778,15460.15231874927,708.01825200880
810,26.17973268219,15460.24919242372,756.49915185976
811,32.73853192242,15460.34555665240,541.91912998830
812,25.97268783896,15460.44246143491,670.77954840449
813,24.76195765289,15460.55692434738,689.78832138542
814,25.94218130460,15460.67960140294,672.99838541835
815,37.73533186375,15460.77398644800,711.98881762901
816,36.38682597909,15460.84422381646,662.00027620804
817,25.40023556405,15460.94612373866,708.47991509970
818,26.89086429891,15461.05830541569,739.37652691517
819,42.57834522764,15461.15068832072,904.22612355992
820,25.33034371185,15461.24331726877,638.80696206960
821,33.89667817820,15461.34776906274,710.21427997163
822,24.81091318795,15461.44615007016,606.72702684622
823,28.52002139999,15461.57125553539,826.09658619947
824,26.98305539833,15461.68346833089,804.52955986812
825,33.16019874865,15461.77100154877,560.78984600316
826,38.26337969221,15461.84241081194,721.95200413008
827,25.90012599483,15461.94655180276,678.36578422853
828,24.24916811177,15462.07325073336,649.76911795896
829,37.30330072400,15462.15103205116,701.85741479056
830,27.13614599093,15462.24872080598,744.63878873483
831,23.73457025850,15462.37774180146,612.97715578327
832,35.31653569329,15462.47701152388,637.65665372553
833,24.93096058660,15462.57385118431,624.27045657159
834,35.94117015551,15462.66292269880,658.81253121157
835,23.67841851826,15462.76435704978,621.98117128492
836,25.62449319905,15462.87682417848,660.29700039784
837,37.69234968977,15462.97632079526,704.15120220900
838,27.39390233784,15463.07232180775,753.70577493365
839,35.84080830209,15463.16780132297,782.77506887964
840,26.28245526923,15463.25705984519,683.84908205003
841,25.44025315906,15463.37067951217,660.95716543362
842,34.26118182827,15463.47236607096,585.45533171948
843,23.73729342316,15463.56985588313,625.78276889417
844,37.73615507636,15463.67510608885,712.00434997355
845,26.52540445905,15463.75467646920,705.79510755964
846,22.80490856047,15463.86927848191,580.51819754811
847,39.08993763897,15463.96764641310,764.00580613257
848,25.96994345938,15464.07225834808,681.18523085784
849,35.32797103108,15464.17324036973,624.01638407810
850,24.99666640206,15464.26794983245,693.17878769111
851,36.44180273775,15464.35307193324,664.00124669309
852,25.97025611287,15464.44134433137,681.19343168216
853,35.74453682905,15464.53983883889,640.41602424728
854,25.42835342945,15464.64518746889,716.52028551708
855,27.10001995870,15464.77141068441,742.65922360342
856,39.03864852119,15464.85806434662,762.00401957963
857,25.59335707803,15464.95148607427,722.98402566443
858,38.10548230435,15465.04430892254,726.00694537847
859,27.00640304476,15465.14695720944,736.63646341283
860,24.59698782551,15465.27301666655,605.00590501529
861,36.06231097135,15465.36930157912,786.78673714980
862,26.54823938919,15465.45431850811,707.89773938560
863,39.10766322375,15465.54825915940,773.30397983176
864,27.35144467152,15465.64457618701,756.50358036075
865,31.02938535807,15465.75082765840,570.46830887132
866,26.66072235802,15465.84823641313,722.79573583324
867,26.67902441811,15465.95969412765,714.87838610613
868,33.91147795526,15466.05366044214,581.46072189815
869,24.49207627564,15466.14547446179,659.46933606624
870,39.14084507031,15466.25256140090,766.00143820317
871,25.91450113541,15466.34970613342,681.21135196513
872,25.25565324725,15466.47024576126,707.60914101094
873,39.34891591411,15466.55918030068,776.08193151657
874,25.63202307631,15466.65394259275,657.00030349209
875,39.20038444641,15466.75757028421,773.15243306242
876,24.44045111770,15466.85617614537,660.79676206946
877,40.09676755850,15466.94641985290,810.90693940413
878,25.49407080982,15467.04518198634,656.44138321755
879,25.47281171280,15467.16224573932,710.50425631418
880,38.52407680134,15467.25871753837,756.87801821076
881,28.75183200736,15467.35526339974,831.32082699745
882,39.40561989628,15467.45916569282,783.17120565490
883,26.20395607879,15467.55715568256,747.15745758696
884,25.53901051792,15467.67179030077,659.57924909931
885,34.23203978007,15467.76289793193,598.81613165998
886,25.21740615461,15467.86372833850,694.73839539300
887,34.60946190348,15467.96852119739,619.11287584690
888,27.04370638069,15468.06917732021,723.13475174804
889,39.10441393802,15468.15907515246,771.25959876718
890,26.53192056283,15468.24840368993,788.85071017092
891,26.07778468648,15468.36966776764,683.01894992003
892,35.29172486369,15468.47612619296,631.31756670748
893,35.88878427271,15468.54698484466,644.00120914209
894,25.16277422754,15468.63881319305,703.20838058943
895,26.36298503970,15468.75943687394,695.00349009300
896,36.71534709551,15468.84448692464,674.00417807308
897,24.06958137172,15468.95654180991,642.70740224709
898,33.52614120150,15469.05582916589,562.00053596548
899,28.56023498190,15469.15579101295,822.81238957840
900,25.45106377157,15469.27840275026,719.41473507034
901,37.57630065183,15469.36275918483,705.99459264844
902,26.79040506003,15469.46276945885,720.85607549298
903,37.80032255191,15469.56704216653,708.18881602655
904,26.04737142443,15469.67229599375,745.88320644747
905,35.87568755881,15469.76665099750,669.25227330250
906,28.95526089889,15469.85734066349,833.69029852597
907,35.98698700715,15469.94563601614,669.39665289954
908,26.42442796780,15470.03760144031,766.76386930030
909,37.72614230114,15470.14435124226,727.63548182345
910,25.29836000813,15470.24605046363,640.00350954073
911,25.85971824802,15470.37973776514,741.86299134982
912,36.93243996761,15470.46228590136,682.00128048899
913,26.72099503835,15470.55860515179,714.00578789634
914,37.41662516245,15470.65409606487,700.00095963610
915,24.99381206269,15470.75365621121,698.48650019368
916,39.15711391796,15470.85844156445,753.20212495856
917,26.47104881857,15470.95241387294,710.78586284841
918,24.89330959302,15471.07018083503,678.54248859830
919,38.34280787672,15471.16200731696,756.23837926531
920,23.97959212226,15471.26378261882,575.01041908070
921,37.37693672345,15471.36894442000,700.25668507256
922,25.25236851139,15471.46341405601,710.21584980152
923,38.67835978229,15471.55995750165,748.00387885198
924,28.02068294707,15471.64003625401,789.56696120040
925,40.46969548957,15471.73721516274,835.28510329461
926,25.49583488941,15471.83972456219,721.13110969259
927,35.44029414053,15471.94429830070,628.00361218146
928,26.36304082325,15472.03828550328,695.00496070648
929,25.60427490821,15472.15208438699,714.17111339064
930,36.44842119839,15472.24440789520,698.25130052352
931,27.58570804747,15472.34622066553,760.98564410470
932,39.06868130298,15472.44645502658,778.43796022881
933,26.60319408289,15472.54368878639,785.13232881075
934,27.69488411449,15472.66638553712,767.00330305032
935,38.21010919033,15472.76131979527,730.00311107769
936,26.00727016912,15472.85093397944,746.54909802324
937,36.14344471732,15472.95530106522,675.21526938880
938,29.61747235680,15473.05524522812,876.09664718290
939,34.89434259803,15473.15668386584,743.50337994414
940,27.29492199538,15473.24779588899,745.00638333962
941,25.66641515451,15473.36162351166,665.34952509638
942,33.04345411149,15473.45897914232,659.21483912914
943,27.33957376134,15473.56415916883,750.71900819322
944,37.62949700416,15473.67321717453,715.95000817966
945,28.46201971547,15473.75848678387,806.53549997869
946,24.66970341403,15473.86889105583,675.15709700445
947,37.24380306130,15473.96632663001,713.48862499278
948,27.67115974033,15474.06853919639,762.33919534791
949,32.09426609547,15474.17266098997,623.15792734271
950,25.30062977755,15474.26932704180,646.52886961289
951,39.29415654186,15474.36136696862,772.00768454571
952,25.27105151393,15474.45149159844,704.87662942832
953,39.94715510278,15474.54114319523,790.91331934403
954,27.66075165444,15474.64529632088,780.40584117646
955,35.66436073219,15474.74610613555,635.98665646892
956,25.07522297601,15474.83672952660,693.99954927160
957,28.00258771920,15474.95890553956,788.56002989270
958,38.20131658303,15475.04934759996,727.83283361620
959,25.67332867844,15475.15466303827,732.02759634834
960,35.15685767112,15475.25040699124,618.00116032580
961,27.04547526014,15475.35196934167,739.68262354279
962,25.80528916073,15475.47097007636,731.25104976416
963,38.00433960750,15475.56110746134,714.03671448869
964,25.64418516140,15475.65259274138,668.71853433468
965,38.41891144565,15475.74984497472,738.00318916030
966,25.15896557196,15475.84890087973,702.20110680567
967,33.37058644233,15475.94619170512,555.39724787113
968,24.40291038448,15476.04114844756,596.25054719810
969,25.45943579200,15476.15595953852,721.89959700855
970,36.27604184383,15476.24992231162,657.98780285080
971,25.41698252257,15476.34608518344,652.47923902934
972,38.02942282210,15476.44532322577,860.50760838772
973,25.66639129805,15476.54723596642,665.34890666619
974,28.92529512801,15476.65931475058,840.32836279449
975,37.05597533267,15476.74836849158,688.28419363662
976,24.48818592047,15476.83852286526,665.24986453247
977,40.34865756628,15476.94317765613,814.00354184261
978,27.23979343836,15477.04324519258,742.00317327545
979,24.10888062413,15477.16318577742,647.35823783129
980,27.72389632370,15477.27308891884,777.25860555585
981,36.92222013513,15477.36626744408,685.79980110745
982,35.16760330920,15477.43547907406,734.32111546372
983,27.51031635433,15477.53980884786,764.37105816911
984,26.39795175638,15477.66800270810,689.89116408643
985,35.19618821984,15477.75920294252,754.87413917482
986,26.36944252304,15477.83973404621,707.07485584187
987,26.55193698665,15477.96388948170,705.00267886643
988,35.50574095178,15478.06375777121,754.02691986503
989,27.69489071749,15478.16386188104,767.00348591899
990,40.12264105807,15478.25171884553,830.06365256118
991,24.53740225232,15478.33905904443,667.94036035064
992,27.40377557534,15478.46099532546,743.44579494193
993,37.20354664795,15478.56150969709,705.88766666307
994,25.50503559612,15478.65837826854,660.67396660497
995,34.96580712494,15478.75356773304,725.90901968784
996,27.52930043706,15478.83912789039,766.38328953554
997,26.06463814146,15478.95488827377,686.14881438476
998,35.47034601145,15479.05579424499,754.10990025968
999,28.39025377910,15479.15242853669,806.00325481418
1000,37.09482774583,15479.25181858408,688.00656134187
1001,25.89107595278,15479.34374965473,743.66453898506
1002,26.82387609760,15479.46175253880,726.72410267741
1003,39.45737080320,15479.54836040040,787.17207525354
1004,24.15830316381,15479.64462867597,644.17108593728
1005,39.00746366290,15479.74208864700,769.34744045159
1006,27.91360954320,15479.83755214689,782.57734685854
1007,25.12436983077,15479.95562331255,696.72011222106
1008,28.56235401285,15480.07034811634,820.39115979712
1009,39.34453851368,15480.16543021934,773.99817771149
1010,26.10762478158,15480.26086323468,689.26107245353
1011,35.58445054268,15480.36313505487,777.17613090112
1012,26.41232595343,15480.45543341194,689.76131833286
1013,26.05969198282,15480.56733501905,694.38199705201
1014,36.82287281643,15480.65850884048,797.45115110043
1015,25.28225668081,15480.75127709135,651.96856857620
1016,35.77683174415,15480.85655307034,639.99542239602
1017,27.37037428055,15480.94793396076,750.06811596101
1018,25.09877287978,15481.06154360050,690.10215943265
1019,42.04406600487,15481.14905498369,911.49363054518
1020,27.46859230277,15481.23944117920,758.74994473938
1021,34.53239011012,15481.33920554277,725.18019231248
1022,26.91095943180,15481.43753386459,725.09931006302
1023,29.50402770711,15481.56688396945,879.20022408790
1024,27.66508887140,15481.66709001315,841.40082992159
1025,40.05014305274,15481.76411151590,802.00348962872
1026,25.89568773894,15481.85812363848,680.22406896281
1027,31.81686741464,15481.95800979431,611.18206470553
1028,27.82676611461,15482.05612936267,779.64619939547
1029,24.84526620703,15482.17590133266,681.32225428163
1030,38.62234055294,15482.26164489648,760.77188015689
1031,23.96284041278,15482.36138195091,631.27418617417
1032,42.82383878924,15482.45529476209,935.28675679948
1033,26.47656161329,15482.55077501597,701.00415741883
1034,34.10865211233,15482.65239757904,708.93502123489
1035,25.53419897171,15482.75001905771,651.99765855915
1036,25.72931965539,15482.86499244836,738.12211957896
1037,39.88748581480,15482.95775960722,779.59374189842
1038,26.23875711663,15483.04360149816,766.78250389011
1039,35.88864843769,15483.14902898628,643.99877166982
1040,23.09871644459,15483.24098085127,588.90402944944
1041,39.75102871076,15483.34567901704,807.83636283085
1042,26.53411037177,15483.44625244734,773.14041559403
1043,26.86403736019,15483.56327743571,729.79261398562
1044,31.64392182237,15483.65149375475,604.55627755364
1045,26.03113736652,15483.74361157121,673.79928423696
1046,33.79270812823,15483.84891543017,690.89354987821
1047,26.62141385891,15483.94830356073,719.76347715365
1048,33.15922777609,15484.04800829445,659.02661763331
1049,27.73002781987,15484.14124639389,784.32362855687
1050,25.12547888998,15484.25533973225,694.02740079252
1051,38.83288425039,15484.34815473143,753.99822479904
1052,24.46318378366,15484.44709911902,667.26669065650
1053,34.91771172442,15484.54662385334,602.77316167588
1054,24.96109754203,15484.64296274059,684.95362036320
1055,39.17118248557,15484.74210398390,789.27745701444
1056,25.62135319752,15484.83967577181,715.10660967770
1057,27.50995309236,15484.95608353154,764.36096497600
1058,35.65285825096,15485.04546931445,774.57834612813
1059,26.81403431082,15485.13737753726,718.99621800087
1060,35.75425728427,15485.23517321226,771.82833706767
1061,28.28432431082,15485.33836327921,804.48892372189
1062,40.14300203081,15485.44491556828,814.81394941602
1063,28.26934908846,15485.53163577077,874.06706240331
1064,28.66104128074,15485.65769127738,911.31295143678
1065,30.02668870751,15485.76793286452,919.62095919120
1066,39.36682496490,15485.86804877448,911.40789034874
1067,40.58935721494,15485.93753678343,850.44147858299
1068,27.65326340399,15486.04024462969,847.38190640365
1069,28.96473129431,15486.16765275255,826.89108233519
1070,39.36295072188,15486.26664848715,790.20572098790
1071,25.79316961526,15486.35746371309,748.44649654527
1072,40.82534741690,15486.44441655273,805.20171247665
1073,26.16303110038,15486.53977433889,763.22543923925
1074,39.20737037024,15486.63969525138,777.25583387984
1075,26.81541384808,15486.73932001361,794.56926483658
1076,40.37590923122,15486.84741100508,831.39085610137
1077,26.82929775144,15486.93630565229,790.44047029574
1078,26.98212749741,15487.07024087779,807.66301329236
1079,42.46744316443,15487.14918846728,883.69024812091
1080,27.84971407079,15487.24940084030,869.16097640487
1081,36.38788764977,15487.35017910322,662.01959161325
1082,28.34765510200,15487.45531444703,891.48755725151
1083,41.71341041122,15487.55335704670,870.00215203102
1084,26.31142104481,15487.65235118362,768.00509603954
1085,40.59835601917,15487.74232436540,822.05405521683
1086,26.83076056284,15487.83481753911,795.47662264986
1087,27.16050778199,15487.96131704276,741.83496446289
1088,36.93295552185,15488.05488787800,687.98473212845
1089,26.44023030605,15488.15388523600,767.67786954632
1090,37.97840244994,15488.25626466978,737.40718931185
1091,26.55723191987,15488.34912913737,782.42491037113
1092,36.98669345279,15488.44993291438,684.00387313175
1093,26.04757455276,15488.54205442826,752.68026210878
1094,37.99911328239,15488.63098597115,721.98315236544
1095,26.21909681173,15488.73000953274,762.61072496330
1096,25.22194389934,15488.86833246782,702.14920202024
1097,40.50449715745,15488.96878724426,813.12210575117
1098,26.35645453119,15489.06819986965,769.77092645983
1099,38.66048970126,15489.15233409578,757.58778379368
1100,24.73555884682,15489.24610211646,678.76464788091
1101,38.35807945702,15489.33291242393,733.83326922733
1102,25.09169333814,15489.44111892021,694.90854664429
1103,35.89342641385,15489.53527282318,653.02365789409
1104,26.57111623867,15489.63722175150,706.01210898068
1105,25.61661896346,15489.76318827997,730.85969244086
1106,33.82323033231,15489.85572930888,572.00272752155
1107,26.60886094493,15489.93943579083,774.40471604086
1108,37.05296116484,15490.03959613307,707.89582909167
1109,24.81073096005,15490.14001677796,676.74651373650
1110,32.51778742688,15490.24070613881,533.33136816485
1111,24.94864338327,15490.34255053807,687.78663338713
1112,34.00001722575,15490.43954115857,578.00029283777
1113,24.46356107089,15490.53940618175,667.27698168013
1114,27.05780728041,15490.66346595829,811.28312962033
1115,40.79219501121,15490.75027560998,832.00079345779
1116,27.17659752094,15490.85178667488,820.26517024338
1117,38.30573227885,15490.94582040405,731.82998761866
1118,26.43478663202,15491.05372757943,775.22011847027
1119,38.96171628603,15491.15490071514,737.19026734707
1120,25.88233806639,15491.25385792492,746.11198701233
1121,26.42291881318,15491.36768837893,702.07440549920
1122,32.75083260374,15491.46388489673,647.60579148832
1123,26.69993751387,15491.55750687897,720.89831287436
1124,38.75724809100,15491.65899557077,732.29663921991
1125,26.16316501637,15491.76319013287,763.22934582377
1126,41.43962418919,15491.86283638352,868.25655012861
1127,25.65731528081,15491.96229336763,731.12094475829
1128,37.17256268056,15492.04962759487,687.44119774286
1129,25.72719730246,15492.14080513359,732.20887159481
1130,41.03758660617,15492.24339648994,842.02087835582
1131,25.91968486616,15492.33886948772,738.59732710826
1132,34.16872466359,15492.44326994537,588.85313814694
1133,25.61956195738,15492.53958030598,731.84107235699
1134,40.19295714473,15492.64294036636,816.81740987057
1135,26.48284340419,15492.73414151830,767.08871365221
1136,25.54340288649,15492.86478899410,715.67126765839
1137,39.58583153792,15492.95338584542,825.62797643290
1138,26.17438342252,15493.05710934548,753.16759872606
1139,39.94684764505,15493.15414470127,790.90723199159
1140,26.40060187574,15493.25761571992,703.96104661722
1141,36.47681516041,15493.36312480295,795.83015088745
1142,27.14767312792,15493.45242050904,736.99807812775
1143,34.76128129398,15493.54168060159,755.20833657884
1144,25.56122957716,15493.63550124567,654.18772509126
1145,25.39723269983,15493.76024562032,711.12251559531
1146,34.71238551417,15493.86210945010,597.21446197578
1147,35.48356577462,15493.93335352385,779.83158538196
1148,26.85505211990,15494.03622633421,722.09634745937
1149,26.54969751116,15494.16312020997,774.05004505140
1150,37.36304663886,15494.25071405226,697.99931353398
1151,24.55667203194,15494.33912978121,671.61487898988
1152,40.54274650902,15494.44235421718,823.92596974865
1153,25.49811947711,15494.54403998410,713.94734535899
1154,37.91265995331,15494.64858063308,742.93337341802
1155,27.42066405156,15494.74575001590,829.89988576809
1156,38.00043374795,15494.84112586655,722.00824121107
1157,27.29708036946,15494.92969462539,826.61040228808
1158,26.26643218453,15495.05672215245,692.95607361091
1159,32.39629155052,15495.15464932358,617.23225236540
1160,25.01389990304,15495.25858404214,636.25842773866
1161,34.75748285199,15495.35727378880,724.09105405706
1162,26.06924702445,15495.45975086061,690.21993156946
1163,37.90457964728,15495.56250546227,859.35625868086
1164,26.95932693878,15495.64782309267,730.89116981196
1165,37.02619448545,15495.74032461688,833.70625077645
1166,25.89901878136,15495.83335872909,675.36378212725
1167,34.17674476606,15495.93703446264,703.74224706859
1168,26.77281121704,15496.03751517439,724.84636109964
1169,38.13435889049,15496.14240875462,855.26449241047
1170,25.39766221450,15496.24492900110,651.48840346007
1171,25.42401411396,15496.36237055189,711.41825007590
1172,38.05390329979,15496.45512575217,746.67150018912
1173,24.88288835557,15496.54784826684,686.87589656478
1174,36.57781868121,15496.65314759376,661.44186439051
1175,25.27207636403,15496.75304980678,708.52013746059
1176,35.57639002147,15496.86569465768,638.39549472174
1177,27.26998189621,15496.96600633766,821.72741019074
1178,39.65287108250,15497.06261379613,793.05742164998
1179,24.75199436234,15497.14704579167,679.66650909444
1180,36.54092266151,15497.23351030709,661.78425600580
1181,24.81774901967,15497.34510876599,683.27729739372
1182,38.34244375153,15497.44287557488,741.50757199233
1183,26.24297591899,15497.54699272545,760.14083279745
1184,39.74927305974,15497.64699644685,790.00117719349
1185,23.94363570159,15497.75024852874,633.48905549130
1186,24.71372543485,15497.87123616299,620.30958534232
1187,33.89425995920,15497.96216133905,682.10882384238
1188,26.47461180786,15498.06409698392,707.91745657202
1189,34.26438315089,15498.16220054354,702.21089434634
1190,37.63356298445,15498.23266010110,725.84987662775
1191,26.17205806805,15498.33900411953,752.19059487950
1192,34.60565990968,15498.43477966650,612.23662207241
1193,26.90772282642,15498.54039290944,724.01277373916
1194,24.18104520190,15498.65218194564,647.94372902769
1195,38.88324018596,15498.75601326292,755.97659147744
1196,25.00147858932,15498.85229455101,694.21322466807
1197,38.04665186503,15498.95545334977,713.81846206509
1198,25.75610163758,15499.05594053916,733.03150339385
1199,38.91583885362,15499.16484987488,750.58151795082
1200,24.93661011241,15499.25912415048,699.55969745828
1201,35.49743270457,15499.35037887901,615.85743992684
1202,24.60379505991,15499.44107057935,671.55291292322
1203,37.07765586026,15499.54450409944,679.64465828462
1204,24.17067003708,15499.64572081797,648.11658483622
1205,36.60663265375,15499.75852637512,692.62999387861
1206,25.28580194404,15499.85606623967,702.10799905995
1207,39.34493132382,15499.95267615060,774.00590519642
1208,25.81977984053,15500.04841585757,736.65601147674
1209,39.65116891789,15500.13993662202,810.67006368808
1210,26.29590807348,15500.23841233066,767.10171358107
1211,34.32037230363,15500.34372434164,587.47014463081
1212,25.86483345601,15500.45288506020,738.39456384198
1213,36.48510784542,15500.55299492699,674.72792910651
1214,25.84166042903,15500.65460199670,739.99254000148
1215,37.69304209926,15500.74532893932,704.16413748573
1216,25.39680962683,15500.84170388252,714.72957673742
1217,35.22839152508,15500.93858664286,608.13632657033
1218,24.54622101527,15501.04039515077,665.01688184576
1219,36.50873451918,15501.14502380440,702.25953008195
1220,24.50311482907,15501.25062899593,659.31138978510
1221,36.66049958055,15501.34587199160,671.99805737103
1222,26.10163244916,15501.44429977484,759.64271100619
1223,35.10285971011,15501.53753906713,623.01395597991
1224,25.67636221382,15501.63463177345,728.50314969194
1225,24.24001994279,15501.76064007334,584.28002475389
1226,34.29440043031,15501.86348852861,721.81362836086
1227,41.33855318614,15501.93344826401,829.86566367566
1228,24.89916788204,15502.03892667522,687.77613524259
1229,37.04709697760,15502.14195177219,699.98428541289
1230,24.23770603075,15502.23452332078,645.83367787660
1231,26.32818140532,15502.35249782452,704.00198317866
1232,36.29628821644,15502.45200552579,651.31360597612
1233,25.80201944533,15502.54774181728,734.79150256916
1234,38.78682064985,15502.65522894121,775.73641299699
1235,36.90138879759,15502.72772007686,802.55218535952
1236,25.81514542541,15502.83285423536,745.96390484702
1237,26.54982204839,15502.95092498942,700.93541529052
1238,33.28404400883,15503.04280153799,681.30738903864
1239,27.08438921446,15503.13532293904,736.77504229510
1240,36.09342592527,15503.23794468267,780.82018728428
1241,27.62989690811,15503.34261558115,767.69359046029
1242,33.03766902972,15503.44253811193,666.50989714443
1243,26.73459415873,15503.54884457956,717.86243557089
1244,34.40941569327,15503.64389135458,726.68254293399
1245,27.16035927378,15503.74309582027,741.83090825809
1246,26.15636511423,15503.86433782472,758.98542614654
1247,38.75858385304,15503.95806331184,744.52808303396
1248,25.46214987142,15504.05745343242,722.87397747897
1249,35.26824375365,15504.16479893755,614.92284175321
1250,34.46630554172,15504.23485670782,710.54109136654
1251,26.28638264180,15504.33321433774,693.98041538401
1252,24.51238171959,15504.45802689006,669.95527656894
1253,46.29727010710,15504.55659213456,1083.79130657835
1254,25.14080955634,15504.64811835064,697.62915289141
1255,35.83941964434,15504.74735648154,651.05538946097
1256,26.46100540625,15504.84615240235,772.82445643520
1257,40.80695416145,15504.95261794523,823.24932780383
1258,25.36797033113,15505.05481437668,713.91796701506
1259,36.14547211200,15505.16498093335,660.58260762956
1260,26.99864504754,15505.25265821243,797.26043398600
1261,33.82841063019,15505.34344973658,708.78391599332
1262,26.62908090981,15505.44316141482,702.01853630817
1263,32.49136193593,15505.54024855713,643.29614593669
1264,25.43644901485,15505.64245691236,647.00646921010
1265,31.73831079728,15505.74808913928,619.50711201147
1266,26.73958671457,15505.84705623521,715.00274882777
1267,32.55826576268,15505.94580239618,644.62077412495
1268,27.22311296131,15506.04353558978,748.51185478525
1269,35.57299776382,15506.13754723163,752.93844377696
1270,24.67100664215,15506.22980086831,677.89174607484
1271,26.11543480824,15506.36239286321,682.00796756516
1272,33.93653032685,15506.45992468251,683.80213862917
1273,38.02912959744,15506.53187430749,739.37078372138
1274,24.06516097723,15506.63754412977,645.73603001479
1275,40.50558130011,15506.73047286052,811.12363342480
1276,24.76891273169,15506.83527263719,683.28088503164
1277,27.53410293039,15506.95153746959,830.14292936881
1278,39.93699561249,15507.04949574483,820.41126700503
1279,27.02963693613,15507.14650414110,799.09042824548
1280,38.94165952744,15507.24378206015,760.11086994742
1281,26.77058600071,15507.34371531209,795.04584169257
1282,40.19621800001,15507.43958357733,812.91820011325
1283,24.93685241804,15507.53607652206,687.91370758485
1284,36.55156361183,15507.63381174085,668.00420060415
1285,24.41885263560,15507.72842086484,660.21280365699
1286,24.06996966729,15507.85355931190,642.71777053863
1287,38.59683438077,15507.94965291948,751.40017406049
1288,24.98873254687,15508.05159807124,682.97456428566
1289,35.09258640530,15508.15473530381,636.52186543887
1290,26.54128466756,15508.25858543035,780.60260050224
1291,37.74747587986,15508.35218006039,714.21576070365
1292,26.90547450450,15508.44883388002,790.85620588189
1293,25.61319869520,15508.55930119443,734.34429851568
1294,37.63000870848,15508.65395202090,708.00438883641
1295,26.60066650100,15508.75773261489,781.89671694465
1296,35.26849229840,15508.86252339936,628.92731104856
1297,39.34143344840,15508.92901122391,771.93466596810
1298,27.28249410104,15509.02681580644,824.81617268175
1299,24.58148061440,15509.15318577809,671.84383924356
1300,37.78883921578,15509.24537477827,705.95377531198
1301,25.39950958891,15509.33284177916,715.70752361672
1302,26.61671100138,15509.46386092992,782.82095553157
1303,36.86264624881,15509.56791328937,677.71150551037
1304,38.68411763291,15509.63759043407,750.11287140392
1305,25.89857686241,15509.73273957203,747.02917471171
1306,36.66146215547,15509.83181840823,672.01570166081
1307,24.98049900086,15509.92065226710,692.27989548670
1308,25.72473443972,15510.03933663885,726.69529080039
1309,37.99139584385,15510.13428523470,729.79088262504
1310,25.42018763958,15510.23603390744,714.03130629477
1311,35.24420733631,15510.34078785793,626.51473377852
1312,25.59137532683,15510.43783103046,726.54270613762
1313,36.60592206919,15510.54084382265,669.99838263187
1314,24.56271864410,15510.62963118945,665.91700172328
1315,25.78554408114,15510.74805932720,733.86945002770
1316,39.75193116719,15510.84354950810,799.00392785914
1317,25.19171585812,15510.94035385795,697.67864681474
1318,35.81281252338,15511.04160580311,661.32603262282
1319,26.22146789051,15511.13618780986,755.88810639853
1320,37.73596051604,15511.24076737207,712.00067901676
1321,22.97401136712,15511.33620143126,582.56222200258
1322,33.95559054010,15511.43779510380,697.53742437756
1323,26.39845969247,15511.52679146321,699.93264527155
1324,26.89113053261,15511.64014717882,806.28560590428
1325,38.99011865526,15511.73877102281,744.90517098108
1326,24.77970295970,15511.83519357322,680.42736114393
1327,35.35229753175,15511.93822765366,626.44430830115
1328,24.27573386062,15512.03807814218,656.34329966782
1329,34.16107907078,15512.14466775703,589.71165694554
1330,25.04368686297,15512.23356666613,686.76346821237
1331,25.37331688833,15512.35006335107,723.47331371743
1332,34.46757310426,15512.44274765087,594.00339891471
1333,24.60100404247,15512.53521897175,661.94531913583
1334,35.83331950499,15512.63539491405,642.00669665169
1335,26.56131718220,15512.73474957394,789.72473449998
1336,41.35066607626,15512.84482714606,847.43647884607
1337,25.57731645838,15512.93553902238,722.07804039313
1338,22.76883383458,15513.05659550364,572.85227565235
1339,32.37776275681,15513.14520013291,530.04682025703
1340,24.73067625812,15513.23691736807,677.72883034889
1341,40.96388475592,15513.33451361606,848.45689194741
1342,24.49173600840,15513.43844805557,659.46017409021
1343,37.68063900032,15513.54267286627,701.91253212132
1344,25.65957342740,15513.63515291631,737.01513518579
1345,37.85576033359,15513.73555722571,738.91496327761
1346,25.06011279115,15513.82342577309,690.40497036656
1347,25.07210791131,15513.94203145535,687.54284777583
1348,37.62979975739,15514.03233455202,715.95576845284
1349,24.73656554355,15514.13568642071,681.49125837512
1350,40.77002247375,15514.23741934912,805.14343174306
1351,24.66942871523,15514.33661286949,675.14957908507
1352,37.94177513357,15514.43952014764,727.84944494398
1353,25.83297892261,15514.53222695260,736.57972848367
1354,24.55947212283,15514.65093755340,663.10574731629
1355,34.94438917177,15514.74261649839,647.17914425896
1356,24.88252193180,15514.84732358913,684.15624140326
1357,36.61152289750,15514.94596230435,774.91987764910
1358,24.47725327524,15515.04988090967,665.40322415679
1359,38.46836797862,15515.15031578953,752.84080208329
1360,24.37291839781,15515.24686674081,665.69753403080
1361,37.75221039312,15515.35070923855,854.23500716024
1362,25.98238222106,15515.45265474140,667.49948515469
1363,33.52471006846,15515.54565281111,702.42068256242
1364,25.42117912952,15515.64506841304,700.35233160622
1365,35.02059937388,15515.73719927588,625.48790506394
1366,26.33095506241,15515.82880427542,772.17517913279
1367,33.98920719302,15515.92963939191,687.38917513626
1368,25.11045184503,15516.02943366182,699.49624622622
1369,40.25208126127,15516.13312833407,803.02649909819
1370,24.77404541670,15516.23872914601,676.65351652554
1371,36.73702637039,15516.34186972760,816.52121750155
1372,25.77370888858,15516.44491959184,739.84462799656
1373,35.85508445501,15516.53421467804,644.39477593478
1374,24.05282526880,15516.62415671465,641.80942905899
1375,24.68114703629,15516.74863815792,675.01921915750
1376,35.31836352936,15516.85608794318,749.21563056062
1377,25.81864153390,15516.95541379931,673.26779994749
1378,31.81027224381,15517.05481087273,605.23170614371
1379,40.16948711646,15517.12779470957,832.00307766290
1380,25.15866988597,15517.22717405288,695.85442650004
1381,33.45140827564,15517.33754560890,670.69865042404
1382,24.88236702514,15517.43203358176,689.56038240201
1383,40.39880835924,15517.52906228484,816.01592905621
1384,24.82349885010,15517.62368535453,679.36614963903
1385,23.75295544673,15517.74933390692,629.78935636872
1386,32.35198942321,15517.85021462930,627.32834989705
1387,26.03152884626,15517.94765567474,744.97487517790
1388,38.03453721489,15518.04706109935,729.62893019904
1389,27.14648217801,15518.14773144643,818.45630831993
1390,36.02042143396,15518.26352298412,781.73443578496
1391,36.89556468229,15518.32600021372,682.31860672487
1392,24.74679351571,15518.42489950987,678.62187524461
1393,31.75562279219,15518.52803480922,600.00482470922
1394,27.27571282967,15518.62733526640,758.83366492512
1395,26.38797379002,15518.75336459504,761.60282227608
1396,33.59058626244,15518.84714741924,682.64137839173
1397,24.57269184517,15518.95413461017,672.50209754612
1398,35.75363328129,15519.05014927506,633.55599590201
1399,25.23657301987,15519.14775949566,709.32280948227
1400,34.70899520365,15519.25022874306,720.57746565402
1401,27.16644649464,15519.35656083011,812.27220729308
1402,35.98194354370,15519.45553119463,654.63408592218
1403,33.03033644839,15519.52412895550,646.41642709431
1404,25.20484244037,15519.63306274339,711.11611543087
1405,25.10931248388,15519.76181758694,693.12618688155
1406,35.38408445440,15519.85497165561,626.00835811330
1407,25.69779601808,15519.94203152457,736.32145648027
1408,34.46544713884,15520.04177419364,717.17949714549
1409,22.85891109729,15520.14405231716,577.38550636595
1410,38.23846805774,15520.24067603249,737.51686316847
1411,23.74697827141,15520.35263684651,625.58753988052
1412,37.99047817245,15520.45252347201,719.81680933832
1413,34.20227725747,15520.51964591855,702.60502045585
1414,25.88050581472,15520.62653486789,739.29511988131
1415,26.98886415707,15520.75324438324,805.15521593991
1416,37.77602159252,15520.84865870850,729.57615924923
1417,26.50387027828,15520.93957568800,772.25929170764
1418,34.27318652390,15521.04162699620,704.06168388837
1419,24.07994362168,15521.14723908961,642.53303696706
1420,36.49686994618,15521.24577540172,666.00537894540
1421,24.81604519159,15521.34370728218,677.80065640091
1422,33.11186878296,15521.44904482044,672.91268960081
1423,24.50451349101,15521.55678142229,666.14428097636
1424,36.02421427407,15521.65406270764,634.27174330866
1425,33.67889939142,15521.72594777175,697.56797901663
1426,24.54156992730,15521.82927854978,673.44142791777
1427,25.18454613384,15521.94600135572,638.61573503250
1428,38.24894946622,15522.04467954251,860.38884258595
1429,23.78096769696,15522.14564905856,624.22209072733
1430,38.78436203954,15522.24303699324,752.05668256730
1431,25.38142337998,15522.33996216117,721.92192937349
1432,38.25648117064,15522.44785130751,869.02020080369
1433,25.46404810507,15522.55611622185,719.33119022198
1434,37.82746527275,15522.65624015250,721.70204027825
1435,24.86607622250,15522.75222200166,683.25172430157
1436,33.36143143427,15522.85500073202,662.20550608800
1437,26.25702914979,15522.95824774625,760.09450981435
1438,32.90486270666,15523.04799474340,553.54546976525
1439,25.79176369250,15523.13689060698,741.70942187886
1440,35.71110862078,15523.24012172961,766.75001896603
1441,23.11039174487,15523.35231788241,587.84042364486
1442,38.27169958178,15523.44833638352,734.17849322015
1443,25.87326192131,15523.54882199470,741.80045225990
1444,37.47340941759,15523.65436144443,710.01975493851
1445,34.30395453815,15523.72249452512,686.93615429615
1446,24.01569137068,15523.82543928149,654.62034797650
1447,36.24330126465,15523.92331145278,658.39226344556
1448,25.31559699749,15524.02247083478,706.57277940315
1449,26.29556369928,15524.14794871319,767.09166752989
1450,33.11809776544,15524.24518282111,657.37547067328
1451,24.67494740086,15524.35109722005,676.20161561163
1452,39.94829420064,15524.44428842533,795.96412305309
1453,25.22635018335,15524.54393808260,703.17744115987
1454,35.08722960555,15524.65104720491,730.96055825488
1455,35.89091821878,15524.72345974021,671.45759635695
1456,24.43557099335,15524.82508786179,655.67517372174
1457,30.89357864055,15524.92708650987,586.97799417037
1458,23.58644590696,15525.02912993899,607.78019535562
1459,27.60970276202,15525.15292411423,778.47612092642
1460,36.39966841322,15525.25390472245,794.14700757604
1461,25.24072101217,15525.35651942172,700.40158327564
1462,37.35008532347,15525.45427749232,695.75499938108
1463,35.47423625354,15525.52546955090,773.95646155299
1464,24.31741977034,15525.63083500276,647.50124721076
1465,37.09102738337,15525.73173531344,707.65170083651
1466,27.07397550064,15525.83113550550,809.95995809740
1467,38.40471277955,15525.93608521757,865.59826568057
1468,24.97038766644,15526.03577801355,698.72481260236
1469,35.20829675152,15526.13754446057,633.74934152743
1470,25.72481298215,15526.23134813907,726.69750953704
1471,31.29555227721,15526.33070705211,591.31204829920
1472,24.18154266999,15526.43237442275,646.14964382343
1473,37.25497449939,15526.52985677689,707.84451548838
1474,25.98430599549,15526.62971560766,731.72470051749
1475,37.26910264879,15526.74054013252,862.03684176015
1476,25.48758427852,15526.84741484950,722.69774435317
1477,38.13858142461,15526.94929940526,706.33641264411
1478,35.87733399417,15527.01997375632,782.75101596604
1479,24.62635859142,15527.12307087667,666.73336122300
1480,24.39757975663,15527.25316868700,663.68592308878
1481,38.45774887907,15527.34610341797,716.38848521554
1482,25.00373069032,15527.44217228006,704.11144920977
1483,32.09674316758,15527.54245511204,626.50343276701
1484,23.67826171865,15527.64663378485,621.97705249595
1485,35.35561753804,15527.75036809878,600.00472594050
1486,34.10761916505,15527.82358516025,715.44745540638
1487,25.71103086311,15527.92847020642,736.25187850080
1488,39.41264227777,15528.03054257121,792.18430558256
1489,25.72763552649,15528.12809495154,727.68742178698
1490,35.43127039431,15528.23090617071,752.44540646564
1491,24.81268399171,15528.32986146844,682.23601552220
1492,37.37752231039,15528.42734286747,700.26765604041
1493,26.13162769781,15528.52986452226,752.84489232076
1494,24.62305396955,15528.65758248151,670.72403549903
1495,36.93896035414,15528.76148516249,701.84024672859
1496,32.48073057508,15528.82803386900,632.33234018506
1497,24.95574621085,15528.93503681849,683.89673268283
1498,37.68245612135,15529.03428048773,709.99187478781
1499,26.21852170686,15529.13848810973,762.59399741758
1500,32.86439994759,15529.24907282184,647.35360365025
1501,24.42118101234,15529.35129990057,661.62924377277
1502,39.94947697364,15529.44807298646,804.95965641124
1503,24.98632674021,15529.53858459459,691.08765061746
1504,33.63633155937,15529.64001457596,666.81429251583
1505,24.29236142072,15529.74807295698,667.92951011807
1506,38.54739490628,15529.84400407467,749.44701296012
1507,25.65447499469,15529.94900836529,709.56771822623
1508,34.09957939189,15530.05710868053,695.49768289823
1509,35.84019895422,15530.12772171359,669.55017102250
1510,24.04596001837,15530.23190647669,638.91704031336
1511,32.53215410990,15530.33902691776,644.92482744500
1512,24.78892122448,15530.44581143412,674.78703756500
1513,38.29170947142,15530.54556436339,739.53574647399
1514,25.11258062048,15530.64853034179,703.15225737332
1515,32.22147596541,15530.74392625921,622.30006467478
1516,25.00550288155,15530.84815091483,686.62761484428
1517,37.89889770193,15530.94654804456,728.01405134159
1518,24.04159028118,15531.04644223699,634.71619648786
1519,34.74090775925,15531.15605619534,736.96594383424
1520,36.98674966995,15531.22676356399,684.00491276932
1521,24.55276927100,15531.32740687889,673.30122242134
1522,33.35485542260,15531.43775761299,669.59404958951
1523,25.09597226077,15531.54552923155,684.52685910983
1524,35.44494678795,15531.64554147612,647.78004016438
1525,26.84599526680,15531.74478970168,799.54206810788
1526,33.99192015368,15531.84523787974,710.58562314179
1527,26.39039710600,15531.94298914091,754.78381182921
1528,38.24565324597,15532.03962377761,752.38055994667
1529,26.29116164176,15532.14241130920,763.80236469878
1530,33.43055728665,15532.24869131538,663.57761508015
1531,35.03535036725,15532.32051294535,606.83006897056
1532,26.63561719386,15532.42524252989,791.03747263244
1533,32.56602180909,15532.53872535149,635.66338642006
1534,23.72771694739,15532.64324855069,630.90745592022
1535,34.99428970295,15532.74169922047,616.13805000369
1536,26.13498931819,15532.83758208422,754.75387643656
1537,32.75160617196,15532.94219245304,647.62108780967
1538,25.61689159777,15533.03953171803,717.73026345458
1539,31.98689801537,15533.13258053519,533.32817027747
1540,25.20992072348,15533.23233108379,702.26712854731
1541,35.94356579748,15533.34409981559,778.40851969222
1542,24.54270753689,15533.44840127872,662.19845294272
1543,38.85680968438,15533.54678131499,763.41518213570
1544,24.43810022119,15533.64813330833,662.53848618740
1545,32.92514904909,15533.75543222668,666.68345589262
1546,34.53697714447,15533.82373864653,591.17782227628
1547,27.08947377294,15533.92272984005,809.06422096814
1548,33.45122198909,15534.02291020766,670.69491539034
1549,25.95570922190,15534.12805711681,754.94981267972
1550,38.68996388579,15534.23099916655,738.15746504124
1551,25.25537609412,15534.32035797142,707.60137577572
1552,34.58611855784,15534.42574867059,730.41427985497
1553,25.41578185079,15534.52561042764,705.71713641087
1554,37.61612101683,15534.62898046210,731.34097917001
1555,24.46194974262,15534.73248277298,660.47264305070
1556,36.86037620887,15534.83929995763,806.72872336995
1557,25.76282716370,15534.95086107018,735.48246731340
1558,35.15431545756,15535.04893022223,631.80041482941
1559,24.81079149224,15535.14756496513,676.74816483429
1560,34.55456022552,15535.24876921100,702.23164424037
1561,26.19688226171,15535.34868612491,767.34956657362
1562,40.14222978584,15535.44220277061,818.74405198849
1563,26.79890367510,15535.54005274850,789.54500488999
1564,37.03644111221,15535.64320854522,828.15999971567
1565,26.01302453820,15535.75153802492,743.08061179789
1566,35.17746668554,15535.86053506241,638.06145427666
1567,33.72572241579,15535.93369749149,675.35706506946
1568,27.12168873777,15536.04084791148,807.75292137487
1569,35.31095234606,15536.14364383801,759.80111452676
1570,26.72140866087,15536.24267920545,784.99112514001
1571,36.45132217146,15536.33777612972,692.57512125775
1572,25.77236813084,15536.43176781390,733.94709060466
1573,32.00595616114,15536.52801266358,613.98069396550
1574,24.64772009297,15536.62887920596,673.20319288687
1575,39.16648795600,15536.73213700388,782.34998417853
1576,24.96572369608,15536.83461796473,685.98976417311
1577,35.36418839257,15536.93949685634,753.51451384968
1578,24.39628609391,15537.04648035780,650.97410695458
1579,37.48770738227,15537.14567694439,730.76994862676
1580,25.80120180142,15537.24669165602,725.19279600274
1581,32.56155564456,15537.34818742518,652.04464364289
1582,24.85561305061,15537.45398278463,678.42620644436
1583,39.17468982157,15537.54673738647,791.28994662342
1584,26.04283534235,15537.64217549662,750.28680937030
1585,35.90535296737,15537.75075222086,776.75154712483
1586,25.20795883422,15537.84991165321,698.58344729565
1587,37.73513139074,15537.94522764433,703.93974819908
1588,25.75238934206,15538.04066313189,742.36594596036
1589,35.29494949176,15538.14690432521,741.19393932700
1590,24.45776352265,15538.24980904876,666.22157712365
1591,39.25984247991,15538.34959092370,781.26100100595
1592,24.54460867654,15538.44634950760,656.31016888770
1593,34.52576660322,15538.55380011933,731.58787799798
1594,36.93157745385,15538.62534251434,687.95906156600
1595,23.89367858403,15538.72030385454,627.63559063445
1596,24.77854028571,15538.84650496929,685.34056125291
1597,32.63347231224,15538.94485170989,636.97996771762
1598,24.43244833429,15539.04415139622,661.48344020732
1599,37.74439734110,15539.13781029158,722.09283905556
1600,24.76312615262,15539.23764205777,679.52111805935
1601,36.05729730959,15539.34565750482,780.87153570139
1602,25.04136099449,15539.45030854326,694.86956729411
1603,37.19731774680,15539.55297942621,697.88354153106
1604,37.04547812257,15539.62173096179,822.54310070641
1605,26.63365080123,15539.72534099914,786.93311845208
1606,25.74340984626,15539.84654324409,728.58852829338
1607,39.88957811785,15539.94822783830,960.66825522836
1608,25.67388364422,15540.04184138678,727.52737818287
1609,36.95716999103,15540.13939225100,698.28516503456
1610,26.46111972307,15540.23623552757,772.82779519096
1611,32.86155142386,15540.34319005630,658.05205444186
1612,26.21358783643,15540.45170540086,759.28959238851
1613,40.55464414312,15540.55128560092,815.13825899431
1614,32.68066673848,15540.61768925275,649.51540512615
1615,27.44079706799,15540.72448051368,826.87459031203
1616,34.96115448315,15540.81855428906,619.51323582102
1617,25.55615208740,15540.91513382295,723.74012009168
1618,25.54660913350,15541.04099007291,724.82172757647
1619,33.22770800008,15541.13352836431,660.38763516639
1620,25.70464085698,15541.23764841904,733.82135270976
1621,37.83169654521,15541.33478951197,713.80702280238
1622,24.91079834906,15541.43704432482,684.93371433822
1623,35.03687296079,15541.53712440203,735.77433217654
1624,24.91581651126,15541.64261523300,688.68687013104
1625,37.86818277876,15541.74007112017,731.35608740076
1626,24.46220436548,15541.83575800169,660.47951786783
1627,31.23071742202,15541.93959274654,590.08702978267
1628,23.94379198018,15542.04105891899,633.49319023412
1629,34.21523740347,15542.13899983349,595.58105123029
1630,27.38554368668,15542.23133360279,831.99787666970
1631,35.78647423238,15542.33278580551,769.20110696026
1632,25.17551443009,15542.43226551412,703.11385345442
1633,39.38970629420,15542.52978760884,773.88493932250
1634,26.38988011687,15542.61956664240,773.45312634235
1635,34.93441155706,15542.72273370125,735.28430426693
1636,24.84996775914,15542.82465949703,682.35676651836
1637,35.90054994604,15542.92587458253,637.17155321373
1638,24.08202672690,15543.01848047542,646.63717193587
1639,33.37418517151,15543.12516056829,672.47119771785
1640,26.08597749748,15543.23421832688,751.07685760987
1641,38.24807058688,15543.32758171131,739.68248184841
1642,23.85434857820,15543.42607958573,681.41649232285
1643,24.97196655980,15543.54753962357,696.08656894981
1644,37.15253060466,15543.64373306581,703.93996930748
1645,27.43937850503,15543.73634555715,827.74195157401
1646,34.77246587296,15543.84453033665,736.81534180267
1647,37.46214881961,15543.91732466074,707.82645904428
1648,25.58385822096,15544.02006843305,715.89102980220
1649,34.03006468117,15544.12724550339,712.19649140218
1650,24.96055301434,15544.23173534213,687.66210303259
1651,39.54787359817,15544.32524394922,782.00857648719
1652,26.22704253524,15544.41557320855,759.22645040967
1653,25.38696231170,15544.54483299769,704.91690753277
1654,34.42352548792,15544.64039145370,730.23324914574
1655,26.25825068374,15544.73993104776,770.93794716070
1656,36.87754368514,15544.83307823486,679.98830696186
1657,25.93855251417,15544.93433888450,740.49911061538
1658,36.87772261287,15545.04464924030,828.72374448999
1659,24.61492817408,15545.15005530837,671.40572579284
1660,39.03842281348,15545.25391088966,761.99961394091
1661,32.83549080707,15545.31772543672,658.34954357806
1662,26.09283823478,15545.42094231531,747.64063965717
1663,23.62684324397,15545.54417647791,622.42271716446
1664,39.99981810831,15545.63981975811,797.99386500263
1665,25.45653544387,15545.73227932583,713.23742855503
1666,34.06875091057,15545.82871496662,707.28564872289
1667,24.46230443272,15545.93571185385,660.48221968339
1668,39.70352643076,15546.03060158061,803.93513701396
1669,26.00909759300,15546.12478573856,747.50707567178
1670,34.30450798771,15546.23416736799,703.86965550840
1671,26.33793285395,15546.33837772000,766.51982416970
1672,40.94780099480,15546.43348945534,834.17012570489
1673,24.45222694463,15546.52956697689,667.41590848652
1674,33.93620184840,15546.63111911126,688.82966538106
1675,24.31540630202,15546.73734757548,655.16372161233
1676,35.61998852713,15546.83344127887,643.13563728914
1677,25.19385680366,15546.92502642523,701.36729036834
1678,35.15836719943,15547.02366169811,753.24288905758
1679,25.05445734049,15547.13099368521,692.06561126386
1680,35.12630065114,15547.22512481638,618.46234259216
1681,24.44134982246,15547.32195933643,656.74047963094
1682,33.04920568674,15547.42567378969,676.50036847269
1683,25.92429981645,15547.53302881835,735.08076703346
1684,36.71517092865,15547.63351322101,674.00094407929
1685,24.61144160445,15547.73163095165,674.46127868460
1686,34.07760052774,15547.83210486631,709.10893196764
1687,25.07262712421,15547.94063959899,687.55708595294
1688,33.58950761985,15548.03414185322,692.46543914574
1689,25.53835291089,15548.12798556996,710.49882569669
1690,38.62794454067,15548.22733714691,762.84078206429
1691,24.83423045886,15548.32181193516,686.88087533443
1692,33.23096192940,15548.42905474574,649.49317883071
1693,25.15424811745,15548.53176348225,694.82207747338
1694,35.50071157914,15548.63304069787,645.87883770017
1695,25.07508688826,15548.73438949856,693.99578281111
1696,32.02942698526,15548.83797338519,630.90654370168
1697,25.07165496495,15548.94539126346,690.26778504612
1698,37.52570716527,15549.04278568739,712.00023270456
1699,25.28772169026,15549.14380936265,713.00613621885
1700,33.42914888017,15549.23971808319,671.91757673123
1701,24.46036566086,15549.34249011188,655.88453409211
1702,36.62889560556,15549.43528365325,678.37663999873
1703,25.66770869057,15549.52992795980,730.06472107876
1704,32.13276836460,15549.64004036601,630.49044328018
1705,26.16497273318,15549.73722347977,755.61976922170
1706,35.33358991314,15549.84855409405,732.69291503642
1707,23.34649677986,15549.95032695985,611.48214492162
1708,39.21347360422,15550.05419786719,782.30634141587
1709,33.60486875437,15550.11934711112,675.44950249093
1710,23.77979188216,15550.23031569590,622.37671376890
1711,37.18783109295,15550.32537537316,683.68995612958
1712,25.26720928541,15550.41447800078,697.48482505748
1713,23.32950423474,15550.54425170661,610.59155822013
1714,36.89423854220,15550.64839929798,815.85500279802
1715,32.96004644114,15550.71447569580,546.58053558972
1716,24.07537290495,15550.81375168280,645.56127082440
1717,35.01417248643,15550.91666487428,729.43858364540
1718,24.30006873595,15551.01940608239,652.49191454950
1719,33.82111443354,15551.12270722020,695.59763627087
1720,25.11421171577,15551.22953061555,700.50195161857
1721,38.54722977459,15551.32953243653,749.44380243317
1722,25.10927504660,15551.42846436304,693.12515344982
1723,32.22255020168,15551.53258009293,622.32081162332
1724,25.84000587113,15551.63145066348,734.05630850774
1725,35.25082498784,15551.72375802459,646.15829526562
1726,25.56639417562,15551.81644370302,718.59307247089
1727,32.34775683653,15551.92564436628,633.05808075733
1728,24.78729333417,15552.02510291660,672.00541996559
1729,35.81490889915,15552.12485083515,652.57869733767
1730,23.48631883257,15552.22815328695,672.95578492385
1731,36.14586332277,15552.33032326158,651.62881803080
1732,24.83376692164,15552.43515483121,684.16915193124
1733,29.87654590105,15552.53843939277,536.11544874480
1734,25.62307301154,15552.64684559040,728.34458287831
1735,35.33170726224,15552.73511554271,628.07016648491
1736,23.96280923195,15552.83490784883,631.27336475020
1737,32.60076662267,15552.93601147999,653.64333831457
1738,24.62964118553,15553.03607929013,669.54582159977
1739,36.96767694894,15553.13202368607,675.60894933858
1740,22.68923057532,15553.22944945341,569.49516765554
1741,31.58877749170,15553.33522504950,596.85237558455
1742,24.56371213926,15553.43235891504,675.39042136356
1743,32.90248754034,15553.54412280924,659.69282390326
1744,38.21914082776,15553.61655408764,732.17340862643
1745,26.69412236090,15553.72023105094,789.62278813461
1746,35.84286639114,15553.82528164538,761.18637210682
1747,24.03140814481,15553.92895328539,634.90234449161
1748,36.73624368607,15554.02452034472,688.25330486455
1749,24.07704320224,15554.12136969144,649.63414228000
1750,38.28581532161,15554.22392636174,862.06870550090
1751,26.13267601610,15554.31787790270,761.44358007823
1752,33.61400947039,15554.42216457827,672.28018940771
1753,26.30008444351,15554.52435931795,770.37252742383
1754,39.75069998809,15554.61953891465,792.02708625940
1755,25.93817376708,15554.72349316762,746.37066845582
1756,32.52769092835,15554.83485293232,628.21405792108
1757,26.14628214963,15554.94599420380,761.39122898187
1758,37.20268155538,15555.04134232958,692.00987865722
1759,25.31144520830,15555.14013527084,764.38888256026
1760,34.43156659517,15555.24213097237,621.67812064804
1761,26.01827842238,15555.33444570627,745.05010965231
1762,34.89921300338,15555.43891016410,735.37204890125
1763,26.15090205521,15555.53645292581,755.66605149459
1764,38.30584100301,15555.63220145381,731.83206479080
1765,25.96012409366,15555.72841090065,743.83796842361
1766,34.11883118651,15555.83871716767,711.60464379261
1767,25.46055099123,15555.94797024029,718.33054146018
1768,33.99860800850,15556.04687468060,694.27122185564
1769,35.21127897424,15556.11538223002,612.91904245304
1770,23.02551136811,15556.21737094861,596.44519496353
1771,37.73812183727,15556.32205914838,823.34861373976
1772,25.81486534745,15556.42534475307,745.95581161183
1773,33.64491790318,15556.52116887988,565.99512515690
1774,26.19609481078,15556.62212075970,757.42509891630
1775,33.76061367465,15556.72494304579,707.36341202200
1776,24.32127887047,15556.82645448779,646.23244406487
1777,34.42097631832,15556.92173731653,722.02049050611
1778,25.44367120347,15557.02858457418,706.03322253199
1779,34.03635140649,15557.12224909063,597.33554293747
1780,25.46199127937,15557.22535919009,711.11471643492
1781,37.11726231932,15557.34184089420,827.47356909710
1782,36.59214200521,15557.41102608953,690.41915451731
1783,24.65486963884,15557.51297993696,676.99955544215
1784,35.11578129533,15557.61726855753,739.10169565477
1785,25.74392347874,15557.72672281502,728.60306509051
1786,36.17032342993,15557.82447125557,784.15392596240
1787,26.18752874087,15557.92492340641,760.79165502217
1788,34.98596056550,15558.01764691578,612.00435915714
1789,25.25059536366,15558.11681631619,702.94682503008
1790,34.33249146904,15558.21324402771,731.53186300686
1791,25.42861638187,15558.32152540066,716.52769499182
1792,38.40934777448,15558.42219619978,724.70612439817
1793,25.98513852714,15558.52427476312,749.07542315316
1794,37.23121767980,15558.63964625067,830.84863712983
1795,36.17736148195,15558.71050909606,797.54468283907
1796,23.63629815739,15558.81832609072,622.22302374257
1797,37.63847226963,15558.91548840158,702.13659567598
1798,25.84192244620,15559.01437099825,740.00004303165
1799,31.73052725482,15559.12024659908,607.86945479419
1800,24.68614578939,15559.22866263534,676.05794533550
1801,35.38624952565,15559.31828790872,599.48108404354
1802,25.42840303545,15559.41625283601,724.59794984370
1803,35.94416229101,15559.51594652531,778.42143759937
1804,26.35879611858,15559.61600872455,771.64222009145
1805,34.47641139117,15559.72689436254,712.41981753063
1806,24.85473771051,15559.83821247928,686.09881637685
1807,37.00904185715,15559.93857338521,681.40872590802
1808,34.97662838704,15560.00888085693,748.53253520671
1809,27.62082710634,15560.11675611019,837.78116643624
1810,36.49784346389,15560.21993099048,666.02314397651
1811,25.83353224662,15560.32342880204,802.08853523603
1812,37.41686045084,15560.42134201905,700.00536147886
1813,24.69749290503,15560.51909803868,683.54522552500
1814,31.04331295081,15560.61969037596,591.45454792661
1815,23.41237642053,15560.72424929411,603.29473845879
1816,38.31678164871,15560.82332189910,746.93158136995
1817,26.01519805236,15560.92706206758,738.11677694748
1818,35.40364580032,15561.02897853307,755.18557445138
1819,26.22864026114,15561.13769384944,762.88830648820
1820,36.32585004601,15561.24977104737,804.10696860976
1821,39.60261526187,15561.32091859928,791.06162029029
1822,26.91912925149,15561.42125074598,787.58582315049
1823,35.19133644376,15561.53112458646,768.59038938359
1824,25.37523556707,15561.64039637324,708.69176125146
1825,37.19105711655,15561.73788883112,703.68782364184
1826,25.12639691573,15561.83649609407,691.31846295975
1827,34.92839201424,15561.93900404010,743.40879307514
1828,25.48815203035,15562.03892381266,727.19444280928
1829,36.01390178808,15562.13509144227,775.76318590712
1830,25.40776876453,15562.24008469119,710.50952564256
1831,39.55655542394,15562.34896137781,796.06032195304
1832,34.92460204847,15562.42389031155,724.21196216646
1833,23.61748268448,15562.53199074495,622.62421604391
1834,37.28290541955,15562.63852081686,685.43787635699
1835,33.79203065262,15562.70943394970,690.87969885665
1836,24.46384813084,15562.81663931067,667.28481163172
1837,34.50205280515,15562.91494948045,698.61332336667
1838,25.12662706330,15563.02534539953,700.39768713808
1839,40.93933036601,15563.11896356641,838.00719267343
1840,26.35208676326,15563.21678752173,779.05967980917
1841,35.32595783334,15563.31819420562,751.87050312525
1842,26.39631780273,15563.42090771245,758.17650627853
1843,36.14449508085,15563.51679877034,675.23489179892
1844,25.41618779252,15563.62695861404,705.72840814906
1845,34.86137122986,15563.73361373477,755.77651848435
1846,25.06705967926,15563.83657528675,689.23019058106
1847,34.99719567642,15563.94457805359,734.10736973149
1848,38.21010805158,15564.01738973485,730.00308932181
1849,25.37534584787,15564.11730931958,708.69484122651
1850,33.43109082455,15564.22591879329,685.94863364230
1851,25.96769209616,15564.33402255857,747.22005805457
1852,34.10987831581,15564.43304866783,697.37810968267
1853,23.73706889278,15564.53320935927,625.77684963278
1854,34.23474468707,15564.63080191246,586.00443593045
1855,26.01510456056,15564.72923827750,757.57127992811
1856,34.14544600971,15564.82983246499,687.16384559776
1857,24.85036206398,15564.93483247741,685.07720439400
1858,33.99357309330,15565.03530813782,569.83612229617
1859,35.17994549318,15565.10583741723,762.68304393395
1860,25.33196074015,15565.21021849194,707.48316110943
1861,31.59035753312,15565.31911873962,599.38489142236
1862,25.31955819421,15565.42654834887,707.58992446496
1863,34.07495736318,15565.53164921987,592.15962478818
1864,24.84986052472,15565.62999436456,682.35382196196
1865,34.94339358415,15565.73678801058,728.80225610381
1866,23.70348066766,15565.83072962872,628.92441280051
1867,36.55318785345,15565.93401024820,802.50690424719
1868,24.82900393406,15566.03025303478,683.13610160996
1869,36.24085226497,15566.12882185079,658.34777515692
1870,24.52123989363,15566.22860372094,667.04984250158
1871,33.97679445677,15566.33252155997,690.49005635364
1872,24.85499482105,15566.44072702058,686.10591374531
1873,31.16860416748,15566.54728629425,582.27757824471
1874,34.94143742973,15566.62652911189,621.13257819185
1875,25.95422893772,15566.72648723266,741.40107350697
1876,34.13621896091,15566.83644458192,702.07837967903
1877,24.42148575028,15566.94091533447,661.63749986568
1878,35.44037652504,15567.04214894057,628.00507203861
1879,33.02504273862,15567.10980799688,664.61616471060
1880,25.14225364906,15567.20921612908,694.94571714285
1881,33.59019650784,15567.30804447126,687.57417439961
1882,24.27170876845,15567.41369576980,647.64996930198
1883,41.16152443639,15567.50468654103,854.53545361366
1884,24.29407032876,15567.60733728411,655.48985429591
1885,34.95694290068,15567.70963322232,732.42929297387
1886,25.04104441500,15567.82249093283,683.48749770450
1887,32.42484189326,15567.91852504940,638.69531410493
1888,26.16317061081,15568.02866749783,763.22950902399
1889,38.75058188323,15568.13521870700,742.35435462988
1890,34.22410725639,15568.20831732579,720.33412820100
1891,24.67933216682,15568.31018080707,672.25703541164
1892,33.64817162158,15568.41150529141,682.15392352341
1893,25.66606697410,15568.52018982836,725.03799979532
1894,35.18621903006,15568.61413322572,631.39412659717
1895,24.29248747691,15568.71895247063,707.40791326343
1896,39.10096004593,15568.81796007146,769.20642522712
1897,24.98120676133,15568.91311233748,689.58991200139
1898,35.63975846100,15569.00912582339,766.87617866405
1899,24.54274412944,15569.10758757588,662.19944026376
1900,36.17451589647,15569.21497390156,790.06335275345
1901,24.98508299412,15569.31799950572,693.30791616111
1902,35.99535154122,15569.41940754141,660.78681666486
1903,24.84478466156,15569.52456149186,745.34353984681
1904,41.71247308996,15569.63746192724,869.98260264616
1905,25.22346791476,15569.73477134690,693.07186994094
1906,33.98174689339,15569.84224467557,715.23303266381
1907,24.15200660571,15569.93565588748,641.28012075301
1908,32.68494129229,15570.03449574011,646.30287514956
1909,25.34798838189,15570.13710914628,712.00329096276
1910,38.26263608540,15570.22829824823,732.00733001420
1911,24.02137628284,15570.32859400589,694.96129101041
1912,39.11904509580,15570.43110801191,780.42249858945
1913,26.50677103704,15570.52708284491,774.61474929919
1914,35.87168992484,15570.63263231730,758.41270276448
1915,25.49113693762,15570.73987049000,728.17252000892
1916,34.38479834003,15570.83943355295,707.19090277107
1917,37.31086834420,15570.90732255945,696.02522369242
1918,24.24946634207,15571.00850939241,649.77710919541
1919,35.01868985618,15571.11965779634,740.37825585424
1920,22.20176458992,15571.21577616703,552.37347801182
1921,35.64711677777,15571.32007874360,754.50724760361
1922,27.12208600374,15571.42471711458,806.85356852222
1923,36.11171719635,15571.52361450857,652.01402956633
1924,23.31614015577,15571.62422855519,665.63394541402
1925,38.58100995832,15571.72775814972,722.81498989771
1926,25.78347499373,15571.81140198159,744.15593556240
1927,32.08966622964,15571.91360423741,611.39025538428
1928,26.10163885024,15572.00620919363,751.98092200181
1929,33.28422465786,15572.11425960641,681.31108683222
1930,24.41737585512,15572.21680948133,658.81681928851
1931,37.07903442541,15572.31188355937,691.70041801670
1932,24.36393993273,15572.41646877577,708.23253656087
1933,36.73346894390,15572.51724786017,682.29390333285
1934,25.69839532024,15572.61795482299,736.33862834375
1935,34.79820807463,15572.72674106817,725.77417222178
1936,24.84480936335,15572.83435912163,681.30972643167
1937,32.87053140604,15572.93100572614,663.13802244384
1938,24.70118139474,15573.03165927964,674.21104256038
1939,34.96451271415,15573.12670921273,616.60589799659
1940,25.15807430443,15573.22117847078,755.16141396338
1941,33.45016787697,15573.32010157284,583.22360568081
1942,25.53126463628,15573.41379976337,703.84839289811
1943,34.21176924876,15573.51832000912,724.93439334440
1944,24.40780687687,15573.61892695970,654.93018430043
1945,32.60879703047,15573.72024343377,637.33307769324
1946,25.65774868096,15573.82234275852,726.61729544175
1947,36.23133572412,15573.92648937515,676.85720889684
1948,23.68451573946,15574.02627924591,674.90481112513
1949,40.92625102207,15574.13064147064,813.39315154175
1950,26.56275065526,15574.22826782445,792.88809590942
1951,34.30947835469,15574.33111627321,698.93721217492
1952,36.33209876558,15574.40266971378,660.00535015628
1953,24.51392422911,15574.50599932552,726.37367684609
1954,25.77437029756,15574.63868560733,739.86361400625
1955,37.90446061621,15574.73037664302,720.18475170804
1956,25.44233539216,15574.82541980047,778.80148119034
1957,37.20515985563,15574.92206622821,705.91827512678
1958,24.47104341219,15575.02027265640,664.33362003369
1959,36.32635157469,15575.12403232707,798.35370885703
1960,23.91165294983,15575.22975927232,630.37938340444
1961,33.29234141110,15575.33074607271,669.16778063484
1962,25.66322416467,15575.43563729967,728.58250464034
1963,36.98667912296,15575.53476772008,684.00360812660
1964,26.71023717196,15575.63221778009,791.45276793298
1965,32.63491624302,15575.74260954582,637.00815212212
1966,36.32533751124,15575.81306508841,804.09562316907
1967,25.60367955925,15575.91419695011,726.44095948192
1968,26.26912743298,15576.04251447927,758.62765885449
1969,35.97743960174,15576.13637481413,775.81242226337
1970,36.94395501737,15576.20528379846,696.07744782855
1971,24.23742776972,15576.30725367347,645.82626338180
1972,34.60701908442,15576.40671374666,736.56875698673
1973,25.93851302592,15576.51313863655,735.02624835475
1974,35.72111856731,15576.60886790278,773.59111175562
1975,26.07617110494,15576.72038552938,761.13837636075
1976,39.62625946517,15576.81342201077,769.40278500845
1977,24.36596484108,15576.91444695557,657.88105070903
1978,30.47771109850,15577.01892561525,561.98122485824
1979,23.13053725865,15577.12110964821,592.88219090725
1980,35.51529109264,15577.22464510014,757.56704992678
1981,25.04567277440,15577.33277084445,695.89121239278
1982,35.04352730374,15577.43242021992,748.32496649836
1983,26.99880638551,15577.53171354468,803.63977873840
1984,35.90695586815,15577.62675653108,659.16408781472
1985,25.07223361352,15577.71986595563,687.54629485934
1986,32.79265839311,15577.82762230103,649.26151144134
1987,26.48068792505,15577.92077397928,777.91950538917
1988,32.95818329434,15578.02823457749,663.27064434947
1989,25.78282993373,15578.12831647068,732.88572783792
1990,38.42885697532,15578.23327300951,755.00724545786
1991,35.78122093822,15578.30880213219,765.75156774123
1992,25.62831338856,15578.41111175202,725.78369960201
1993,34.95833520623,15578.51948640528,732.45846501465
1994,24.39110374526,15578.62365736696,662.61251507277
1995,34.43589308337,15578.72765795245,710.74882484841
1996,24.97645950817,15578.83438506095,691.26610190679
1997,36.89207537276,15578.93282613212,694.12025597837
1998,24.62015765703,15579.01763517975,661.08676402139
1999,33.19493007739,15579.12084415809,663.89860154777
2000,25.97011325616,15579.21688980393,748.19170638706
2001,35.64401858183,15579.32049921500,770.27375674438
2002,25.60685360033,15579.42633070359,722.91190901310
2003,38.65497298936,15579.52628911047,755.50450022538
2004,23.55525929444,15579.62942393976,669.98048069071
2005,34.90478475395,15579.73268269100,617.52868079084
2006,33.32557455694,15579.80167335047,665.67783041095
2007,24.92760927751,15579.91627374303,688.56175639887
2008,33.53442411767,15580.01417895001,674.03358281692
2009,25.19246035482,15580.12628615081,707.63464184372
2010,37.18707338593,15580.22651070977,683.67602585556
2011,25.08026602775,15580.32358237664,701.35115300803
2012,33.81080542111,15580.42926083602,678.74718193103
2013,25.54222191728,15580.52361347717,719.27549984283
2014,34.18711403809,15580.62493537656,712.20875068616
2015,24.08037984555,15580.72291628895,640.73723397523
2016,36.62943003972,15580.82922350012,684.29422445114
2017,24.10739731327,15580.92664756086,699.94531800730
2018,38.56951257468,15581.02877263745,741.89938744541
2019,25.84334675323,15581.12427113184,740.94276816588
2020,34.03085542772,15581.23578428259,712.21304050143
2021,35.78632727354,15581.30492945322,633.12476003963
2022,21.93524362469,15581.40995381785,581.59427761169
2023,34.33237951164,15581.51141452723,577.56001945210
2024,24.05890228470,15581.61033509804,644.67084580101
2025,34.74189118257,15581.71878491130,728.75205748888
2026,25.56816941925,15581.81653591461,723.17703915521
2027,35.79349189961,15581.92464307229,773.50390246318
2028,25.74053398485,15582.02593340612,727.59707034205
2029,32.11697430048,15582.11716189641,628.54157749302
2030,24.07167754057,15582.22032227475,642.76337427323
2031,35.90670442551,15582.32165319147,650.29807522860
2032,25.38759775174,15582.42654283680,715.82221611596
2033,33.86383575361,15582.52742661208,692.34775761458
2034,25.02176413777,15582.62773680742,684.79224714065
2035,34.67794721272,15582.73539295667,738.07837684653
2036,39.22449435813,15582.80548860524,760.59116486898
2037,26.50887498935,15582.91137551525,776.48834430814
2038,34.68767795321,15583.01584520188,731.73736804580
2039,23.33283279486,15583.11483282723,598.52240955650
2040,33.24418825752,15583.22013740301,640.32828738582
2041,15.22198652807,15583.55483930322,661.23720779694
2042,38.83434598467,15583.61788765357,754.02660654492
2043,25.36809483907,15583.71419910478,706.67334954187
2044,37.32669958639,15583.82153063144,842.95555993577
2045,24.52928781163,15583.91902584557,664.10526957707
2046,33.12474033720,15584.02902206640,674.80226385137
2047,25.30636104824,15584.13171410202,704.04461361202
2048,36.20825795312,15584.23584251260,668.62840120949
2049,35.19496278360,15584.30321184728,742.43855326603
2050,23.42843881828,15584.40651806357,608.23764799725
2051,29.02031303192,15584.51895416175,514.24125709614
2052,25.27130003914,15584.62562352642,708.49837265528
2053,35.41603092478,15584.72744518870,618.51438962381
2054,24.48563374736,15584.82769445828,724.70857851181
2055,39.49917199287,15584.93272127254,780.04614566562
2056,24.18706175198,15585.02681637911,649.00697104107
2057,37.48754352533,15585.13037757760,858.12909393128
2058,25.80512703272,15585.23018370314,731.24645550135
2059,35.47584272019,15585.32991825552,773.99151051728
2060,26.14095020857,15585.43694666169,750.38643705281
2061,38.08032068619,15585.53652489533,741.34472557001
2062,33.94768771690,15585.60384525368,690.73326078038
2063,24.89380992630,15585.70378611983,681.29041363619
2064,34.12972996640,15585.81168378709,706.90572397715
2065,25.60930899720,15585.91649022769,728.40366296229
2066,33.46579700257,15586.02104998605,660.04868937646
2067,25.01392160095,15586.13063691829,700.38980482666
2068,33.71297399692,15586.22937414524,673.41612816387
2069,24.94401450015,15586.33873711865,684.03019104169
2070,36.34972760958,15586.43712308474,688.72902387459
2071,34.78929203517,15586.50743329006,723.91827291031
2072,24.62085739860,15586.60776295724,672.46949210024
2073,33.04733364211,15586.71616486514,655.97084293130
2074,23.99185323417,15586.81845904809,641.08099443790
2075,34.13395562656,15586.91407850568,685.23437703210
2076,24.64184190828,15587.02153366408,674.39458709425
2077,34.10120969077,15587.11609530933,695.53093460138
2078,24.43778510047,15587.22452915083,662.52994298631
2079,39.44375060195,15587.32557013144,775.94990922050
2080,24.70401698803,15587.43076415034,741.12050964098
2081,37.57252994676,15587.53720142449,697.87876975668
2082,31.75062866405,15587.60829287525,609.90965985758
2083,24.69282076230,15587.71759537221,682.52314499955
2084,33.36858234378,15587.82080794702,667.37164687556
2085,24.99775034285,15587.92762805427,690.49922479408
2086,37.35658754979,15588.03076754472,703.85204044928
2087,33.69942483766,15588.10118664248,680.69501513591
2088,25.04293016541,15588.20214760289,692.20036143455
2089,33.14689941022,15588.30476452341,669.53454856977
2090,24.70375209216,15588.40724900715,679.68996840105
2091,24.81091457525,15588.53003539698,676.75152209131
2092,30.74521683746,15588.63772606275,567.74687159728
2093,37.40843679669,15588.70757561998,713.70748648177
2094,25.35408088167,15588.81004432519,779.81833064963
2095,38.62733677913,15588.91564575029,746.01778645006
2096,25.64722293213,15589.01870402744,723.14254133168
2097,35.78248092197,15589.12730882997,767.44871674170
2098,33.75109817729,15589.20077277397,694.15761446318
2099,25.62278045060,15589.31698082838,723.81520339089
2100,35.50067105737,15589.42038429804,767.99693886436
2101,25.27333260951,15589.52560722339,702.21671540871
2102,33.97454723410,15589.62595426696,578.56569145685
2103,24.01458868497,15589.73115535861,704.65530894097
2104,40.54415427135,15589.83707189242,823.95457885995
2105,36.96019519911,15589.90677278892,826.45508926876
2106,24.07335929059,15590.00877173176,639.64505707363
2107,34.78938997222,15590.11432951206,723.92031084828
2108,23.43664521725,15590.21504428037,609.35277564861
2109,34.95610436775,15590.31324300772,612.48042776790
2110,24.88433972365,15590.41270085467,746.94481556370
2111,39.48716537924,15590.51924496578,772.77906025608
2112,26.46878021738,15590.61696490088,781.16541149523
2113,34.70431986987,15590.73215628398,727.13625266501
2114,38.02758726544,15590.80298768693,881.22318408279
2115,25.75971459276,15590.91331113441,729.50492973806
2116,32.50323070690,15591.01774413879,645.17070804241
2117,25.77606876898,15591.12797198420,725.86068697665
2118,34.19875717686,15591.23219080603,591.35179270902
2119,32.53207853596,15591.30085053451,644.92332924998
2120,25.73630392298,15591.40548932230,735.62622741858
2121,32.02318162753,15591.51062838939,607.59715120951
2122,25.86949304142,15591.62034811047,746.19026904885
2123,34.76150333598,15591.72036687771,717.46934473861
2124,25.34823781624,15591.82493111826,715.61087808247
2125,34.82530180630,15591.92743807483,620.04687060754
2126,25.40176456220,15592.02775881957,776.31383244384
2127,40.45551977172,15592.13203723099,811.13064925448
2128,34.60069332910,15592.20249243694,734.80664018723
2129,25.27493666085,15592.31404206162,705.89056524632
2130,34.14115055837,15592.41915939417,697.18202309323
2131,25.86734343575,15592.53307154248,739.37175757368
2132,33.73082224705,15592.63730942534,685.49131036637
2133,35.40140573258,15592.70642351366,635.25551391966
2134,25.79672705940,15592.81325175369,738.25527630637
2135,32.96054543878,15592.92549843046,655.90657263543
2136,35.75504884590,15592.99896407966,771.84542453481
2137,26.58901253678,15593.10838390584,777.92744073921
2138,36.00522886648,15593.21035430585,633.93747071424
2139,24.63619860387,15593.31329957991,742.36351724583
2140,37.14845641749,15593.42181131373,690.00195354776
2141,24.37740243553,15593.52063831561,659.99312904487
2142,35.11479157206,15593.62706014772,749.84675483738
2143,24.92271555306,15593.72424833456,682.08149890877
2144,36.66229463979,15593.83395167593,813.20903422274
2145,36.17989786585,15593.90140300413,660.22118126529
2146,25.01833625926,15594.00235215844,753.04776552238
2147,37.53645123299,15594.10819973651,706.24411543946
2148,25.02989592921,15594.21469015184,701.28390600982
2149,34.46726725420,15594.32710855365,710.56091757740
2150,33.54820198389,15594.39923170909,675.97753933020
2151,22.84649893351,15594.51140695069,570.24788112028
2152,32.80288818534,15594.61278207692,673.85787650853
2153,24.99359057465,15594.72310800274,686.75546973370
2154,34.51264738267,15594.82542582183,600.75803556535
2155,34.14057983764,15594.89469008397,697.17036864603
2156,24.46043947768,15594.99540132725,664.49610035547
2157,25.27361145632,15595.12714691772,702.22446313617
2158,34.53906965068,15595.22631670820,726.96331972412
2159,36.40152918982,15595.29637675228,798.34786181137
2160,25.16394756280,15595.40401362439,706.83374192826
2161,34.67020594054,15595.50341460198,599.50390391374
2162,24.84031963365,15595.60752327330,743.13667932224
2163,40.44842886416,15595.70980157794,816.01635205094
2164,25.61939726985,15595.81176586118,731.83636794013
2165,36.31694746934,15595.93050496046,781.44754899250
2166,33.16450672215,15595.99710769534,676.42586773979
2167,25.39150203390,15596.10738969038,709.60049414774
2168,38.20113396596,15596.20957356933,727.82935429374
2169,24.07949745688,15596.31613717358,707.38006522706
2170,36.27008195365,15596.42303710479,661.86688643547
2171,23.06002721625,15596.52838498570,634.46512543795
2172,37.70682510648,15596.63442689245,733.10446822599
2173,36.02969445265,15596.70384331008,763.45553778578
2174,24.95579030025,15596.80697740779,695.18787413178
2175,31.46464729437,15596.90431225524,587.80812026235
2176,25.52411771028,15597.00740222824,721.93106866971
2177,35.36973595669,15597.10800539675,639.59593375676
2178,24.38969402950,15597.20644576695,712.32939722394
2179,35.78103827469,15597.30834498702,652.94267673738
2180,25.90638593725,15597.41126870056,738.67279405986
2181,36.29004264827,15597.51871526748,800.85143701325
2182,24.53757100128,15597.62083400693,667.94495391944
2183,35.32775898480,15597.72808558647,741.04132418569
2184,35.35302934339,15597.80468312437,749.11726118535
2185,25.08016279204,15597.91380359841,701.34826609754
2186,38.25356783957,15598.01905644817,729.83155912457
2187,24.71252881046,15598.11873340099,734.75630443274
2188,38.60734303358,15598.22861134489,776.95779108363
2189,24.35661333525,15598.32703671936,646.25398077427
2190,35.07007118904,15598.43441017494,735.63601938052
2191,36.55192725106,15598.50333740375,806.63072645942
2192,24.90208679048,15598.60381717333,694.13868996526
2193,36.03690948547,15598.70561474016,643.63978407126
2194,24.09321850205,15598.81118474699,699.11861346778
2195,38.00605768263,15598.90550362922,733.03429418696
2196,24.89902153798,15599.00904609832,685.06254026653
2197,35.48317233481,15599.11084088047,745.99097807700
2198,25.05374055189,15599.21767927191,704.18394852242
2199,33.54000957871,15599.31972069743,684.08465331169
2200,26.63682329837,15599.42630451487,772.92699478721
2201,33.49340072927,15599.52616713680,702.56350080334
2202,40.30169829489,15599.59750989843,808.04653823392
2203,23.20909116406,15599.70098239197,644.02614290848
2204,39.99923102365,15599.80331741940,804.96899654945
2205,26.16637028036,15599.90937256028,756.56565381357
2206,35.36450305468,15600.01346038035,769.12712869324
2207,25.20368446022,15600.11774365732,697.55493987483
2208,34.82216135008,15600.21758915190,732.09401795279
2209,26.65163004054,15600.32632797275,795.98741847197
2210,34.50620869203,15600.42561166030,693.56621102278
2211,24.90280826258,15600.52935050211,691.47345687935
2212,35.21405245808,15600.62995025882,620.00737258618
2213,24.75932090047,15600.72834625755,744.42841844789
2214,40.74214441967,15600.82999493099,829.98058275111
2215,26.44145388731,15600.92749406486,768.62354810745
