,error,freq,rate
0,1.42993093810,13252.09186579056,63.59576653146
1,5.52555171279,13252.13672335663,67.44795428982
2,4.87972089102,13252.14015970047,52.55620242192
3,2.85360518945,13252.15266874524,54.29354154002
4,5.52441538304,13252.16158628756,67.88515275066
5,4.98754386099,13252.17333052505,54.86298247091
6,3.61333034042,13252.19553252047,58.37513815734
7,3.72018158600,13252.21383880416,61.24191807813
8,4.13872324433,13252.22050697045,57.04836297119
9,7.51320508035,13252.23286396119,63.75165912915
10,6.00303779563,13252.25678210077,79.63929588165
11,5.50254059157,13252.26361457645,66.94129546366
12,5.27151602754,13252.27726767580,61.70151317693
13,3.78002119780,13252.28093160909,63.47735022934
14,7.08907927267,13252.29337516545,51.12007762686
15,4.91689900068,13252.30614731820,56.06127408266
16,5.53343193293,13252.32533374210,67.99594997062
17,7.66015342449,13252.33827057504,64.54560004023
18,3.38655914381,13252.34193772213,51.13592168210
19,5.61441989536,13252.35339577736,68.99114671444
20,8.83089898864,13252.36950216434,87.42143982376
21,7.52084303089,13252.38609394616,63.37174979885
22,7.58444712615,13252.39194986914,63.90768743168
23,3.53804071050,13252.40244004926,55.60467445344
24,6.50021452355,13252.41537356111,46.87371353238
25,4.49084916944,13252.42172762505,44.90849169444
26,4.10515263356,13252.44432901508,56.13711796204
27,8.25420084001,13252.45929298356,75.65100030147
28,4.30126149164,13252.47067181590,61.28354293902
29,4.78956540737,13252.48467693278,51.36236687522
30,7.75155354974,13252.50906832899,66.68138495972
31,3.96042999130,13252.52470326156,52.09132354694
32,3.50863993445,13252.53151493841,54.91890181407
33,6.63347510814,13252.54713182844,49.19516806118
34,7.40221934003,13252.55298775143,65.79236461378
35,4.78942325787,13252.57104100332,50.68649145505
36,3.33239665541,13252.59147684904,49.20224698363
37,7.20739675506,13252.60764303269,57.65917404047
38,8.36132535216,13252.61545093001,69.95586690996
39,4.74463059576,13252.64082659632,50.65879214796
40,4.03165656342,13252.65351348928,53.93988859395
41,4.09419505506,13252.66099102396,55.83737606386
42,7.14691218694,13252.67401015994,57.17529749552
43,4.26491927402,13252.70182839344,40.46057682798
44,4.17029176817,13252.71240318596,57.78525779888
45,4.82436243944,13252.73207839321,51.51009528210
46,5.36304694207,13252.76332519624,63.45642717963
47,8.08724976864,13252.77648881231,74.12086845761
48,3.59893509049,13252.78181045680,56.21716324816
49,7.76109659067,13252.79210460696,73.62822710129
50,8.28110730334,13252.81455231175,75.44447804885
51,7.93952037787,13252.82138422191,62.51584597122
52,2.94840975635,13252.84423829126,58.89443875656
53,4.96442701633,13252.87066986854,54.60869717964
54,4.43903534513,13252.90529986347,65.39107393658
55,4.17127453906,13252.90954910973,58.24867895184
56,7.30418845131,13252.93264675877,64.50884572455
57,8.64806087098,13252.95411847641,82.04270908826
58,3.64737410522,13252.96408698522,57.78527324264
59,6.79371537803,13252.98535006570,51.73939486489
60,3.46681625424,13253.01429014815,39.83068631305
61,7.86841721598,13253.02341356516,69.04508085540
62,3.89734297895,13253.03125197594,67.16559269280
63,6.45045099769,13253.05757311593,47.40094066549
64,4.74989841543,13253.07122819042,50.04328506624
65,3.79186236165,13253.09124881257,64.01400431440
66,7.48363048215,13253.10246852555,62.16370354428
67,5.00260309830,13253.13078448493,55.70663050422
68,7.32152976200,13253.14248399933,64.66200003372
69,5.06231271522,13253.15321985814,56.82431929514
70,7.42653788206,13253.16590769130,61.24080024073
71,5.80514474286,13253.19225934477,74.79405798992
72,7.60232918319,13253.20397119074,58.39459847937
73,3.44077617395,13253.21664885229,52.52116885851
74,7.19604780887,13253.22641889555,58.01639220418
75,6.65756740886,13253.22837086989,48.92292923967
76,5.36591954564,13253.27668250154,63.94231107000
77,4.13199450306,13253.28106959354,56.95561367357
78,8.37728444963,13253.29668997145,76.32069355198
79,5.34502399294,13253.32206563776,61.64182376857
80,3.31656656274,13253.34477103689,61.78078970421
81,7.63492291765,13253.36696104737,64.78446922688
82,5.41673714280,13253.38207552443,65.45068392328
83,7.48357442240,13253.39136072650,62.16323787699
84,4.50924070641,13253.40502454682,45.54109878268
85,7.27834384236,13253.42161632863,58.22675073887
86,3.04414597149,13253.46651449914,61.63925798752
87,4.74843162079,13253.47822358421,49.80197098814
88,8.31621358889,13253.50359925052,77.56847643002
89,4.41446289850,13253.52441525491,64.87908953865
90,5.11052888505,13253.53143624782,58.49267662307
91,7.09133151921,13253.56606242911,55.83720021949
92,7.29354222777,13253.57289433926,58.80241733838
93,6.73714573472,13253.58167822375,50.41618220816
94,4.34780746442,13253.59500564618,62.85552336320
95,6.62768693771,13253.61876573604,48.70335351692
96,7.92414255652,13253.63535751784,69.53406873411
97,3.77519610058,13253.65561252333,63.73264544468
98,7.93683679693,13253.65975719698,70.09624462552
99,6.42138969580,13253.68415687611,44.94972787060
100,7.40930406560,13253.69294076060,59.73571911238
101,5.50897253393,13253.71682656121,64.71577409250
102,4.44603517513,13253.72222037558,67.57388436250
103,7.19219262245,13253.73002827289,57.98531069760
104,6.92293874365,13253.76613979801,57.92146112956
105,7.04420668062,13253.76906775951,55.01701294431
106,3.03621136646,13253.78177934498,50.44133157897
107,5.76933999128,13253.80078880714,73.88360146435
108,3.58919529594,13253.84226645047,56.97670895943
109,7.10903356993,13253.85983456589,55.97658630626
110,7.89994237586,13253.87057042470,69.32171301060
111,7.92429258774,13253.88521023218,69.53538525269
112,8.31067351918,13253.89301812951,76.62062398009
113,3.88676737182,13253.91107890966,67.43289361574
114,7.44302082218,13253.92327373163,60.92375111797
115,7.67599901345,13253.95352933376,64.67911734609
116,5.07832904991,13253.96621716692,57.22986191031
117,4.21802627386,13253.97206047352,59.65189962939
118,5.51876822362,13253.99353291386,67.59083078282
119,6.87058404852,13254.00916060220,47.60080259887
120,6.71243142883,13254.02282442250,49.32609580216
121,4.33103809219,13254.03232791746,64.09351074299
122,8.19526384654,13254.04136817864,75.55659937240
123,4.78074911974,13254.07161624283,51.04443245480
124,8.06278224895,13254.08040766527,71.20856474001
125,5.46579471222,13254.09118430369,66.94204041875
126,5.72319097606,13254.10238878265,72.39327587391
127,6.30991229628,13254.11261524172,44.16938607397
128,5.20317003626,13254.13067262984,59.77987246782
129,3.81888736248,13254.15604945440,65.14533828299
130,6.38464888002,13254.16434256149,45.14628518560
131,5.66948137169,13254.17507414111,71.26427580338
132,5.20496509466,13254.19997144174,60.02658575728
133,4.71453603706,13254.21751286498,51.64515471337
134,7.84418474192,13254.22387777858,68.38401716899
135,7.86099279933,13254.23558962456,68.53054641633
136,6.36832531001,13254.24339752189,45.03086011513
137,7.47698568312,13254.25998930370,62.55695040032
138,6.99587016713,13254.26877318819,48.97109116990
139,3.83349728022,13254.28341215294,65.39456480974
140,5.48334464926,13254.30083299262,62.75974808010
141,6.88351401521,13254.33221235393,53.76196310639
142,2.86889931389,13254.34309266582,55.63002166755
143,7.74551776909,13254.35661203306,66.62946321140
144,7.74709582586,13254.38101171220,66.64303816901
145,5.77134057394,13254.39075449844,74.58215689698
146,4.89760134572,13254.40444794034,53.42652313266
147,4.95883125087,13254.41175984764,54.32127469931
148,4.09092208282,13254.41842799525,55.79273867370
149,4.85747541778,13254.44835482663,51.86364514301
150,8.46604099253,13254.46104265976,78.96597341634
151,3.23805020819,13254.47392569657,58.28490374734
152,7.30048952630,13254.49813017204,59.75708218010
153,7.20476135320,13254.51667392819,57.63809082563
154,7.08350282083,13254.52740978701,56.66802256663
155,3.58799937592,13254.53252773952,57.07062378279
156,7.61995619731,13254.54302558166,63.29610998298
157,6.63953710186,13254.56840124797,48.79043408353
158,5.13164971174,13254.58499877280,58.73441553373
159,3.31718328064,13254.59311843405,62.05881662644
160,6.47099142318,13254.59865685008,46.66298275875
161,9.04770049146,13254.61915258056,83.41567691724
162,6.56481634950,13254.63672034954,48.24135093405
163,7.14424391319,13254.64355225969,56.70567809963
164,4.52790894176,13254.65721608002,68.21982688612
165,4.37510288595,13254.66406092375,63.55204033244
166,4.06891852116,13254.70536493218,55.19349616992
167,7.20874239183,13254.71089537410,58.56410004033
168,3.38970736464,13254.72201975227,63.59654737726
169,8.95058818698,13254.73627104040,88.15307029603
170,6.89612867703,13254.76164670670,52.51935131314
171,7.35508769916,13254.76945460403,61.09594699569
172,3.69616456846,13254.78409208631,60.39582669424
173,4.95206646394,13254.79287829600,54.69736187530
174,5.33223190281,13254.80605813458,63.09181871797
175,6.59576762108,13254.82606185962,48.91552185272
176,5.39298355016,13254.83288112736,64.71580260197
177,4.95729647907,13254.84509612144,53.85002348190
178,4.63414155855,13254.85377308367,71.94122312216
179,7.42741083217,13254.86119739758,61.69670805819
180,8.34959812750,13254.88754905104,76.06845915310
181,3.82133062487,13254.90416334304,64.96262062285
182,4.55876550589,13254.91395864053,67.15480933995
183,7.64063654816,13254.93830038364,71.26711329158
184,6.87135464837,13254.95001222962,51.87758994125
185,4.79527853058,13254.96336590800,76.87416288813
186,5.09327192434,13254.96904572865,57.84844887717
187,5.21411289286,13254.98270148712,60.58251719787
188,4.43860030713,13255.00561893418,43.26212437242
189,8.47377215249,13255.01149942105,79.03808487575
190,6.58350201338,13255.01930731837,47.47430816274
191,3.22811025008,13255.03412959682,58.01624547571
192,5.98209889961,13255.04956292049,40.12913936299
193,7.22290665408,13255.05834680498,56.87322386745
194,6.13322704040,13255.07493858680,42.49224339331
195,6.35924022031,13255.08177049695,44.51468154216
196,3.49981476116,13255.09519552559,54.33173575683
197,4.74901518232,13255.10223067660,50.03397962796
198,5.57748564448,13255.13153925284,69.21477661315
199,7.28010561890,13255.14520966270,59.59023270718
200,5.12697227126,13255.15204157286,58.45647788851
201,3.58221448710,13255.16106922140,56.63978423238
202,4.97566943613,13255.20620657675,55.40670993537
203,2.49296034608,13255.22237974934,54.50411833292
204,6.50880761247,13255.25061627656,51.25040239099
205,6.10693116466,13255.27013601987,41.86701073334
206,3.54832835009,13255.28062977644,55.76635740097
207,7.21116812975,13255.29453569901,57.68934503801
208,7.99753464196,13255.30331958350,71.53212444732
209,4.36389438939,13255.33322586911,63.68894184617
210,3.19409472759,13255.35037372185,55.50744833712
211,7.28763562215,13255.35797486476,58.30108497720
212,7.13570194144,13255.38627849255,57.08561553150
213,7.45519652561,13255.39701435137,68.32800479876
214,4.18302274890,13255.40709950614,58.26276501891
215,4.83163416857,13255.41311884632,51.81350407924
216,6.08137365772,13255.41848606901,40.33926926522
217,9.14017383966,13255.43312587649,92.76263318483
218,6.97120470897,13255.43898179948,54.44684931894
219,5.22103584201,13255.45118120954,60.43785937072
220,6.36473090965,13255.46338147861,45.00544386641
221,4.01662425870,13255.47387032501,71.62667099985
222,4.48090608885,13255.49412358192,44.58445265262
223,8.90991743718,13255.50827688823,87.75250986453
224,7.65335763283,13255.52389268287,65.83667174264
225,3.82736791958,13255.53340679248,65.06525463284
226,7.15175967576,13255.53853249035,56.31301199997
227,6.81303400916,13255.56293216949,51.43727877106
228,4.99859201675,13255.58294295415,55.43706724244
229,3.94823769798,13255.59196521705,69.06595225901
230,7.87426605549,13255.60197165610,69.54363479994
231,8.45821574550,13255.60782757910,80.24168009066
232,6.30110147537,13255.63125127107,43.65531159593
233,7.91269947501,13255.63808318122,69.43365610136
234,4.16372169947,13255.65271730569,38.83661056256
235,4.44251509217,13255.66183546726,65.89314741084
236,5.42246958113,13255.67029075768,64.84330512267
237,6.67510263933,13255.69566642398,49.50388609502
238,8.07893004418,13255.70152234697,72.71037039764
239,7.57361386873,13255.70933024430,64.26424469601
240,4.20151834462,13255.72228471560,58.82125682468
241,5.46957395095,13255.73177794910,66.08911350527
242,8.12724559288,13255.74348979509,74.04273115537
243,5.28945386379,13255.76448494790,61.22985523211
244,7.06709325316,13255.77179342287,56.53674602525
245,7.25721399179,13255.78643323037,63.68179432966
246,3.51844914713,13255.79202604126,55.07244027845
247,6.40050145490,13255.82547271698,45.25837981753
248,7.74611692727,13255.83328061430,59.49905309837
249,7.88690629437,13255.84499246028,68.75645502867
250,4.17886034406,13255.84953561836,58.65309994973
251,6.91243668158,13255.85865628060,52.64354937556
252,6.59201282373,13255.87427207524,47.99057774829
253,5.04366585606,13255.89036430973,56.83922755437
254,7.08294001791,13255.90062372871,56.21909351575
255,4.23163186700,13255.91296619196,59.24284613800
256,4.91950899085,13255.92211736841,54.33775283119
257,5.03419389022,13255.95088389625,56.95540220136
258,4.52979236387,13255.97283559539,67.49238614002
259,5.44287978715,13255.98455562729,65.31455744577
260,5.32521658814,13256.02017240680,63.68032847445
261,3.85103792598,13256.03357960832,65.80656492592
262,5.78558891049,13256.04358805017,74.76628598428
263,8.29910171459,13256.08020536715,75.60841493730
264,3.56576905757,13256.09193810882,42.34116159295
265,6.73737749089,13256.09777313613,49.96572875492
266,5.08514230668,13256.10850899494,57.30664341470
267,5.10614705774,13256.14217343427,57.99468228211
268,5.31571746229,13256.15357163531,65.53656632068
269,4.84729816863,13256.16023631470,52.20699901475
270,5.10118697031,13256.17986016124,54.94146509426
271,7.80654214761,13256.20220376281,67.60663815541
272,6.93638521257,13256.20903567297,53.27938578109
273,4.10212341609,13256.22301769092,56.39487319290
274,8.67653743141,13256.23929127511,91.82384113857
275,6.43191620472,13256.25100312108,45.48051564379
276,7.96018204702,13256.27247483873,71.64163842322
277,4.14916895089,13256.28388589051,55.35681828804
278,9.83763473409,13256.28809063337,95.88540259248
279,4.35492745478,13256.33327414661,65.17858592016
280,4.21658318838,13256.34697073751,59.33258471811
281,7.62605605519,13256.36421763227,65.15705149758
282,7.99702516441,13256.36812158093,69.71644908123
283,5.09374290284,13256.39348280602,57.85379816465
284,4.30152508307,13256.40973516152,61.28729853871
285,4.89808328833,13256.42474115020,53.87891617166
286,6.46645723502,13256.45400845149,46.17974153015
287,4.96744427812,13256.46432222826,57.07158969764
288,4.48977905208,13256.47409223460,42.59378398647
289,7.24364952770,13256.49499991243,57.49468570439
290,5.24654906120,13256.52232755306,62.07800566396
291,7.41738616209,13256.53306341188,61.16533322460
292,4.13124124561,13256.54215780968,56.49387436624
293,7.33758638990,13256.55258315519,59.15751272580
294,7.17902026056,13256.57698283433,57.43216208450
295,6.17705451884,13256.58381474448,42.79588907099
296,5.07444603763,13256.59650978298,57.41080326359
297,4.69826324689,13256.61068163601,51.03620234080
298,6.50236598493,13256.64432594874,47.33793891062
299,8.12906031325,13256.64822989740,66.04079817848
300,5.23050796504,13256.66295917368,63.84648637376
301,8.89357571144,13256.67165358936,79.04782998837
302,8.27337676512,13256.67848549953,76.27676489792
303,6.80552377713,13256.70190919150,51.38057776260
304,4.80478461269,13256.71433593522,51.74911400422
305,5.06420617751,13256.72437306698,56.61954632496
306,8.14311728262,13256.73997269094,74.18732913049
307,7.11236011705,13256.77218026740,61.18283514319
308,5.49601244952,13256.78291612622,67.08738162985
309,4.98776338895,13256.79026007770,52.78552610239
310,7.55064552200,13256.80145988237,62.72037227350
311,7.37429692311,13256.83659542032,60.36122176015
312,3.99317597433,13256.85221173368,53.27561239840
313,5.33875421999,13256.85904063799,62.94298396477
314,7.47837948235,13256.89710662457,62.12008546404
315,6.24304546411,13256.89808261174,42.80016335651
316,4.63818931503,13256.91077044488,47.75308171138
317,5.11159958153,13256.92297023924,58.05661104788
318,6.06767243891,13256.95957852165,81.63218383389
319,4.34961342338,13256.97487184568,63.62935881838
320,8.72870782955,13256.98494546945,84.62796225319
321,5.30676733659,13257.01618082773,61.65906455044
322,7.51777850001,13257.02886489190,68.90157806846
323,5.15576029467,13257.04534691537,55.76807431931
324,7.65708115459,13257.06009648119,66.31226798712
325,6.11957181716,13257.07766425017,41.95367068078
326,6.55721980810,13257.09620800631,47.28478448516
327,4.06206111793,13257.10272970307,73.11710012283
328,7.96121721858,13257.13524749293,70.31156667941
329,7.04025522619,13257.14012742876,54.98615109863
330,5.71710435813,13257.16208715010,73.21465896699
331,5.36539712622,13257.17184765331,63.93608572415
332,8.11822957961,13257.19868665868,72.61165278783
333,6.69106634905,13257.21137449183,49.62227613485
334,4.15877059394,13257.22145311902,57.77548754127
335,8.14037244524,13257.23772614530,72.80970459886
336,8.42329501526,13257.24943799128,79.46520624371
337,6.85507205604,13257.27578964474,52.20667340318
338,5.02244407888,13257.28503812342,58.78620076163
339,6.68186101287,13257.29042945222,49.10145004120
340,5.31083672402,13257.30360394884,62.61384154146
341,7.64441631580,13257.32361301585,64.86502338139
342,6.85824410640,13257.33532486183,52.67917255569
343,7.88839860547,13257.34703670781,68.76946469525
344,4.88223693693,13257.35083129270,50.50225156755
345,6.83657413801,13257.37436434844,52.06579745650
346,6.60014443783,13257.39095613026,48.04977679252
347,3.92453084055,13257.41341729985,68.20107462623
348,6.84585679777,13257.44658739869,52.58402383275
349,7.87863708846,13257.44853937302,69.58223871787
350,6.26124967750,13257.46122720616,47.68425690297
351,4.50318492561,13257.47940385853,64.94585660867
352,6.62176227739,13257.49245879546,48.65981633285
353,5.36145521407,13257.51831848940,64.33746256881
354,5.99077828029,13257.53442624357,40.18736241855
355,4.18162691718,13257.54027676408,57.94232223084
356,6.71150474361,13257.56468184569,49.31928608433
357,7.53495365585,13257.58517757617,63.04194525638
358,7.35642156979,13257.59688942215,59.76385135364
359,4.71740137980,13257.60031916493,49.70090755077
360,4.91662697906,13257.60810932218,53.63406828966
361,6.55641340799,13257.62519304994,47.73141008973
362,7.09539863047,13257.64080884460,55.41683485406
363,3.76113318708,13257.66447988886,63.27205360053
364,7.89135426686,13257.69644011303,68.79523155388
365,7.21003242884,13257.70424801034,62.85560547392
366,7.71142071387,13257.71303189483,65.43357455233
367,5.05713223702,13257.71994558504,54.93451740576
368,5.64248169527,13257.73138982953,73.56896047821
369,6.74333765021,13257.73743157397,50.46251826081
370,8.27944221026,13257.76768717611,75.42930832892
371,8.02436096878,13257.78135099642,72.21924871903
372,4.38242465729,13257.79253147338,61.97684386413
373,6.70453579620,13257.80379870122,54.05369567166
374,5.39087177228,13257.83291438662,61.93640123066
375,3.91916707204,13257.85324308704,50.94917193655
376,6.15955492077,13257.86918984130,42.22778102902
377,6.44250777994,13257.87992570011,46.90216460049
378,6.62772684276,13257.89554149476,48.70364675793
379,4.90804751851,13257.91116415768,79.74633306425
380,7.86997878396,13257.92384512256,68.60888441416
381,6.29844142143,13257.92872505839,44.08908994998
382,8.21243901772,13257.94043690438,74.81888019367
383,6.18387649563,13257.96483658350,46.27589433753
384,5.54000237456,13257.97362046800,67.85089495743
385,5.59824481556,13257.98158323423,66.71078617527
386,9.22774317718,13258.00485205728,95.45251763788
387,7.09134983075,13258.02144383910,55.38521271737
388,4.48239394413,13258.03542930294,66.63557652597
389,6.04683959227,13258.04291555674,40.56343313208
390,7.34807922509,13258.05657937706,60.14662065305
391,7.32053770391,13258.07902708186,59.47232944914
392,4.48190889614,13258.10343499556,67.07907011231
393,4.60609710521,13258.11150928183,68.78369800330
394,7.96938580175,13258.14246624761,76.85397345166
395,7.20014561344,13258.15125013209,63.18102134201
396,4.56481105464,13258.16150459705,45.64811054640
397,7.49420710259,13258.16979388824,57.07418090167
398,7.16690967827,13258.17760178556,62.88937719444
399,8.19296415983,13258.18736165722,74.64145579440
400,6.59216561028,13258.20883337485,44.22159127060
401,4.97696581951,13258.22443599549,55.19722111248
402,5.45481907576,13258.23471740538,65.45782890909
403,7.82040701505,13258.24006496415,68.62379305202
404,5.77185130854,13258.26544063044,36.95788100855
405,5.67746575104,13258.27422451494,35.45576225124
406,5.47280636620,13258.28594057745,66.80411528317
407,5.27516647891,13258.29276012676,61.51848395166
408,7.59289768396,13258.32497584753,63.97889309744
409,6.12114295590,13258.33180775769,41.96444186535
410,3.71495400260,13258.35148391215,61.26859098806
411,6.85877844850,13258.37279921863,52.23490044713
412,6.91288027929,13258.39231896194,52.19110157947
413,5.06548376988,13258.41187894051,59.50596073973
414,4.08176659499,13258.42013029620,54.45755869849
415,8.66927610725,13258.45380615337,82.69962326611
416,8.19270145720,13258.46161405069,73.27774951061
417,5.23338991171,13258.47430188384,61.03128964431
418,5.10040867174,13258.47868912664,57.47868661152
419,8.29838021968,13258.51724531911,76.50728535885
420,7.07818790365,13258.52407722927,56.62550322921
421,3.33416954569,13258.54165539922,49.34120343599
422,5.20339522009,13258.55628480572,29.43484836257
423,7.43623881240,13258.56799665172,60.86823797536
424,3.14443774789,13258.60000196019,55.00519573291
425,8.16271646972,13258.60801212549,73.91654140671
426,7.53087218178,13258.64217167629,63.00779719432
427,6.43266014357,13258.65290753510,46.38657197056
428,7.57764028492,13258.66266740676,64.29840997030
429,5.53809150136,13258.67047960593,67.37379094763
430,7.44116649575,13258.67828320141,62.25726557782
431,5.21577427400,13258.70512738145,60.37695231762
432,5.11346943837,13258.72464499629,58.30252190627
433,5.36922234607,13258.73390691610,64.43066815280
434,7.21144728909,13258.75050625164,57.69157831270
435,5.77020846813,13258.78271382810,77.41547027455
436,3.51199208033,13258.79269584784,53.14608393154
437,8.03359031555,13258.83151318636,71.85461619586
438,7.53422099714,13258.83932108369,63.48447454613
439,4.08045074151,13258.84971085423,57.27185535687
440,7.55360903654,13258.86274477567,57.52657255269
441,5.59606797708,13258.89934455909,68.99295959891
442,5.00341873893,13258.91357838185,58.56351486687
443,7.13684334813,13258.91740005693,51.46450927325
444,4.95692662416,13258.92862390954,54.07368551635
445,7.46349060395,13258.95546355637,62.44404246740
446,7.31644253717,13258.96717540236,59.88766320186
447,8.34136890955,13258.97595928685,76.44990885511
448,4.78500579707,13258.98280981903,51.08988133179
449,7.68078395057,13258.98864712000,66.07260184868
450,5.24996532920,13259.02484346429,63.43557243253
451,7.24351381341,13259.03451851677,59.29071587067
452,4.53735492764,13259.04168322876,68.21140140111
453,6.73979351155,13259.05013431142,51.32873816437
454,7.66816003976,13259.07843793922,65.51678809938
455,6.50942453050,13259.08819781086,47.38932589803
456,4.85355357646,13259.10038645942,50.67258699567
457,8.39080588723,13259.11357347717,79.60217402398
458,9.41508750521,13259.11845341299,88.82175788084
459,8.10648806551,13259.14578105363,75.61228697637
460,4.30525885128,13259.16108067436,63.56638516772
461,4.83239736085,13259.17262010477,52.27036940385
462,5.60934172634,13259.21316530560,66.37062636737
463,5.61856655453,13259.22581200118,69.49783010668
464,6.23049475024,13259.23069193701,43.16613385483
465,7.11615750670,13259.24337977016,56.48274915929
466,7.57887947723,13259.27558734662,64.30892486571
467,4.78663715958,13259.28190458748,51.33096491603
468,5.45237793198,13259.28925116694,65.88133321752
469,7.48355011000,13259.30584294874,62.16303592310
470,7.31011777893,13259.31072288458,58.02226109289
471,8.49121541808,13259.33512256371,81.44487714657
472,7.78943397259,13259.34585842253,73.48537312681
473,4.41385772341,13259.35247327016,62.73270503095
474,7.77845677491,13259.37611402466,67.81101403710
475,5.58392376560,13259.39368179364,38.28145265193
476,4.47246751196,13259.41320438855,64.19198488117
477,4.94611324069,13259.42200055591,54.40724564756
478,5.08064395890,13259.46152462446,57.03008699511
479,6.88544964829,13259.47664070270,53.33446363796
480,7.08457392141,13259.48347261285,56.23206222273
481,8.73640924550,13259.49225649734,84.70263025109
482,7.40724592407,13259.49811242034,60.17675035971
483,5.77440291268,13259.52934499422,73.94843849373
484,5.05532020842,13259.54350089401,57.19441920706
485,5.30003667898,13259.55179171443,61.58086137598
486,7.61952521513,13259.58985521388,65.54563428097
487,3.97874522532,13259.59995840225,52.78402019521
488,5.34009847169,13259.61424915690,62.95883245848
489,5.27658525778,13259.64987273046,61.53502961434
490,7.71147094473,13259.65915030262,65.43400077527
491,4.58179012954,13259.67378796693,70.53576247203
492,7.27015436008,13259.70697367372,58.61385832087
493,7.59536659895,13259.70794966089,63.99969654496
494,4.31557281579,13259.72617066309,62.24007628129
495,8.19532420171,13259.75674901916,75.55715581963
496,6.74102604933,13259.77626876246,54.76435451140
497,4.51482237207,13259.79162537668,65.27002987387
498,7.47627491724,13259.80652436459,61.65094233991
499,7.60882438004,13259.81726022340,63.65999207696
500,8.04648414683,13259.83775595388,72.86401295749
501,4.05986987491,13259.85286725178,73.19034502846
502,7.46345528742,13259.88948327365,62.88819207718
503,8.71878615833,13259.89924314531,85.87008507768
504,4.04389243180,13259.91332211961,55.74121042814
505,8.31048274693,13259.91876288861,76.61886514692
506,8.62574110641,13259.94413855492,74.70110924621
507,6.43938225302,13259.95292243940,45.98638748394
508,7.27965312144,13259.96561027255,59.14018153101
509,8.30303608380,13259.97634613137,76.55021030511
510,7.38096646730,13259.98122606719,60.41581433219
511,7.72516425869,13259.99684186184,66.00383235945
512,8.68218437487,13260.01343364366,83.27658703243
513,7.59011550514,13260.02124154098,65.29264238964
514,3.90180115957,13260.04157663383,67.58117849405
515,7.95657475769,13260.07980077090,70.27056557501
516,6.37198556609,13260.08956064256,45.50507886791
517,5.96836277957,13260.10615242437,78.72811215022
518,4.05100142857,13260.10949205827,54.65099714112
519,5.24734191206,13260.15251414449,61.41856240960
520,4.63913916905,13260.16374015882,47.98762870358
521,8.22938459884,13260.17447152595,74.52024699233
522,7.15804755440,13260.19008732059,55.44599793910
523,6.96006960668,13260.20960706390,59.05814899697
524,5.66615191726,13260.22619884570,71.89540795809
525,5.22066958217,13260.23253361617,59.98092694328
526,8.04586710316,13260.25840642216,67.31655384023
527,5.43600920632,13260.27208561505,65.45821898914
528,4.26152642060,13260.29095467708,60.56767043204
529,6.42751213043,13260.30720578043,49.78729487741
530,7.07679100382,13260.32086960075,56.17028722950
531,7.09528634684,13260.34136533122,55.41595789090
532,4.16467993158,13260.35186806959,55.25072281991
533,4.81178509682,13260.36088987554,52.04741367927
534,5.87357623692,13260.39455264981,76.13024912759
535,5.35478888222,13260.41554035579,64.25746658663
536,5.34699724731,13260.42139716180,63.49207445296
537,6.10310332485,13260.42822818894,40.94086172418
538,6.23340210003,13260.45165188092,43.63381470019
539,5.17971912533,13260.47312359856,62.80075685807
540,4.41973105296,13260.48278605645,62.50443597142
541,6.80596739645,13260.51021111083,52.27762752738
542,8.30800428546,13260.52289894398,76.59601486117
543,6.42825795552,13260.52777887981,45.45464791565
544,4.50535153570,13260.53981594956,67.27924582389
545,5.37989283126,13260.55315159937,65.00549241307
546,5.36368619576,13260.58341014824,64.14035807305
547,4.72262622928,13260.60196646099,74.07149810392
548,7.22574259901,13260.62635358352,52.10557088804
549,5.18792692646,13260.62928154501,60.27826376260
550,4.97654749006,13260.66441708297,57.82225665180
551,5.61738859710,13260.66874987663,73.02605176231
552,8.44597252163,13260.67905689045,77.40861679581
553,6.99778023815,13260.69272071076,55.10057669581
554,6.80055614350,13260.71224045407,50.43427418282
555,6.73712973729,13260.72200032572,50.41606249435
556,3.63837468311,13260.73418601119,57.75740752797
557,6.80554617327,13260.73761612037,51.38074684980
558,7.02953298500,13260.77665560699,55.35059807453
559,5.61364963030,13260.78254789171,70.56248169631
560,4.05262969327,13260.79195276058,54.52255629528
561,7.81777481119,13260.80007929896,67.25104179032
562,7.41272214328,13260.81081515777,61.57469464453
563,7.28974114452,13260.83423884975,57.39947917150
564,5.80163676065,13260.84107075991,36.69277264122
565,7.98917354681,13260.85278260589,70.10471335793
566,4.32645013811,13260.85831128942,62.54676407854
567,7.58857501059,13260.87035037487,65.27939055448
568,7.97192707252,13260.89475005400,71.30308338329
569,6.77115470721,13260.90353393849,51.12109697502
570,5.17156371251,13260.91622177164,59.64138222690
571,5.51955072290,13260.91915791666,67.37470287293
572,8.42298833117,13260.92695763046,78.11158037526
573,6.46305415154,13260.93964546360,50.06260218910
574,7.11071419323,13260.95818921975,55.98981954731
575,4.79684962581,13260.96747828676,48.68270670636
576,3.62715549587,13260.98088391006,58.82257720206
577,7.91557486883,13261.00406061653,75.50977169129
578,5.17005083499,13261.01423217094,56.39859617690
579,3.68430373593,13261.04152467474,61.76018474091
580,4.62189215332,13261.05235755663,47.13423655898
581,8.95478877283,13261.06164385929,81.08906116864
582,5.10369837413,13261.08409156408,58.41449785227
583,6.21283590597,13261.09677939724,46.49260672078
584,5.20200863415,13261.10355686891,57.92711657676
585,7.89388905873,13261.11044321755,68.81732935706
586,6.68056387855,13261.11727512770,48.63523915818
587,7.80196447498,13261.12898697370,67.56699434758
588,7.53513011244,13261.14557875550,63.04342159808
589,6.91522109199,13261.15338665283,53.11682108631
590,4.45294083027,13261.16542633388,66.19772451058
591,8.05194787077,13261.16705047314,72.91348908204
592,5.45346654144,13261.17827647484,64.98555392731
593,5.19365932596,13261.19633008811,59.89620127200
594,8.48055046854,13261.21584983141,81.34258254410
595,3.70469079490,13261.22927833648,61.21153772637
596,7.45680240849,13261.24220148488,60.57934914236
597,7.71141904300,13261.26855313834,65.43356037454
598,5.26848512004,13261.27928899716,61.89068664587
599,3.59287791624,13261.29069666008,58.48781502220
600,5.87061630187,13261.30368867629,73.55861142601
601,7.65211839410,13261.33394427843,64.02221578647
602,5.56850270336,13261.34273884559,69.32729956798
603,4.31340468643,13261.35420608561,61.90900385020
604,6.96967406150,13261.36029593189,54.43489457998
605,5.37016518232,13261.39202220660,63.08515692133
606,5.19780075055,13261.40091391352,63.23397529081
607,6.15640764820,13261.41495121315,46.47985845996
608,4.51203559017,13261.42024802282,65.38560762933
609,7.67385425756,13261.43447095646,66.01299037539
610,7.84164310030,13261.45203872544,67.91062132271
611,6.93381599741,13261.46570254575,53.25965126497
612,6.74321680125,13261.46765452008,50.91017041055
613,3.82604921209,13261.48023716745,63.21670785891
614,7.16389588984,13261.49107821205,56.40857264517
615,8.05308773189,13261.51059795536,72.47778958700
616,7.67419401113,13261.52133381418,66.90207233528
617,6.54810292565,13261.53011769866,51.97395570156
618,3.56883603497,13261.54204870590,54.94153240254
619,5.12636930170,13261.55107875848,58.44960297775
620,7.60198716271,13261.57891705694,70.90661582335
621,6.45357064421,13261.58770094142,46.53735973507
622,4.08891344187,13261.60005661893,55.76534446343
623,7.48719588561,13261.61014864623,61.74099895209
624,8.80885952208,13261.62186049221,78.29485602703
625,7.71561018874,13261.64138023552,65.46912342539
626,8.14162018382,13261.65504405584,74.17368991127
627,7.17295308590,13261.65797201732,56.47988907828
628,2.93015816302,13261.67146618746,57.26941470484
629,8.34341948359,13261.69701150395,76.92252685477
630,6.77117950199,13261.70872334993,51.12128417153
631,6.84826654290,13261.72238717025,51.24773419368
632,3.59699487927,13261.73190657182,57.43940199190
633,7.99241070145,13261.74190691356,72.37435708378
634,5.18903084100,13261.77997367380,59.61742548185
635,3.63033067182,13261.79203609556,58.19862800955
636,4.41421929851,13261.80239140434,43.92092746652
637,6.71281998504,13261.81217798946,48.87006715803
638,7.13542267521,13261.84145760443,56.63566169379
639,5.04804565165,13261.85512001580,57.11211699236
640,4.10051352641,13261.86100589091,56.22340884266
641,7.80208000088,13261.87268919371,67.56799483122
642,6.90510777686,13261.88440103970,52.13242047299
643,7.97167542485,13261.90489677018,71.74507882364
644,4.45248903507,13261.91628375620,65.74021278047
645,5.18425163598,13261.92100428714,59.78770649850
646,6.74789580595,13261.93515237230,50.49662837500
647,7.05495777279,13261.95467211562,59.86330178548
648,5.22062985848,13261.97219100690,57.89958603192
649,3.77743657520,13261.98153675243,62.06961665343
650,7.10131742123,13261.99078364073,60.25667644694
651,7.49713845719,13262.01908726853,62.72556060525
652,8.49914873791,13262.02982312734,80.18080883197
653,4.19110005941,13262.04186178536,58.52552727701
654,5.60463430794,13262.05471850950,69.77713441732
655,7.71297846460,13262.06788662680,73.17173847589
656,7.96555859107,13262.08545439577,70.34990864308
657,8.33385146746,13262.09326229311,76.38101036030
658,5.31285329287,13262.10595012624,62.63761653761
659,5.80233779293,13262.10981138161,71.06383453967
660,7.15314904161,13262.11668598506,56.32395187758
661,7.92899519115,13262.14303763853,70.47445079288
662,4.49566100505,13262.15385798986,47.15089040465
663,8.21368391163,13262.16450935617,73.92315520466
664,4.37180437060,13262.16743731767,61.67189001082
665,5.28596146732,13262.18402909948,62.09598724145
666,5.66122072482,13262.21089355353,74.89091077453
667,7.74889117669,13262.22306858609,66.65848236077
668,3.73264313325,13262.23187465962,60.64827233072
669,6.24171226502,13262.27577189302,43.24385107694
670,7.58805131089,13262.27869985453,62.11087683070
671,4.17877956828,13262.29007954074,58.20366435173
672,4.36767106070,13262.29789399134,64.04262921138
673,8.28417211575,13262.32261927696,75.47239981872
674,5.37557615371,13262.33579550087,63.83143016412
675,7.76489963153,13262.34799494326,68.57773669672
676,4.22891829414,13262.36096765653,61.42858648084
677,8.14436701708,13262.36849067374,72.38871745375
678,7.78365964077,13262.38605844270,61.28859730003
679,5.98184287064,13262.40655417318,78.90592676378
680,4.29787228313,13262.41859032846,62.13361882166
681,7.04368130586,13262.43485780098,54.56012078714
682,7.96397128790,13262.43778576248,70.33588996103
683,4.30290627126,13262.47028003134,63.38576745848
684,4.65946747145,13262.48439092942,70.20195599599
685,8.08596125163,13262.50220091539,72.77365126470
686,6.74336446260,13262.51000881272,49.55340624893
687,5.43306453128,13262.53298398198,65.87240666290
688,7.09944263225,13262.54221638917,55.44841951768
689,4.61375558059,13262.54839853489,71.32693035048
690,6.95919563515,13262.57247199130,53.45459596153
691,6.68441571942,13262.58515982445,49.12022322365
692,6.17499828304,13262.60125687951,84.89219114477
693,4.47217672316,13262.61151147793,66.78384022670
694,6.80175400207,13262.61931937524,51.35211658509
695,4.81156555611,13262.65297369937,51.59829218673
696,4.41496116781,13262.67105106023,64.43423694062
697,5.28573074765,13262.67882635075,62.31784644544
698,4.98352526418,13262.72033528732,54.59178406180
699,4.41707278466,13262.73247835620,65.51577700594
700,6.60158857458,13262.74326974525,47.14477232004
701,7.10173732372,13262.74912566824,55.91913560613
702,5.47124471265,13262.77352763023,67.23178061422
703,7.53701552834,13262.79206910351,63.05919611930
704,6.03604685024,13262.79938834129,80.75680294887
705,7.14834435372,13262.81158884682,56.73822433741
706,6.77427780964,13262.82037273131,50.23938884305
707,6.72560075340,13262.83696451312,53.80480602719
708,6.61075257319,13262.84867635911,49.47034239523
709,3.92037314673,13262.85944401618,49.74395865983
710,8.04526773414,13262.87014807675,71.95906220293
711,6.47676977210,13262.88185992273,46.70465102534
712,5.16911493196,13262.90333829758,58.93697814933
713,5.37007844192,13262.92187506133,64.66430745388
714,7.69032557001,13262.92675533234,65.70617047291
715,8.18597378697,13262.94529908848,75.02568903146
716,7.79511693520,13262.96384284462,68.84460869677
717,7.43051511085,13262.97555469060,61.27359730958
718,5.19246052663,13262.98190070597,58.74598479079
719,6.41785620769,13262.98824252376,45.83266077187
720,5.06797903426,13262.99897838258,57.56117686796
721,7.32836012648,13263.02435404888,59.08312821200
722,8.10887077234,13263.03704188203,71.61560755726
723,4.45459254125,13263.04907902381,66.67023634818
724,8.75291485198,13263.07510538148,85.76070059751
725,6.92947485602,13263.08193729163,52.31638788634
726,7.60233825342,13263.09462512478,64.05844074969
727,4.36022784466,13263.11251889167,63.48587570286
728,7.38700813350,13263.11902480392,60.01233777191
729,7.09242835777,13263.15123238038,54.93771382765
730,7.30449344799,13263.15708830337,59.78985569167
731,4.10215302336,13263.17091670063,74.85726811218
732,8.44077568816,13263.21467154613,79.18149462575
733,5.05639801762,13263.22151228016,56.98271172825
734,7.04647943561,13263.23223931510,55.03476372822
735,7.14831557442,13263.23711925093,56.73799590877
736,6.91735564042,13263.24687912258,52.68101105001
737,5.45969611816,13263.27420676321,65.96975919761
738,3.73355805920,13263.29982101003,62.02652493622
739,7.49445326231,13263.32007815998,62.70309465306
740,7.47228777900,13263.34447783912,62.06948397567
741,3.69792317869,13263.36229134724,60.76307822675
742,8.34144481651,13263.37473344125,76.45060455390
743,7.30847735712,13263.39327719739,59.82246539328
744,7.52808686895,13263.42548477384,62.98449359527
745,3.70814226067,13263.43014165921,62.15979123297
746,5.86548966658,13263.47184749151,77.59313487689
747,7.14981678835,13263.47818808078,55.38224269942
748,9.18162551565,13263.48892393960,92.72987223752
749,7.53297931160,13263.51137164441,57.36946124828
750,3.48080129785,13263.53893421586,54.03656743073
751,5.31124337564,13263.55285744125,62.84347911547
752,6.79953248477,13263.58164272031,51.33534449724
753,7.58443929313,13263.59530654063,63.90762142950
754,4.12583677371,13263.61254645017,56.57062371636
755,7.54857173626,13263.62556214276,63.15588229153
756,6.95511669447,13263.63044207858,53.42326502362
757,8.30869676708,13263.65776971922,77.49836418377
758,4.40910633017,13263.66981552834,65.09967481873
759,7.94421657320,13263.67728946252,68.79893365555
760,7.35448448065,13263.68900130850,60.19904992936
761,8.21651771530,13263.72218487213,73.94865943773
762,5.66586277239,13263.73488289505,71.44381115207
763,5.12541044997,13263.74073174372,58.88648283817
764,7.43621002160,13263.75146448709,60.86800231251
765,7.49145143192,13263.77586416623,61.77609108601
766,7.29888424819,13263.77684015340,64.87390222744
767,8.16403334748,13263.79440792237,66.82549299046
768,5.70824198027,13263.79881460088,72.65405903224
769,7.16588396973,13263.81295167851,56.42422680189
770,8.15447880696,13263.82563951166,75.62152548536
771,7.68662250587,13263.84125530631,66.12282700049
772,7.38192060756,13263.85101517796,59.05536486050
773,5.06092273849,13263.85974461021,56.80871684510
774,4.38536858965,13263.91084031957,64.45149227208
775,8.50566870059,13263.92128625386,80.24231803690
776,8.88880860274,13263.92714217685,86.18019683988
777,4.81145590240,13263.96618166348,51.14647781411
778,5.22587704202,13263.97443011159,61.16732254716
779,4.77907816002,13263.98346094660,78.38270975179
780,7.55138040724,13264.00131720143,56.50935656214
781,5.97759781121,13264.03010791972,79.30179634968
782,8.56777965199,13264.04621261104,81.73140879132
783,4.53597715523,13264.05011866709,68.49175304837
784,7.20517543619,13264.09501196930,58.08998148824
785,6.30990390548,13264.09793993080,44.16932733838
786,4.21404527830,13264.10929326529,58.99663389620
787,4.77337714950,13264.13162104704,50.74169511832
788,3.85260489564,13264.17133534023,82.08851487741
789,7.70832705447,13264.19358667301,66.30953658728
790,8.08085712858,13264.22189030081,73.17527354559
791,6.42357329859,13264.23117975671,91.74697793470
792,7.31338602286,13264.24141004411,59.86264455398
793,8.01885299972,13264.25214590294,70.82059211578
794,4.98421619044,13264.27118469205,55.27763161589
795,6.05461366734,13264.29606532539,81.00521003162
796,3.75482944892,13264.30091904959,62.71801678267
797,7.66981424077,13264.32144099167,65.53092159904
798,6.86101999169,13264.35462455530,53.14523233159
799,4.49795227288,13264.36048871980,67.01797946900
800,8.60826189113,13264.37414429860,80.75265447765
801,8.12431337022,13264.39464002908,74.01601733553
802,8.08523163869,13264.41220779806,73.21488641942
803,5.71366829084,13264.42196766972,72.49832314876
804,5.07977722764,13264.42684760554,57.02035796092
805,5.10877232034,13264.46539901233,58.47257182100
806,6.85494425427,13264.46881505365,52.20570009390
807,7.31551358148,13264.48443084829,64.19337115298
808,4.26585542940,13264.48800581497,59.10942673168
809,7.63449045807,13264.52151836058,69.97126083303
810,7.50244936366,13264.54591803971,61.86678235443
811,3.85425478968,13264.55277280070,64.49401829203
812,7.71745839446,13264.58495752633,67.27924248482
813,7.33612516694,13264.59569338515,59.14573196962
814,4.65203009566,13264.61132609970,71.76802487598
815,7.12895486532,13264.62009306428,56.58432504431
816,4.97599272282,13264.62985293594,54.96163604244
817,6.00359909621,13264.64351675625,40.71839015691
818,5.13170131051,13264.67279304468,58.73500610863
819,5.45026422135,13264.68451078570,65.40317065616
820,5.28105347240,13264.72207915042,61.36029644707
821,8.06963797252,13264.73525954981,72.17703624145
822,4.59847818838,13264.74046669154,70.64316236669
823,8.50095265922,13264.76453916477,80.19782699161
824,4.41202786954,13264.78111970615,64.84330206785
825,5.54282775388,13264.80016452840,68.33657004412
826,7.56581834220,13264.82212240753,65.08363029098
827,7.42480378999,13264.84652208665,61.67505233942
828,3.79254720967,13264.86335548270,63.68769773830
829,6.72007521579,13264.89336947059,48.92288603519
830,6.74345213489,13264.90312934225,50.01077952056
831,7.63971404381,13264.90996125241,65.27374540347
832,4.75058014613,13264.92264908554,52.25638160743
833,8.76065661435,13264.92850500855,86.72607579510
834,6.09489121093,13264.94412080319,79.46765888348
835,5.47524744486,13264.96950804811,65.93070994957
836,7.92268035381,13264.98511226414,69.06832604844
837,4.37493670438,13264.99064379613,63.85009912783
838,5.40728849224,13265.03201128552,64.66176570341
839,8.25714931788,13265.04367149406,75.67802354746
840,7.79505678320,13265.05245537855,69.28398018308
841,5.27942763489,13265.06416722453,61.56817714269
842,7.57614657183,13265.08954289083,64.28573539443
843,3.78741218330,13265.11077641095,63.60146598177
844,7.90282130279,13265.12272645445,69.34697549191
845,7.31906405799,13265.15200606942,59.46035749312
846,8.75457157705,13265.16078995391,86.22253057802
847,4.90410699193,13265.17314774567,79.68230708584
848,7.62635366523,13265.19592549187,65.60437482985
849,8.97019070268,13265.21739720950,90.14930085963
850,3.87105055279,13265.23545327760,66.26171208172
851,5.65019027002,13265.24862879880,70.57085385373
852,5.49131683871,13265.28280028469,67.25462135395
853,9.08978428682,13265.29254822124,91.80232129334
854,5.25146926959,13265.30133166706,61.69079566312
855,7.29462766587,13265.31011599021,64.42440715386
856,7.64863772265,13265.34037159234,63.07228244512
857,6.00487488284,13265.35121306240,76.89991981019
858,5.01397810421,13265.36135501710,55.83329720926
859,7.57632861684,13265.36672324581,64.28728009758
860,7.79528509401,13265.40576273242,66.14518741508
861,4.66115917941,13265.42071309540,72.80963394065
862,6.86517819400,13265.42723445006,51.83095873335
863,5.49531785698,13265.43894629604,67.52759636422
864,7.92268539642,13265.47408183399,69.06837000893
865,5.10200230408,13265.48336122542,57.26983382523
866,4.51227289405,13265.49129828224,68.13382655361
867,7.97995202760,13265.51800125643,70.47702803249
868,5.52492703924,13265.52922831638,67.89144008725
869,4.62344446268,13265.55021094790,71.32702720903
870,7.82209338617,13265.56972857620,67.28819157705
871,7.10131433639,13265.57851246070,55.91580500054
872,6.00342463672,13265.60245807167,80.76781805732
873,8.38980719140,13265.61462398581,85.96994122619
874,6.24960420569,13265.61657596015,43.29852804584
875,5.90713002657,13265.63316600746,76.79269034538
876,3.97166451375,13265.67343172619,68.67649950262
877,5.16147093222,13265.67708716440,58.62304070721
878,5.45433207646,13265.71759196089,66.57860783802
879,9.06229725494,13265.73564639432,91.07496025377
880,5.46711127077,13265.73904489263,66.05935682748
881,7.65069312641,13265.75321416330,64.46588615173
882,8.78278210434,13265.77273390661,86.50037204984
883,8.69291686523,13265.79225364991,83.83145434265
884,4.28052516135,13265.80299291105,60.98809571019
885,8.61869295627,13265.81177339322,81.76410058637
886,7.20001875668,13265.81958129055,63.17990817840
887,7.89601851894,13265.83714905953,68.38152626156
888,8.59386315871,13265.84886090551,73.92720619164
889,5.79427366793,13265.85860025013,75.32555768313
890,7.98331344692,13265.87228459747,71.40492621200
891,7.22195318301,13265.87814052047,58.22524800760
892,6.91277476051,13265.90449217394,52.64612410801
893,9.49669491079,13265.91230007125,99.14840569022
894,8.08515042286,13265.91913198141,73.21415097877
895,4.64269481337,13265.93350640256,73.70049533603
896,9.82359395178,13265.95426751937,108.05953346953
897,6.13318673062,13265.98363701497,79.02058334678
898,4.27849432191,13265.98712476516,61.40794585806
899,8.47101999377,13266.00404286480,87.62491216335
900,8.58634598325,13266.02941853110,74.35993747174
901,7.12770507894,13266.03625044126,55.66915628273
902,3.50870428454,13266.04894104536,55.91954454486
903,7.23740781882,13266.09285769685,57.89926255055
904,7.41934042505,13266.09871361984,55.52125981274
905,5.45432070703,13266.11386212628,68.99230609292
906,5.64286761748,13266.12083053666,67.71441140977
907,9.28576050908,13266.12994520914,95.60275577929
908,8.07753718927,13266.15434488828,71.79472095132
909,6.80919844199,13266.16410475993,51.40832087392
910,4.99359938860,13266.17190773930,55.60636943614
911,5.29362303558,13266.18167040405,62.18599028964
912,5.79251247273,13266.22020837526,74.85575812662
913,3.97327085005,13266.23953483138,54.18818978434
914,5.69683541513,13266.26232278918,68.59898245112
915,7.15725182938,13266.28512716843,56.80892523361
916,4.19521772895,13266.30177900817,60.35867229503
917,7.06303683841,13266.30659888607,54.25221537843
918,7.87789076359,13266.31733474489,71.33733494045
919,7.54781151010,13266.33490251387,57.48241990674
920,8.60526500397,13266.34271041119,80.72454118415
921,8.29565113760,13266.36027818017,76.48212446532
922,4.40950430294,13266.36856920353,64.95605452068
923,5.17378780276,13266.41187840560,62.08545363317
924,8.83196882917,13266.41981339726,86.53526822249
925,8.38482490182,13266.42664530742,78.65662972570
926,4.82368075801,13266.44037828658,49.19208462487
927,7.59236380781,13266.45202097371,63.52227304895
928,7.67501151237,13266.46763676835,65.12463223298
929,6.23530283645,13266.48227657584,42.28988138150
930,5.02302367103,13266.48961414420,56.82902559754
931,7.09077272045,13266.51253217798,56.28126366477
932,7.38045603471,13266.52229204963,59.95910826973
933,3.77114575542,13266.55109591131,64.77155541636
934,7.54327216462,13266.57499535655,57.44784928152
935,7.06578174037,13266.57792331805,55.18551954778
936,5.11889441756,13266.59939414564,57.68701038689
937,6.90993053687,13266.61305885600,53.52409178549
938,4.17691175013,13266.61960354056,59.80427503551
939,7.59145948160,13266.65795426561,63.96677458893
940,5.70184285930,13266.67160202475,71.21599448698
941,5.42346024916,13266.67937648421,63.24787163293
942,5.28885578978,13266.68966091884,62.12998783185
943,8.35457234366,13266.71846546987,77.47711660813
944,5.56585378170,13266.73407791402,68.84580911611
945,4.02204136075,13266.74123855334,53.81124594964
946,7.30188511928,13266.77604871262,59.76850560096
947,5.23286789663,13266.79069609496,60.57482530522
948,5.71298236948,13266.80093326005,73.16187175604
949,4.58518476882,13266.82582405806,46.75989321924
950,6.55364963529,13266.84436781421,46.34130098634
951,4.15241811097,13266.86324697253,57.23713368062
952,7.58598372175,13266.86681551900,65.25709944501
953,7.15232839744,13266.88828723665,56.76984670406
954,7.59822772541,13266.90390303129,64.02380482501
955,7.24523753121,13266.90683099279,58.41297242424
956,7.65136383843,13266.92049481310,65.37328129231
957,4.46605516359,13266.93091101569,68.75404531845
958,7.32098827924,13266.94489449223,58.56790623391
959,8.62598925201,13266.96343824838,75.19963087514
960,8.06734145227,13266.96831818420,71.70409925862
961,8.06537695580,13266.98198200452,72.13892454936
962,6.71752875698,13266.99369385051,50.26938218882
963,4.41008926579,13267.00149694644,64.66460219032
964,6.60854956947,13267.02492543980,48.56272315530
965,3.93161836356,13267.05139371722,53.33106621875
966,4.57221018507,13267.06150096005,66.88566871136
967,8.41207586345,13267.08738861839,79.35936497721
968,5.18306509000,13267.11325418283,60.44440641523
969,5.30021930708,13267.12253800325,62.03747645039
970,8.37867869092,13267.12642810500,77.24760068427
971,7.97638894379,13267.14399587397,69.99252892176
972,7.98156398897,13267.16156364295,71.38927858442
973,5.47664184687,13267.17522746327,66.62622363598
974,5.47536415047,13267.17865120222,66.83533701905
975,6.50679806008,13267.18986727075,51.23457915968
976,8.95135070188,13267.20743503973,81.05792811208
977,5.41208136559,13267.22968490986,61.70722171678
978,4.46108299582,13267.24213800060,68.09547656403
979,8.05524947358,13267.25916235949,72.04834159458
980,8.11278938644,13267.26989821831,73.01510447796
981,7.36209279435,13267.28453802579,66.66658567552
982,7.15245132865,13267.28941796163,56.77082244031
983,3.63445110251,13267.30160447313,57.35067104505
984,7.94292924039,13267.30698573060,70.59829933158
985,8.26140642743,13267.31869757658,75.71704060102
986,8.92342702537,13267.34407324288,88.33742065484
987,4.08193644989,13267.36229059438,55.37007994656
988,4.97443835770,13267.37433783292,55.39300122620
989,7.76901636819,13267.38018476800,66.37850494724
990,7.78110520194,13267.40556043429,67.83410248866
991,7.51277351930,13267.41922425462,61.49470155061
992,3.81676340841,13267.42888988137,64.54732615618
993,8.02793442558,13267.44459992091,72.25140983025
994,5.66113556779,13267.47241731550,71.15937067502
995,6.80306648998,13267.47680749737,51.36202565149
996,5.68365417542,13267.48796234082,74.54042569740
997,5.24055409344,13267.49890240861,59.29010138629
998,7.32027722539,13267.50901507383,59.01796178006
999,5.35052453035,13267.54120649105,63.08175387731
1000,5.15768581853,13267.55343427529,59.48133454585
1001,4.09531535507,13267.55944478518,55.55156024610
1002,7.03959461572,13267.56952627808,54.52846542145
1003,7.08687843704,13267.59099799571,56.25035374847
1004,7.98607008013,13267.60075786737,71.42958228900
1005,7.10275643948,13267.61539767486,61.10022118498
1006,3.68696089907,13267.61952629429,58.87604411958
1007,5.55770365689,13267.64467728982,68.74499763971
1008,7.43609858519,13267.65736512297,60.86709016617
1009,7.79672949684,13267.66614900745,67.52165810698
1010,3.74821507484,13267.67943353937,63.71965627228
1011,8.15474914447,13267.69835658391,67.73843383955
1012,7.28330148223,13267.71690034006,64.73539957397
1013,3.52161033027,13267.74136419739,69.00918705656
1014,8.72593163301,13267.75203587801,82.32027438544
1015,8.22660130546,13267.75691581384,67.83829224449
1016,5.86008584738,13267.78229148014,38.42715269132
1017,7.73941690431,13267.79009937745,67.02531649615
1018,3.43871196579,13267.80144236560,65.51626221078
1019,6.79937051692,13267.81449905660,51.33412166683
1020,5.21037779737,13267.84230456610,60.53911930995
1021,7.71831095341,13267.84573064588,65.49204017356
1022,8.77703261742,13267.86329841487,84.64263728020
1023,4.42525391474,13267.87047672246,65.63712277499
1024,5.30898031153,13267.91307288326,62.59195476094
1025,5.89285014659,13267.91600172179,38.19003377465
1026,3.87612963627,13267.92969460011,68.35629069567
1027,5.75305876394,13267.94086006516,74.12297709529
1028,8.10525395054,13267.94820929825,72.94728555484
1029,7.14783430314,13267.96968101589,56.28210358508
1030,3.85376063066,13267.99056535903,64.25503044566
1031,8.36372465098,13268.01360043834,77.10973124830
1032,9.00603859003,13268.01652839983,90.06038590032
1033,9.40236834838,13268.03116820731,98.16360746679
1034,8.60665537413,13268.03604814314,82.10225954466
1035,5.50915111318,13268.05263867844,67.47304571587
1036,5.49372997041,13268.05702954485,67.28417606065
1037,5.62548100008,13268.07071737259,73.34729853226
1038,7.98249190379,13268.08972743723,64.35690720209
1039,8.37862913308,13268.10339125755,78.59850826299
1040,4.48975027150,13268.11095361823,68.97285241391
1041,5.24570306462,13268.11807641263,58.88287086170
1042,6.29012543044,13268.12779093669,47.90416808566
1043,7.28383182072,13268.13755080835,57.81362276776
1044,6.02107544907,13268.17022374244,76.87194533005
1045,4.69892428152,13268.17821635403,73.54979880226
1046,8.23157373483,13268.19123010244,77.21900634797
1047,8.03085653198,13268.21367780724,78.68600280343
1048,7.55318931060,13268.22441366606,62.74150256857
1049,8.53477966233,13268.22831761472,80.06333006961
1050,4.33807605179,13268.23938442604,60.42240762523
1051,8.84459076640,13268.25174130670,88.44590766405
1052,5.86044962417,13268.25759722967,75.50661154087
1053,4.95449900716,13268.28102849039,54.72423019334
1054,3.68258674445,13268.30298373702,60.39891340145
1055,6.85491220477,13268.31518047244,53.09792161754
1056,8.24150432668,13268.32396435693,74.62999579568
1057,9.35892683889,13268.33372422858,94.52052782719
1058,5.51339980654,13268.35016569324,71.46182902564
1059,5.84363916555,13268.36154272313,75.06290418728
1060,5.70989684889,13268.37034439664,69.46389320859
1061,7.48094387404,13268.38349957402,62.14138690129
1062,7.60083752322,13268.40887524032,63.59316923860
1063,5.76933747382,13268.42063156542,73.88356922506
1064,4.69489858704,13268.42938009307,73.63660702858
1065,6.69110107219,13268.44498676544,49.62253364855
1066,7.87906247167,13268.45669861142,68.23468258470
1067,7.52801601348,13268.47036243174,62.98390077590
1068,8.23454152255,13268.48305026489,75.91872165261
1069,7.14053678253,13268.49476211088,57.12429426021
1070,5.17535841756,13268.49769607633,59.68514490040
1071,4.87032243557,13268.50694940198,52.22838952177
1072,5.13277783778,13268.53916922485,58.52267153129
1073,5.82694354343,13268.54844140497,75.07491588867
1074,4.27636995179,13268.55787555482,61.22829977012
1075,8.49606089968,13268.58357694292,80.15167822443
1076,8.27736902186,13268.59138484025,76.76116245521
1077,8.23450024290,13268.60407267340,74.11050218609
1078,4.97738890789,13268.61775665034,82.69059495461
1079,7.15475255470,13268.63530426268,56.78908785585
1080,7.97910893134,13268.63920821135,70.01639671565
1081,5.78783082566,13268.66410025264,74.34603308154
1082,3.98785683816,13268.68044781114,71.11367440520
1083,5.95231200622,13268.68801371567,78.29044099993
1084,8.33677990668,13268.70167138994,83.36779906676
1085,5.66198427855,13268.72899903057,67.94381134263
1086,5.76990628332,13268.74022450700,73.89085354087
1087,6.54696245747,13268.74656679953,47.66260613137
1088,7.58172688887,13268.76315858135,63.88476630490
1089,7.56008632776,13268.76608654284,62.79879349587
1090,6.62117419919,13268.78267832466,48.20287576614
1091,7.61933021865,13268.79243819631,65.54395685783
1092,5.92089969967,13268.80415004230,77.19908712617
1093,5.41028196379,13268.80759129359,68.43525515716
1094,6.83757613597,13268.81683787546,53.40317679994
1095,7.53496679925,13268.83147768293,56.88775180960
1096,7.19562222826,13268.85002143908,55.73705011133
1097,8.88388905586,13268.86466124656,88.39358003232
1098,3.57674205689,13268.86856029922,70.90614860802
1099,8.47801973402,13268.88222901553,80.42955722206
1100,7.64614107047,13268.91834054065,64.87965841005
1101,4.08953749689,13268.92956671687,74.40261357395
1102,5.50976237616,13268.94176423263,66.80231861195
1103,7.45040438484,13268.95835601443,62.77822321739
1104,7.30872214204,13268.97494779624,66.18329386377
1105,4.38480507044,13268.98994633454,83.08019659676
1106,5.69421447754,13269.00032307599,71.34830290233
1107,8.19350054311,13269.02179518018,75.09467289096
1108,7.03770827389,13269.03448301334,54.96625876530
1109,4.02361358215,13269.05254331645,72.20116436206
1110,7.30589671993,13269.05985867963,59.35338553301
1111,5.63738691857,13269.06620459161,70.18490113124
1112,7.87022595282,13269.08913829460,68.15815608663
1113,6.96145566470,13269.10280211491,53.47195557788
1114,7.20892804457,13269.10865803790,58.12023598429
1115,4.59129699626,13269.12068883476,69.93255237026
1116,7.02795005388,13269.13305771704,55.33813406243
1117,7.53023051001,13269.15843338333,63.45085010392
1118,3.80194873108,13269.17893769545,65.52159799392
1119,7.39301341856,13269.18771299830,55.81602728789
1120,6.92877709910,13269.20820872878,52.76799428785
1121,8.80328622095,13269.22382452341,86.70231417865
1122,6.09996040567,13269.23120096797,86.69672672046
1123,8.27204732899,13269.23553636941,75.36193775433
1124,6.03232419489,13269.24776127504,77.48660727322
1125,6.40121078409,13269.26481598436,49.99505445182
1126,6.22636118233,13269.26871993302,42.68578168337
1127,8.18392984685,13269.28433572767,73.65536862162
1128,9.03829003415,13269.29116763783,80.84092366686
1129,3.84980899579,13269.30948835008,67.45410288739
1130,6.97582417695,13269.32044725279,54.48292851719
1131,8.01761325898,13269.34094298326,63.63783237468
1132,7.20480128527,13269.35460680359,57.63841028216
1133,4.50134337748,13269.36761894590,67.67002909441
1134,8.03059575819,13269.37705450838,70.92430135045
1135,7.19868708313,13269.39364629019,58.03767071352
1136,7.47431191727,13269.41219004634,62.53458007026
1137,8.77003117263,13269.42194991799,85.47969023715
1138,4.24497505595,13269.43137383195,60.33243134149
1139,8.21661977441,13269.43854169980,73.03091400810
1140,9.32696467742,13269.44634959712,97.37637003005
1141,7.38749823294,13269.45903743027,66.07579293001
1142,8.10717910050,13269.47953316075,72.96461190446
1143,5.37844336393,13269.48897347662,62.02723475645
1144,5.61805364207,13269.49710092972,69.26401708127
1145,6.01981439821,13269.52203201842,80.53962754211
1146,6.98329897133,13269.55370818532,54.09240123506
1147,3.55550746238,13269.55858909779,56.10496141555
1148,7.13407557164,13269.59274767194,57.07260457312
1149,5.05445463883,13269.60834185315,85.02908802259
1150,4.32929928030,13269.61941282722,62.43804216784
1151,6.91718187899,13269.63471512004,52.67968772236
1152,5.58659491341,13269.66107110814,70.22240917821
1153,8.70252154391,13269.67473059383,84.82168776975
1154,8.22882745771,13269.67961052965,73.13941827070
1155,7.05481147991,13269.68546645265,54.64633474466
1156,8.91870049580,13269.69717829863,88.29063039934
1157,8.41242107751,13269.72255396493,78.46584014409
1158,8.72206910912,13269.73426581092,84.56359747055
1159,4.47529080169,13269.74076819639,67.12936202528
1160,7.07857304938,13269.74792963123,55.28542286479
1161,8.16734057740,13269.76842536170,73.05091490581
1162,8.09649079939,13269.78696911784,71.96318432297
1163,3.74653448086,13269.80698174860,62.69151276342
1164,7.85320466092,13269.81722471997,68.91159122648
1165,9.01926869172,13269.84845630926,91.09014869239
1166,4.53071902643,13269.85989276023,68.41235704462
1167,8.52530387382,13269.86992802690,79.97443929408
1168,8.69573705137,13269.87968789855,83.85865123283
1169,9.87200751581,13269.91091948784,107.23745065173
1170,5.46709033138,13269.92211957878,69.58469964018
1171,5.45413857855,13269.93147057655,63.13621863048
1172,6.57060491948,13269.94215107714,47.83472585283
1173,8.23709288264,13269.94605502581,74.59004847089
1174,5.54508280345,13269.97246239777,71.65826212385
1175,5.05493458845,13269.99122466015,83.21472562560
1176,8.96630164416,13269.99680635840,87.85145563232
1177,7.28103904556,13270.00559024289,57.79145580212
1178,5.67714779981,13270.04170017199,72.25829472677
1179,4.92536279829,13270.05796410190,80.02767306016
1180,6.97349424040,13270.07390934447,54.46473113103
1181,6.13010924647,13270.10268781998,83.82798317316
1182,4.80480269110,13270.11946103759,77.17655898196
1183,7.68299907901,13270.13637252306,64.73810094688
1184,7.33884604209,13270.14906035620,65.22909042088
1185,7.20461224389,13270.16174818936,58.08544088677
1186,5.10436938086,13270.17999343190,84.02852501608
1187,8.69758535470,13270.19200379148,82.51253959368
1188,6.57743838061,13270.22033406307,96.21962829520
1189,4.55220901915,13270.24242831336,69.18758708311
1190,7.42412589909,13270.24861104707,61.22091051970
1191,7.87044955792,13270.26422684171,68.16009256360
1192,8.25435692091,13270.28081862353,75.65243080647
1193,8.83578107683,13270.29350645668,87.46977003109
1194,8.39080189565,13270.30131435400,77.35937110928
1195,4.48625654224,13270.30943681423,67.44322422886
1196,8.99644721849,13270.33644989197,89.06028368693
1197,4.36802004875,13270.37011931363,84.69905122846
1198,8.41804129304,13270.38036931441,78.96822709540
1199,7.74732538472,13270.38720122456,66.64501290894
1200,5.83575323697,13270.42097524235,78.94460652408
1201,4.84292503039,13270.43014465984,75.95831107328
1202,8.24954195803,13270.43990453149,75.60830094277
1203,7.42535475637,13270.45844828763,67.23944710625
1204,10.03432978599,13270.48284796677,111.73756757462
1205,6.15779868286,13270.49126115186,79.57629629047
1206,9.14027197040,13270.49846376141,92.76362910304
1207,8.36826314309,13270.50529567157,78.50126665737
1208,10.82726883732,13270.52188745338,131.27365813412
1209,5.97934274369,13270.53750279324,78.64597484195
1210,7.05160696295,13270.55945198984,110.82470260592
1211,10.44367645201,13270.56873483733,122.24009883538
1212,9.74153913367,13270.58630260629,105.37085654519
1213,8.20013881093,13270.60484636245,73.34427122473
1214,8.54374642124,13270.60972629826,81.05309532610
1215,4.99299973505,13270.62371171796,83.24994226112
1216,8.38508493735,13270.63119801591,77.30666335806
1217,9.92475111396,13270.64486183622,111.40505495229
1218,8.72559566995,13270.66047763086,82.77826877625
1219,8.02690325312,13270.66926151536,72.24212927808
1220,4.97680077720,13270.68292522100,82.53090417162
1221,7.27431905521,13270.68975724583,58.19455244166
1222,10.10156948487,13270.72684475812,114.28621253406
1223,4.85608151705,13270.74084373185,78.30196167447
1224,7.68060266689,13270.74538851425,66.07104238748
1225,8.38328313858,13270.75710036024,78.64216670449
1226,8.93284223757,13270.77954806504,87.06657620423
1227,8.86988137116,13270.79223589819,87.35820034340
1228,8.45599204126,13270.80492373135,79.32423667055
1229,4.23574142569,13270.80972025147,80.03197758926
1230,8.07816873823,13270.84201124363,73.15092913549
1231,8.55908272690,13270.84981914095,81.19858829645
1232,4.38027749069,13270.87031102630,86.72506968001
1233,9.14030141003,13270.88105073024,92.76392788267
1234,8.39905995363,13270.91423429387,71.26838698561
1235,4.98871622817,13270.93048454258,82.87877853257
1236,7.24992232638,13270.94253792167,63.61781022532
1237,7.98719977011,13270.95229779332,64.39486323380
1238,10.14997264183,13270.95620174198,115.28152869065
1239,7.19050124252,13270.97279352379,63.09639233063
1240,9.04288162642,13270.98840931844,90.87983560204
1241,4.91883943994,13270.99939985325,80.07290478375
1242,7.68078773166,13271.02452084356,66.07263437487
1243,11.66573164848,13271.03037676656,137.53694772797
1244,5.94534585231,13271.04843296747,77.74548526382
1245,4.96852400593,13271.05964865792,82.69271993906
1246,9.36461473314,13271.09283994514,98.21690791825
1247,9.13175112884,13271.09576790663,92.22616562163
1248,7.54251708975,13271.11333567561,64.00037977656
1249,8.53420132326,13271.12114357293,82.30085708549
1250,4.63428517358,13271.12504752161,71.04224645568
1251,8.57288050974,13271.14554325207,79.50162325484
1252,9.49091003857,13271.16115904672,99.99294196581
1253,4.72672837168,13271.18171976755,77.09060677218
1254,9.00463752769,13271.21483834081,89.14136361142
1255,9.53582699534,13271.21971827664,90.96599188789
1256,9.57178502476,13271.23240610979,102.64595892884
1257,9.20555700665,13271.24411795577,103.33212111996
1258,6.83260659440,13271.24942557583,99.48425367492
1259,7.64318512917,13271.27046960923,70.05094880999
1260,7.69054517197,13271.27534954506,65.70804675282
1261,6.39865316380,13271.29440684478,86.32255059092
1262,4.89828545219,13271.31079891392,80.18838880699
1263,10.12766806201,13271.33683673648,113.68279204499
1264,8.05694172800,13271.34854858247,78.52935407092
1265,9.44111708872,13271.36026042845,98.11496686722
1266,5.00833413606,13271.37049014772,84.10423206236
1267,9.48170559417,13271.38173214608,99.44496722905
1268,8.62630060872,13271.39246800491,75.20234522002
1269,8.81115690315,13271.42077163270,85.42733567990
1270,4.95504896761,13271.43313851453,81.87084526311
1271,8.16642869880,13271.45005124767,74.39970623925
1272,9.52230932157,13271.47933086263,98.95874130206
1273,8.72292001917,13271.49006672145,85.02050751306
1274,4.94431467089,13271.49953077515,81.69348557374
1275,9.74160802999,13271.50763449043,105.37160177284
1276,9.90105639012,13271.53984206688,108.00777379057
1277,6.74579683233,13271.54569798988,100.51010908604
1278,5.46625699425,13271.55937776154,100.34713938455
1279,9.66795593827,13271.58180951500,101.85823626349
1280,8.56426824580,13271.60132925830,75.63756914195
1281,8.40781274625,13271.61011314279,78.42285649167
1282,5.11355916353,13271.61957964689,89.45075248195
1283,6.75634674936,13271.63353683476,101.34520124035
1284,7.95661577419,13271.65793651390,70.27092782291
1285,5.92547659118,13271.67892088946,77.93747622319
1286,8.89607569624,13271.68819211602,87.16338467586
1287,8.66127352564,13271.69600001334,83.97416241965
1288,9.31869626646,13271.71844771815,97.29004528532
1289,8.35935591987,13271.72820758980,77.52147766890
1290,9.15299773041,13271.74479937161,92.89278146149
1291,5.38334870836,13271.74870416654,95.69649987217
1292,9.67718743779,13271.75748720476,106.00827705766
1293,9.76087540603,13271.79457471705,106.47857979117
1294,9.23678647272,13271.79750267854,93.74314432159
1295,4.40966492157,13271.80679032068,88.52340550591
1296,9.22848278607,13271.83849413949,94.56380875337
1297,8.83193110455,13271.85606190847,86.53489859826
1298,5.33379820087,13271.87140489904,91.61099256119
1299,5.76503933769,13271.87899851539,73.82852622585
1300,8.84812245890,13271.89900534375,86.69354082383
1301,6.98676081696,13271.92438101004,108.91282243780
1302,8.82207740308,13271.93414088170,86.43835243556
1303,8.58127060592,13271.93804483036,80.95554498532
1304,6.47529329277,13271.96001515996,92.71209069814
1305,6.00347693600,13271.97561920154,80.54509518155
1306,5.39240548146,13271.99691899860,96.76325683967
1307,9.13497200338,13272.01026788060,92.70984031249
1308,9.00606167462,13272.03661953406,90.06061674624
1309,6.95209780179,13272.05030279728,106.80015293799
1310,6.75432401909,13272.05954380352,101.53975481461
1311,8.26147567056,13272.06492316186,75.71767522477
1312,8.40033128880,13272.08249093083,78.35307410212
1313,6.48595424119,13272.09859314871,94.21392736936
1314,5.92692964914,13272.11469850730,77.27770804827
1315,6.01320371613,13272.12249729718,80.67559363096
1316,5.42795226581,13272.16292843762,68.65876876251
1317,5.87981415943,13272.18206266054,76.88854718333
1318,9.18169423862,13272.18887353186,85.14752951122
1319,8.00489172879,13272.20058537785,71.14903397503
1320,9.09701194604,13272.22108110832,91.42383858159
1321,10.79714391802,13272.23474492864,128.20898044555
1322,8.46596977155,13272.23572091580,78.96530911125
1323,3.79951567197,13272.24694709385,64.36787747795
1324,9.55969703450,13272.29232817139,101.62097340229
1325,9.17509088571,13272.29623212006,92.66387571019
1326,4.76860552235,13272.30866102919,76.14852362373
1327,5.92206992352,13272.32843209100,77.44111299967
1328,5.72724467099,13272.36068392890,72.89592379863
1329,7.75332469039,13272.36552720880,73.96200363479
1330,4.67926612727,13272.37577766038,47.94820962694
1331,8.19504856722,13272.38504695211,75.10886076624
1332,9.43754554986,13272.41432656706,89.03362665029
1333,7.14199703395,13272.42018249006,56.68784404861
1334,5.03656966051,13272.43238014239,56.08486613337
1335,5.37667441150,13272.43824296462,64.74373344544
1336,8.57202464381,13272.44653414353,79.95452310524
1337,5.07258749578,13272.47190980983,57.38977626288
1338,7.46358912070,13272.48947757880,62.44486671763
1339,3.90369546316,13272.50053502941,50.59767612458
1340,4.29394944887,13272.54862655900,63.25382522554
1341,5.05792320532,13272.56080840876,54.47550008501
1342,5.96260191783,13272.57146050069,39.09939552105
1343,9.55261913319,13272.58902826967,102.44042763936
1344,7.93160502970,13272.60171610282,70.49764754537
1345,9.51609601399,13272.61245196164,99.35095915429
1346,5.88252260289,13272.62221403088,76.92396467726
1347,4.76577361862,13272.62662775845,52.85498629857
1348,8.74984926508,13272.65149144826,75.77591742842
1349,9.88344756223,13272.67101119157,108.26774351506
1350,5.06157387344,13272.68467501188,57.71082142822
1351,5.37704220794,13272.68811067776,63.62202139849
1352,7.80218677533,13272.71395462684,73.60568282723
1353,4.94726846124,13272.73347437016,51.88738936419
1354,7.29760390101,13272.74421022897,60.17758339556
1355,5.34792416454,13272.74907365781,62.36697708139
1356,5.36560037286,13272.76372997227,65.05444721232
1357,4.65752658584,13272.79691326411,47.72544561622
1358,4.38125817673,13272.80895071363,63.94235797956
1359,7.24725331862,13272.82228920220,58.87696428857
1360,7.88186291496,13272.85254480433,68.25893513499
1361,8.21216677508,13272.85840072732,74.81639994522
1362,7.65154423802,13272.87206454764,64.92550580705
1363,4.56264430689,13272.87694770424,69.34618972551
1364,8.32181272279,13272.89744021393,76.27067344290
1365,8.63811428863,13272.90915205992,82.85388161477
1366,7.48080600607,13272.92086390591,62.58891351537
1367,4.62735294527,13272.93224271156,71.53714050710
1368,6.50674942559,13272.93940766205,51.23419621132
1369,6.23742895056,13272.94721555938,43.21417540387
1370,7.25746548642,13272.97747116150,58.95992833200
1371,4.00037914361,13272.99848020795,69.28859926264
1372,6.89814543274,13273.01553466095,53.87623813039
1373,7.88356821921,13273.03310242993,68.27370350305
1374,6.49826020212,13273.04188631441,46.40686014347
1375,4.07198383168,13273.06165035655,73.63425908105
1376,8.34733664366,13273.08970968552,77.41001548680
1377,4.82239870573,13273.10045527856,51.93882359211
1378,5.37438541469,13273.12289324914,64.26830212277
1379,5.50795624238,13273.12776788354,67.00717969930
1380,8.56570133012,13273.16095674859,80.80866473117
1381,5.12986767126,13273.16975325681,58.71401914814
1382,4.17269418580,13273.18763169296,57.96892026132
1383,4.68015534139,13273.19853069718,48.63760103159
1384,7.83489706993,13273.22439591434,68.75094276749
1385,6.73926475498,13273.22732387584,50.43203950378
1386,8.09225689443,13273.24098769615,71.92555255254
1387,4.44365264375,13273.24911395759,67.97481462640
1388,7.59538139199,13273.26441138812,63.99982119328
1389,9.60663845192,13273.29369100308,93.13981544174
1390,8.33403203091,13273.30442686190,76.38266525170
1391,4.69568632667,13273.30927502964,75.86113425522
1392,7.63103911734,13273.32199463088,57.61308190496
1393,7.28606292751,13273.33565845119,59.19225504170
1394,9.18424611108,13273.36103411750,94.55760108349
1395,4.86317256176,13273.36832292916,52.15171566719
1396,5.62135714302,13273.37860188648,69.98533203501
1397,5.46124232387,13273.39275820703,66.66295815730
1398,7.88673628777,13273.40397755277,68.75497294549
1399,4.49139832132,13273.42301056958,44.91398321320
1400,3.95017946919,13273.43887332896,69.43781831383
1401,7.34157515570,13273.47327264152,59.18967118378
1402,8.68495617337,13273.47620060301,83.75468421047
1403,3.22188360596,13273.49960229704,58.97015245081
1404,4.37814121129,13273.54221177373,61.29397695804
1405,5.94872099133,13273.55964545442,78.91870204301
1406,4.50470015922,13273.56829048454,68.01948076537
1407,5.42163897462,13273.60307893452,67.93294163997
1408,5.64209296532,13273.62014982515,70.01653238001
1409,4.45439103447,13273.62744274501,64.55025865542
1410,7.79959898887,13273.64114243395,67.54650863690
1411,5.14104186358,13273.66554211310,61.26258421673
1412,3.49010581404,13273.68782093099,66.40379184009
1413,8.27643332967,13273.70067765104,75.40189612217
1414,8.02631019484,13273.71531745853,72.68133005247
1415,5.45378710813,13273.72800529168,32.72272264878
1416,3.72054165851,13273.75147007167,76.79111458446
1417,8.54392631978,13273.79046847027,81.05480199353
1418,4.83624066737,13273.79665005691,77.22857027778
1419,4.86754683743,13273.81032839897,79.53637068218
1420,7.08734736840,13273.81974808523,55.80582898466
1421,7.80368389147,13273.83926782853,67.58188493119
1422,5.47365833251,13273.85634852643,67.26143967158
1423,5.37269063955,13273.87296010502,64.24803555976
1424,6.31207486431,13273.87830731515,87.23461019969
1425,5.92476385402,13273.88856788798,77.92810162958
1426,5.49224690090,13273.91686125828,66.13541050726
1427,8.38924288239,13273.92613068626,87.18356945599
1428,4.58432028438,13273.94206987602,70.42566451851
1429,5.23729718057,13273.95188962536,57.84783811364
1430,5.36548412673,13273.98664189051,66.58390696550
1431,3.49225130833,13273.99888936176,80.01752983115
1432,8.84968221765,13274.02372940279,86.25603259234
1433,6.27676601747,13274.03933364563,87.65026736649
1434,4.75238109143,13274.05958306903,77.50898996989
1435,9.48841986654,13274.06764882523,99.96670637555
1436,8.62952156922,13274.07448073539,75.23042490268
1437,8.01635737444,13274.09497646586,71.25094286270
1438,6.98369507477,13274.10766429902,54.09546943916
1439,5.17627385440,13274.11840015783,59.69570223303
1440,3.67023732020,13274.12748713683,59.85975917461
1441,7.93604442632,13274.15353569578,69.18483133155
1442,6.65620509861,13274.16671863973,98.72747636417
1443,7.44375982793,13274.18281531075,62.72223518570
1444,4.04765033684,13274.18948231106,74.41514602740
1445,9.05127286733,13274.21209492572,89.14469939559
1446,6.09557228617,13274.21860443762,78.77215402550
1447,8.41735618802,13274.22868670752,78.05935002838
1448,3.89614186693,13274.24965973918,67.37059085930
1449,8.19733547808,13274.25601434816,74.68128039899
1450,8.20951192195,13274.27358211713,74.79221308216
1451,7.78550278347,13274.28139001446,67.42443191719
1452,5.84013951859,13274.29992469143,75.69685972508
1453,5.19494561868,13274.31262248273,59.91103552336
1454,5.30175075979,13274.31655485176,62.73116097011
1455,8.72201999364,13274.32628542406,93.53324418883
1456,5.82348901021,13274.35654292534,74.57704725542
1457,4.50761561895,13274.36941454948,65.63187408921
1458,5.47500951294,13274.38141625766,67.05489821791
1459,7.33209653483,13274.39167656414,65.58026507785
1460,7.37626683579,13274.39850847430,59.92507505678
1461,5.33234963107,13274.42633171681,62.86747497495
1462,4.05432831565,13274.44123154838,71.15317316924
1463,8.33553107177,13274.45023579407,77.74865791518
1464,7.96337840967,13274.45511572989,78.02485492959
1465,9.18300295025,13274.48049139620,93.64862247337
1466,7.87036248045,13274.48732330635,68.15933845057
1467,4.19315725778,13274.50003935107,76.17248433776
1468,4.60147942562,13274.51075046976,70.68926824802
1469,7.58593243646,13274.52929075447,63.92020287882
1470,7.97045545174,13274.54588253628,69.48481969623
1471,4.83673691069,13274.56056045210,81.07848498868
1472,5.91550397623,13274.56936475002,76.67369474067
1473,9.01420255913,13274.58004208707,90.14202559129
1474,7.64973750100,13274.60346577904,66.68886542293
1475,7.42372986740,13274.61224966352,55.05585421125
1476,9.34092944937,13274.62200953518,95.25916307486
1477,4.45330658551,13274.62663565071,87.83293506902
1478,8.44954605437,13274.64152927848,80.60353215437
1479,7.14721932404,13274.64543322714,62.30801352163
1480,9.85891286469,13274.66885691911,98.09494443896
1481,9.03929510768,13274.67471284211,89.93985072436
1482,4.20462908878,13274.68961021494,78.88583416896
1483,8.32949101187,13274.70204048274,77.24452190570
1484,8.90197034793,13274.70496844423,86.30780469397
1485,8.56411517647,13274.73034411054,82.14410706520
1486,9.15801045317,13274.73620003353,92.03686599126
1487,5.90835471356,13274.75130261259,77.48734562789
1488,4.22797332260,13274.75719275698,79.54884335734
1489,8.44583013812,13274.77816748164,78.77745911627
1490,8.62212348785,13274.79280728912,82.24981594521
1491,6.80069796825,13274.80061518644,51.34414370456
1492,5.31652373031,13274.81236595121,65.33053735288
1493,4.64090065453,13274.81941377012,69.61350981788
1494,7.26778309600,13274.84258263455,58.14226476797
1495,6.93486764521,13274.85039053188,53.71725379612
1496,5.95448193253,13274.85868550246,79.44269761976
1497,3.51313666232,13274.87712632543,68.39347169057
1498,7.66684036527,13274.89235797999,65.05529775065
1499,7.45037115805,13274.91285371046,66.63814546804
1500,4.68641394993,13274.92851120188,70.91831172282
1501,5.69898493453,13274.94062058477,72.53623607556
1502,7.02033533203,13274.94994122274,54.37928365149
1503,7.78698666029,13274.95872510723,67.43728266743
1504,5.61382777173,13274.98214879920,70.34106036557
1505,5.51952818542,13274.99239357448,67.37442776797
1506,4.79317010623,13275.00168161291,76.69072169969
1507,6.18569167080,13275.01777851881,84.58806139421
1508,5.98022648720,13275.04363599062,79.78617281961
1509,3.67350130699,13275.05982397091,75.01501944601
1510,8.59123931713,13275.07486757992,81.95519973366
1511,9.26771534675,13275.08755541307,94.51252279896
1512,5.28594658364,13275.10852436697,62.32039111424
1513,9.70864512306,13275.12366693819,103.65996370009
1514,4.40276567119,13275.12858749223,87.83489927728
1515,8.28196604979,13275.13830674567,69.29189934971
1516,5.56644237578,13275.16899798312,69.07773325265
1517,5.72002106000,13275.18059595716,76.09993064415
1518,4.65620476959,13275.19225346455,69.68769188194
1519,7.92459149725,13275.20564986008,72.19646447755
1520,7.73883507930,13275.23102552638,64.74773962789
1521,5.89385040851,13275.24078277588,77.07209495718
1522,7.92603801872,13275.25152125685,76.02388597027
1523,4.65401875932,13275.25542261042,72.09974859116
1524,7.65712463521,13275.26908902583,66.31264454033
1525,8.33444768713,13275.28177685898,70.22730448846
1526,5.61588987946,13275.29300739204,69.69136063597
1527,8.87788753561,13275.31203246110,87.43705191861
1528,3.69467377762,13275.31709509792,75.89834810008
1529,7.79086711450,13275.33838411457,66.10769961582
1530,5.99839614410,13275.34911997338,81.36620403757
1531,4.06339868634,13275.37866284002,72.80177231231
1532,6.74331706715,13275.39889531883,49.55305796499
1533,8.04641881217,13275.41158315198,71.96935775779
1534,5.73435555343,13275.42184494626,73.65913077262
1535,9.45309475473,13275.43305486961,98.23944242370
1536,4.95675002021,13275.44151420202,81.59840364081
1537,9.49864002894,13275.45647856158,101.86156623535
1538,8.73417329209,13275.47990225355,82.39802604164
1539,5.99589312477,13275.49003652368,85.21765275732
1540,5.05230107951,13275.50000927188,81.93455467672
1541,5.01546603405,13275.50930056863,86.72551505796
1542,8.72433589684,13275.53943747064,84.13444851069
1543,8.32916170543,13275.54431740647,76.33802798133
1544,4.49739933178,13275.56048449667,65.01814790225
1545,5.11409402017,13275.56967587711,87.38967692446
1546,7.57323016465,13275.57652498293,63.81317163412
1547,8.27724054657,13275.59311676473,76.75997102430
1548,6.48192659998,13275.61556860337,92.80706520386
1549,4.40656494650,13275.62629505307,66.97398882401
1550,6.25932711758,13275.64149927808,82.32859431518
1551,7.10712129379,13275.66826777647,56.85697035029
1552,6.28045896089,13275.67756637267,91.22893600306
1553,4.24478710390,13275.69045458968,77.92393288880
1554,9.78037719798,13275.69461942994,106.69131922532
1555,7.26093337581,13275.71901910907,58.53951636897
1556,6.02967298331,13275.72973325008,81.34473580988
1557,4.93501037556,13275.74953082151,83.60437767118
1558,7.63494236757,13275.75805859568,64.78463426495
1559,9.26708204208,13275.78441024915,84.93420985842
1560,5.01370236555,13275.80066940896,84.19437996508
1561,4.48230890785,13275.81563988967,66.78489857948
1562,8.30731556824,13275.83125763308,83.48748820621
1563,4.57624567260,13275.85737499821,90.83588297398
1564,5.55293824309,13275.88103255455,102.69183078998
1565,8.37100881768,13275.89567278600,78.52702336817
1566,9.35997807708,13275.91324055498,98.16827825915
1567,8.83698565891,13275.92104845231,86.13228184543
1568,4.29058743812,13275.94140068777,101.89580598929
1569,6.22267570277,13275.96251182872,86.22392380983
1570,3.92052414846,13276.00283642036,85.08531025368
1571,9.23673553248,13276.01571920735,94.64837423952
1572,9.62110719167,13276.02840704050,104.95388857803
1573,9.58336485794,13276.04207086081,102.77013880519
1574,8.85776883381,13276.05280671963,86.78805560944
1575,5.18292499723,13276.06549984770,89.32091201677
1576,6.56477671304,13276.08014452751,96.03440406705
1577,7.82635561979,13276.10843798807,67.32485669701
1578,6.91140831893,13276.12210180838,53.08753462070
1579,4.95229991445,13276.12797741540,81.97514987654
1580,5.81738962235,13276.14602355588,74.95182222624
1581,6.12197726052,13276.16991450105,83.04253986007
1582,4.19024102782,13276.19164286018,78.39223147053
1583,9.07974760553,13276.20603670460,90.79747605533
1584,8.22220043763,13276.22848440940,81.80986140817
1585,8.25870529802,13276.24214822972,75.69228434100
1586,5.31704188882,13276.25094014260,94.06807365972
1587,8.84667937680,13276.25678803720,86.22676452016
1588,7.73289476027,13276.26557192169,60.39583879523
1589,9.04235843133,13276.28216370350,89.97033040990
1590,9.74488480244,13276.29973147247,105.40704548603
1591,4.40469325671,13276.31729683818,86.31400761943
1592,9.13030602512,13276.33486701043,100.84752624483
1593,6.50707505747,13276.35294817004,89.45749201078
1594,9.12233752895,13276.37390649706,93.92021321928
1595,5.55313416623,13276.38014580636,102.39473464576
1596,8.78594121257,13276.39830617618,85.63476212450
1597,6.87272737818,13276.41827337609,105.80429312035
1598,8.67367734085,13276.43344171414,91.79357278523
1599,9.53809336678,13276.44027362429,100.03636717748
1600,5.97552422631,13276.44515356012,78.59575008744
1601,8.88267722269,13276.45491343177,88.38152244452
1602,9.74336203829,13276.48419304673,107.17698242121
1603,5.37076617832,13276.50091811218,92.86922888302
1604,8.74574514789,13276.50664075154,83.42909142172
1605,6.36641904033,13276.51640035765,90.03476150591
1606,7.47398339492,13276.54177628949,68.09122929100
1607,8.65854858941,13276.54470425099,83.04988054245
1608,4.90736708792,13276.56717943496,104.33205540248
1609,9.77759307480,13276.58667169909,107.10816570344
1610,10.01961470160,13276.59838354509,111.57370732967
1611,9.61231752360,13276.61302335256,102.63146638289
1612,9.77266186163,13276.62278322422,116.45470630404
1613,6.35795658763,13276.62912758910,89.69001495191
1614,8.42776967855,13276.63547105737,78.15592076676
1615,9.98815209547,13276.64913487769,110.77396544638
1616,8.55253731099,13276.66670264666,73.07291081709
1617,6.20601284501,13276.68084791885,85.99303647982
1618,10.48886716503,13276.69110232579,123.21629010798
1619,5.27801263777,13276.69566981620,92.17652796872
1620,9.72080743233,13276.73306977391,106.92888175559
1621,8.18069462356,13276.74087767123,73.62625161200
1622,9.05093194678,13276.75161353005,99.97081089415
1623,5.81081960178,13276.75646049187,109.02063935063
1624,8.85166389329,13276.77894117068,87.62700189221
1625,9.27637811192,13276.78967702951,93.68682655149
1626,8.72681579013,13276.80431683698,84.60961825037
1627,4.29434427853,13276.81817597208,101.98502600558
1628,9.19750485143,13276.82481256745,94.69410817030
1629,9.49679070198,13276.85311619525,103.16155276647
1630,9.84231337659,13276.86092409257,117.28469989565
1631,5.20958139625,13276.87684072946,117.18663572269
1632,6.99962586904,13276.89062841649,113.51485579698
1633,10.50177984182,13276.92045930966,111.63545101173
1634,7.15353633179,13276.93705179825,113.55886877156
1635,5.52354901341,13276.94848789933,102.29755930779
1636,9.83566920830,13276.95461886045,108.19236129128
1637,6.85237867440,13276.98389847542,103.24149468072
1638,8.32475685929,13277.00341821872,84.48705467072
1639,5.37008886787,13277.00894580879,96.06307003018
1640,10.20114874692,13277.03464980801,116.75748406054
1641,10.62350039022,13277.04733764116,123.89023946049
1642,10.27691704880,13277.05416955132,106.80085484215
1643,5.97536244350,13277.06880213439,118.60755791463
1644,10.79733073947,13277.08930508928,128.21119882741
1645,10.26749241176,13277.09516101226,117.96450676437
1646,8.40811341568,13277.10882483258,79.32198331968
1647,5.38288131347,13277.13063584375,96.89186364238
1648,7.10344530987,13277.13420049889,111.18650611128
1649,5.46335453044,13277.17812050142,99.69686468246
1650,5.81148566362,13277.19154810059,108.72294130712
1651,10.63798093485,13277.19568769030,137.06079661759
1652,8.59034080069,13277.20447157479,81.94662843309
1653,9.34953827584,13277.23375118975,98.05878470005
1654,11.23829003509,13277.24253507424,140.36619754908
1655,9.32914225018,13277.25327093306,95.59526132622
1656,5.50391952222,13277.25821412153,103.84774584993
1657,10.89522802903,13277.28157456086,132.99320688249
1658,10.38841844922,13277.28450252235,107.95961138601
1659,10.33920815822,13277.29719035551,119.68498734353
1660,9.07303213764,13277.30695022716,92.52713583455
1661,5.82566942231,13277.31964149521,112.21031764011
1662,7.94731281035,13277.34306175228,77.05205646266
1663,9.64932203514,13277.34696570094,104.37337611349
1664,9.62311112116,13277.35867754692,101.84143546131
1665,10.04601193527,13277.36843741858,100.96117043780
1666,10.89172244486,13277.37722130307,131.60518303291
1667,7.80083243936,13277.38844590774,135.11438126304
1668,12.27732144262,13277.40650091803,168.78526452640
1669,7.52149290731,13277.42992460999,125.63370049386
1670,5.46880782571,13277.44292655749,103.18525968520
1671,9.62672556698,13277.45627626347,101.87968716039
1672,5.76898456124,13277.48995696035,110.51784522199
1673,6.14890863190,13277.50736248616,126.76299885796
1674,7.28951079984,13277.51875566249,117.31357395702
1675,10.97233123520,13277.54801905701,120.19586651878
1676,7.43350445041,13277.55720104835,122.82165052257
1677,7.00312333080,13277.57241873614,108.94303192735
1678,7.18714837022,13277.58082171179,120.69274492757
1679,10.44710802509,13277.61243420992,120.02813305055
1680,10.68568001966,13277.61536217142,125.52831765218
1681,5.62886487080,13277.63003121213,103.02514310004
1682,10.32032145520,13277.63390592756,115.38470161744
1683,11.12204888599,13277.66025758102,138.02099694986
1684,11.39577967455,13277.66904146551,144.14647794009
1685,11.26751461947,13277.68172929867,143.41204790186
1686,7.16125288135,13277.69197725297,113.90670013718
1687,6.81658749590,13277.69588045045,102.24881243847
1688,10.37759583575,13277.70515299063,120.57676753659
1689,9.82441148300,13277.73345661844,107.17167656382
1690,10.60043350306,13277.74126451575,123.62123564164
1691,10.06215066641,13277.75297636174,113.39467913559
1692,5.19521473645,13277.75612970508,123.05093947044
1693,9.79419928347,13277.77444807938,95.96316273458
1694,7.51213800398,13277.79932378063,124.12089005354
1695,5.35976603575,13277.81884469319,131.06792510328
1696,7.59895947835,13277.84813532556,128.05994136981
1697,11.71261079812,13277.86716686009,136.08823968519
1698,7.33446526122,13277.87984976137,120.07037111223
1699,7.06507489836,13277.88571061625,111.26091076026
1700,9.52245651081,13277.90327838520,100.77620719218
1701,6.71719535259,13277.92768713463,100.08395663580
1702,7.85728881008,13277.94084661190,136.54512151070
1703,8.29531574307,13277.94672010197,153.40728157686
1704,11.21451635037,13277.98038137128,138.26184325353
1705,10.19476482355,13277.99306920442,115.34059742937
1706,4.78221881170,13278.00808894902,127.15667128173
1707,10.08365929151,13278.02527678088,112.73873818881
1708,7.83026713336,13278.04921249431,136.07553483526
1709,10.53759382589,13278.06236429317,123.33937351305
1710,8.23173526614,13278.06724509203,151.78569849362
1711,10.64683797839,13278.08090804931,124.61804353515
1712,9.74577928373,13278.09164390812,103.59905484479
1713,11.56878765067,13278.09457186963,149.94862591782
1714,10.46773700228,13278.12092352309,121.62411324696
1715,6.57325834152,13278.13003395895,144.76099866261
1716,9.79585528178,13278.13556333057,117.14139166119
1717,7.55623787049,13278.15694084250,118.75559985357
1718,9.83038773820,13278.16777090703,108.13426512017
1719,7.11987032970,13278.17848485849,112.57503443452
1720,7.06191518031,13278.18811321324,115.17635104353
1721,10.97005010095,13278.19802650916,121.66374112170
1722,9.48898053371,13278.20485841930,110.65957804641
1723,7.36222767436,13278.23121431629,119.84838349851
1724,11.54866490013,13278.24292191877,149.24164091467
1725,4.51516097044,13278.25661077171,111.15002125471
1726,7.88901826840,13278.28098541821,68.32090231351
1727,10.98104173772,13278.29660121286,132.68443215480
1728,6.70922473262,13278.31071990757,99.51388462329
1729,7.46408490281,13278.32098947309,124.22713098138
1730,11.80358229491,13278.32392885349,153.44656983388
1731,7.28119446589,13278.33613078117,119.19829060782
1732,5.37555361701,13278.36846916263,95.70901112507
1733,6.42590361456,13278.38007140569,96.17411890449
1734,7.06255163509,13278.38949799290,106.17343191785
1735,8.66596501336,13278.39907986522,84.90876964615
1736,6.35566249046,13278.42347954436,88.52413492592
1737,5.93237302046,13278.44250864315,77.80234276983
1738,6.33411450835,13278.44885521065,90.24724007299
1739,6.68603082874,13278.45920935939,103.79511060997
1740,10.13649671936,13278.47423087696,113.32947859100
1741,4.56656319535,13278.49813769523,92.69110938955
1742,5.86898019838,13278.50942259490,73.06821421241
1743,6.98845560952,13278.52010227373,53.67934608920
1744,8.97171579676,13278.54352596571,89.26744507063
1745,4.36340084460,13278.54906380406,63.23168553372
1746,5.11966634400,13278.57096940871,60.35997600130
1747,4.83034399940,13278.57733797897,78.18594800841
1748,5.09919387510,13278.61119224272,87.43296165458
1749,7.62315965843,13278.61770099027,57.55359329481
1750,4.36276397161,13278.62915237525,63.37280724872
1751,5.41501834880,13278.63722073358,65.20545559302
1752,8.40370525149,13278.65088455389,86.11235396364
1753,6.05175337801,13278.66857746929,76.54929804846
1754,6.97599222570,13278.68797206618,54.48424101988
1755,3.50732792528,13278.69737418222,69.53006706427
1756,7.00704997800,13278.71139575815,49.04934984597
1757,7.77235856104,13278.72310760413,68.20216957914
1758,4.70452174217,13278.74490639038,73.33623614483
1759,3.17450868253,13278.76024913640,68.30728357089
1760,5.76558279514,13278.77893862608,70.14134198325
1761,8.37869180374,13278.79240269288,78.59909616590
1762,5.91493126208,13278.80606651320,78.02330202780
1763,3.60832665877,13278.81894957854,72.25668503209
1764,5.86771344093,13278.83094769433,76.05425860646
1765,7.58165522302,13278.83729810249,63.88416243776
1766,7.92430279730,13278.85584185863,69.08247018290
1767,4.77854192217,13278.86842581248,74.49009655766
1768,5.15248495161,13278.87883368555,61.82981941927
1769,3.52158957869,13278.88727310506,68.46752671720
1770,7.80226344795,13278.89390535808,74.83668199372
1771,5.97609175853,13278.90957237850,75.35564982342
1772,6.30771585534,13278.92904089603,44.15401098740
1773,4.20735243351,13278.93822490864,80.71101372129
1774,3.77307350366,13278.94511112591,61.65252905024
1775,5.03506891766,13278.96855205012,56.51850842608
1776,8.06722099582,13278.97393630563,71.70302861833
1777,4.69549254211,13278.98857280750,73.19548484539
1778,4.26110574875,13279.00290399822,62.48007501140
1779,3.93510814830,13279.00719031425,66.89683852115
1780,5.45697282628,13279.01669644414,66.38693967309
1781,7.43060640227,13279.02663961257,61.27435011786
1782,4.05230703631,13279.04904808393,73.27844080981
1783,7.67158156814,13279.05689521470,64.64189529027
1784,3.25097028806,13279.06560455360,57.60734027482
1785,4.24349244892,13279.07905283810,61.93173337588
1786,8.64606930359,13279.08715081682,82.93018343777
1787,5.83663405010,13279.09983864998,37.82571183017
1788,5.24519524711,13279.11018894336,63.81055422646
1789,4.30094450254,13279.11968748523,61.42977468000
1790,7.90274324566,13279.12716629060,69.34629054334
1791,2.53353073137,13279.13651198654,63.49009815045
1792,7.91972819019,13279.15058998257,69.49533282673
1793,7.24462002526,13279.16230182856,58.85557131217
1794,3.98310783784,13279.17849133496,68.64363750723
1795,4.60753162197,13279.18503646993,72.85147158339
1796,3.08881092916,13279.19922411346,64.86502951240
1797,5.52765403719,13279.21157315411,64.46296956442
1798,8.28294276411,13279.21402914832,76.81285121440
1799,4.84553885212,13279.23682356428,79.91467400138
1800,6.97987364182,13279.24818869912,54.06586874678
1801,3.85069218249,13279.25885722750,64.31924011769
1802,5.84952522685,13279.26718830565,76.04382794910
1803,8.14796838322,13279.27454035257,73.78299180346
1804,7.59122773215,13279.30089200605,63.96482183342
1805,7.68063863681,13279.30869990337,66.07135181248
1806,3.99887918398,13279.31943576219,70.86031967619
1807,7.68769504797,13279.34481142848,66.13205335649
1808,5.43086525668,13279.35652327447,68.69561550630
1809,4.26890574357,13279.38263039841,80.54555247881
1810,8.53618401187,13279.39165881242,80.98135201151
1811,8.85567734848,13279.40337065840,79.20758615206
1812,5.45287826983,13279.43061500494,68.97406054527
1813,9.48726978659,13279.43948218352,90.99869502539
1814,3.66575095709,13279.44679692342,59.89886418965
1815,4.68732468091,13279.48760164412,73.21835213986
1816,7.64189181566,13279.50096937495,64.84360228740
1817,5.68414016870,13279.50878556141,71.67428035030
1818,8.47366925584,13279.51463319526,79.03712511972
1819,8.56573505463,13279.52439306692,80.80898288757
1820,7.08833144141,13279.53805688724,56.26188661312
1821,6.91784286723,13279.55757663054,52.22856829678
1822,3.83130844354,13279.57100160505,65.58143674954
1823,8.74434660524,13279.57514439952,84.77958580898
1824,5.94424562585,13279.61272194284,78.18434433089
1825,3.87537362347,13279.63198106645,66.67444888083
1826,8.74826793596,13279.64541547542,85.71517030500
1827,7.34792987650,13279.68250298771,58.78343901203
1828,5.50983243967,13279.68753258609,70.77507915708
1829,4.39608869122,13279.69809986715,64.15880221266
1830,8.53831304543,13279.70787865402,74.43528742673
1831,8.42322183423,13279.73325432031,79.46451585521
1832,9.35611604467,13279.73715826898,98.12777292152
1833,7.44298219637,13279.74594215346,60.92343495202
1834,4.27279350012,13279.75961204720,60.57730287183
1835,9.72581583461,13279.77619775558,106.98397418073
1836,7.93046253290,13279.78790960157,70.48749281161
1837,6.17603364323,13279.80108300805,83.54783453742
1838,7.91000044915,13279.82109316519,69.40997224559
1839,4.52464349143,13279.82565004520,68.02030661308
1840,6.72222218643,13279.85085998921,101.05715844984
1841,7.74024049515,13279.88258035662,66.58406638445
1842,4.68192783731,13279.88519755797,72.98403202436
1843,8.87351737704,13279.90210009993,95.98176568991
1844,7.59541250856,13279.90698003575,64.00008338617
1845,5.55665387944,13279.92992757304,68.28130602680
1846,5.88593192262,13279.94884714929,73.04249426218
1847,6.17804891287,13279.95588779470,88.24018827862
1848,5.85121514321,13279.98826001086,73.54863388961
1849,8.85478446400,13279.99677085496,86.30576313817
1850,4.43905877524,13280.00937566705,67.46785226398
1851,5.62215930985,13280.02739312355,67.23124696646
1852,8.65836324330,13280.06021002071,83.94594618548
1853,8.06524669255,13280.06996989237,72.13775943942
1854,4.46947369391,13280.07535961739,88.71651971096
1855,8.20505747960,13280.08948963568,82.05057479595
1856,8.60233936738,13280.10120148166,74.00012129565
1857,10.04324671574,13280.12169721213,110.01825553603
1858,8.09343004002,13280.12657714796,72.84087036016
1859,4.72442112344,13280.13763104799,74.55010786676
1860,8.73148889846,13280.15878472442,84.65492571664
1861,8.07966229433,13280.17049657040,73.16445386124
1862,7.89267915541,13280.17537650623,69.70625489523
1863,7.62860965463,13280.18513637788,65.17886946076
1864,5.94959012958,13280.19832238871,78.25464030217
1865,5.59963176565,13280.20762570895,69.03689693525
1866,4.59948491046,13280.23459710866,72.72424190321
1867,4.35202907222,13280.25931059025,81.99851066413
1868,7.43332282405,13280.27004726127,61.29675030573
1869,9.04277480855,13280.30030286340,90.87876209578
1870,8.78573905860,13280.30518279922,85.63279177137
1871,6.12766515821,13280.31787652696,85.12824499652
1872,5.83731719272,13280.32665451686,71.01402859469
1873,8.21116091837,13280.33836636285,81.70001957841
1874,8.44487023485,13280.35983808049,80.55892767898
1875,8.68209035763,13280.36471801631,82.82186342386
1876,4.32017962376,13280.38959910895,85.09766958522
1877,8.97776615059,13280.39497361844,87.96378439589
1878,7.16377779002,13280.42230125907,56.40764272630
1879,7.85388272885,13280.43206113072,68.46856225896
1880,4.32766275847,13280.45012460464,83.69301459308
1881,9.31741986770,13280.45646080986,95.47514265013
1882,10.98735514282,13280.48476443766,132.76071731886
1883,8.32153676335,13280.49647628364,76.26814423285
1884,4.91505881824,13280.50949006416,80.46298064362
1885,6.31741066565,13280.52041813069,84.99206804658
1886,8.96727389356,13280.52673188577,99.04677749435
1887,4.70259656155,13280.55926615058,72.85231266721
1888,8.87568550452,13280.56674735955,80.37275060839
1889,6.81398648111,13280.57748321837,56.60122270558
1890,6.06564552153,13280.58431275517,81.83003188258
1891,6.24826589908,13280.61549604471,82.42028787699
1892,4.27798155851,13280.63994687932,81.28164961176
1893,8.96905709457,13280.65165824294,89.24099131793
1894,8.45996179791,13280.66141811458,80.25824459827
1895,5.60016221734,13280.67654370739,69.27018102811
1896,5.08291454929,13280.69907229724,88.62364343596
1897,7.78386821145,13280.70338556270,67.85818984713
1898,8.42621400788,13280.72192931885,71.49879677642
1899,8.32876830121,13280.72680925467,76.33442237205
1900,4.43896847942,13280.75901771540,87.66260350292
1901,7.06191420523,13280.76389676696,56.49531364188
1902,9.81772687597,13280.78439249743,106.19495297943
1903,6.29236969935,13280.80781742088,87.18963215419
1904,6.02355243315,13280.82245599689,80.58963904100
1905,5.04072161967,13280.82766301845,85.24633770334
1906,7.91011433512,13280.85563956051,67.58404650517
1907,6.03975053874,13280.86685932225,81.03175663063
1908,7.82318252864,13280.87808726531,68.20092411840
1909,4.61202220143,13280.88882158488,71.15081314498
1910,10.43740778046,13280.90053497011,119.91668572465
1911,6.44643368543,13280.92737696954,91.84754201340
1912,8.44590203674,13280.94055044390,80.56877044174
1913,6.37050711046,13280.95128630271,45.04628777401
1914,8.70560787464,13280.95323827705,82.58864790048
1915,5.53385703071,13280.96495012302,68.89596442196
1916,6.16200204850,13280.98743658537,83.58546249921
1917,7.83494877413,13280.99813368665,68.75139647006
1918,6.48714820224,13281.01277349413,94.23127065552
1919,6.75820509129,13281.01423931254,100.01230222451
1920,8.62648847648,13281.03229323743,81.83805538465
1921,6.06259168463,13281.05229865945,82.01322016617
1922,9.09556499211,13281.05864489091,91.86070355506
1923,8.98801643931,13281.07230871122,90.77451641491
1924,6.34404721237,13281.07863712603,88.36235282262
1925,8.76694512079,13281.08499654437,85.44961112461
1926,7.85749975867,13281.09963635185,69.39555887579
1927,6.02046424768,13281.12213551709,83.85536365062
1928,5.24919357590,13281.13214740528,88.77191838882
1929,9.42380423005,13281.13672386414,99.28593840249
1930,8.45991536956,13281.14648373579,80.25780414019
1931,8.09935484065,13281.17966729941,72.89419356583
1932,9.14411675333,13281.18357124808,90.98281293001
1933,4.45079249930,13281.20040438140,88.34570858565
1934,7.48502752532,13281.20797092721,62.17530825643
1935,8.77319494277,13281.21577882453,85.51052685406
1936,7.41329426527,13281.22846665769,61.13159057902
1937,8.92355587559,13281.24213047800,88.33869620694
1938,9.49204557604,13281.25189034966,100.00490559551
1939,7.07936004296,13281.25824494096,111.71041722176
1940,6.65932621315,13281.26504137255,102.95068490080
1941,9.02917674376,13281.28019397745,82.25971499835
1942,5.25993990861,13281.31044957958,91.86090132295
1943,10.06976155775,13281.32216142556,111.67905816712
1944,7.10562933704,13281.32948000747,112.12493969046
1945,5.84747277254,13281.33827061445,76.24171712616
1946,9.09280592414,13281.34948906618,90.92805924139
1947,9.69981069693,13281.36705683517,104.47015840190
1948,5.73139808631,13281.37973621335,73.17359233960
1949,5.56928515705,13281.38606808189,72.61459438216
1950,8.91541446492,13281.39926441162,88.25810035327
1951,8.76604020302,13281.43244797525,84.53663027479
1952,6.02483459623,13281.43928812277,81.05585960343
1953,6.13132066584,13281.44562671993,82.94296859069
1954,8.31351606015,13281.45587166722,77.98769349613
1955,5.07742970468,13281.46595307619,85.11323143954
1956,5.61737624300,13281.49197192280,101.88997652579
1957,4.73780905903,13281.51568044632,99.94419158978
1958,9.38122648626,13281.52907070462,98.39113345476
1959,6.55847642206,13281.55392981927,90.40235874111
1960,5.82440151335,13281.57006216557,75.26785535087
1961,6.46299951842,13281.57489157325,96.94499277626
1962,9.60729210431,13281.58665394738,102.57780958786
1963,9.82435030786,13281.60129375486,107.17100922179
1964,8.93349217318,13281.61593356234,89.33492173185
1965,3.96503909757,13281.63943068768,87.23086014652
1966,9.54828461566,13281.64618916446,101.04954616124
1967,9.38020747423,13281.66180495911,97.02962058966
1968,8.37590375499,13281.67351680510,78.57294195034
1969,4.14569330499,13281.69850331029,95.71076218391
1970,9.17715371719,13281.72036418904,93.58897176638
1971,8.44807794965,13281.73988393235,70.68169121519
1972,5.66064082342,13281.74378788100,74.02248391484
1973,8.93165585113,13281.75549972699,88.41888187380
1974,5.51765019890,13281.76914689533,101.88995106303
1975,10.75835768006,13281.77404348314,127.74841938777
1976,6.89974831149,13281.80381323838,106.66752034280
1977,7.64174249892,13281.81893889275,64.84233529277
1978,5.92135303169,13281.82964862545,116.78733686222
1979,6.22377267261,13281.85454110079,89.11086346501
1980,9.99577596953,13281.87457016117,101.93731344426
1981,4.61668250818,13281.88862313014,118.51483499665
1982,9.23347528785,13281.89506589164,94.61496667329
1983,6.89411270287,13281.92628482679,105.90936894589
1984,5.04252058707,13281.95102475628,114.98716107857
1985,9.53332343046,13281.96924091621,92.42899993615
1986,8.50397803106,13281.97997677503,80.22636829249
1987,8.64863482085,13281.99559256967,82.50271794344
1988,4.42065732836,13282.01003587393,108.46387025789
1989,8.31055385294,13282.03170409480,76.61952071193
1990,10.67709021269,13282.03658403063,127.67942874099
1991,6.80363786492,13282.05415179960,102.73267887534
1992,4.95336910056,13282.07881606478,111.42328264715
1993,9.86889916001,13282.09221529905,108.10837375362
1994,9.58522751379,13282.11759096536,102.34222422829
1995,9.84758120159,13282.12832682417,97.98219581471
1996,4.75467771334,13282.13854039516,102.96923964935
1997,9.97358169369,13282.15858242630,100.72823756858
1998,10.52011434892,13282.17517420811,121.77912790176
1999,7.33115583003,13282.18735760906,124.62964911054
2000,6.92924561188,13282.20059485300,101.83869630919
2001,6.89173128337,13282.20494416878,104.97172352148
2002,9.06282944615,13282.23958936103,99.27832244952
2003,10.57386291729,13282.24934923268,125.11163326844
2004,9.77954474659,13282.25422916850,106.23304788611
2005,5.79527019953,13282.26392435770,107.79825700439
2006,9.17104388487,13282.28643674496,93.52666345795
2007,7.03037385155,13282.30644209078,111.15997086701
2008,4.69628753190,13282.32817223917,97.72341316241
2009,10.16754376946,13282.33621209040,114.58239908722
2010,9.70867034881,13282.35475584654,104.56557977298
2011,9.44918746708,13282.36646769252,100.00080051807
2012,11.11360860552,13282.37622756418,136.11335142259
2013,6.25987615678,13282.38945628580,126.44330031777
2014,10.29131909740,13282.40941112780,118.68528167253
2015,7.07778145617,13282.42944318700,115.86827612198
2016,7.37394076667,13282.45088846983,121.16621086830
2017,10.16430903410,13282.45430653741,112.72764040507
2018,10.14310024941,13282.46406640906,115.20347331738
2019,10.18024481709,13282.47577825505,116.07264961944
2020,6.86043381117,13282.48602628678,103.59027885697
2021,5.81979126967,13282.51115887839,116.25023956358
2022,9.78612730289,13282.51384175450,107.20165348823
2023,8.27527602684,13282.52457761332,69.72871521649
2024,10.07107385251,13282.55092926679,113.49523833595
2025,11.15703995120,13282.56264111277,137.10000222966
2026,5.44615309322,13282.57965762314,101.74253607344
2027,10.93046154903,13282.59192072773,118.23101873859
2028,9.61942753219,13282.61534441970,114.62870852755
2029,9.74485105049,13282.62510429136,105.40668040293
2030,6.08546347636,13282.64103761602,122.61869141033
2031,9.18511605691,13282.64364804750,85.17926214860
2032,10.31363792952,13282.65438390631,118.04498160320
2033,9.64587976133,13282.68854345710,104.33614222933
2034,7.53874097998,13282.69637830487,127.26859563742
2035,7.16371496632,13282.70513523892,113.94586199612
2036,10.72714652147,13282.71489511057,124.17569856486
2037,9.95069770621,13282.73051090522,119.82226755426
2038,10.46154918096,13282.74417472554,123.78271921881
2039,6.46387697055,13282.76238621454,134.96971361680
2040,9.97331370708,13282.76759841750,109.25217780888
2041,10.01975025435,13282.78028625065,111.57521678129
2042,11.10613630179,13282.81249382711,138.27028187886
2043,8.27011330604,13282.81734280866,151.81909916056
2044,11.28373062044,13282.82420567309,140.02741450892
2045,6.16489063395,13282.83819420543,127.24190898114
2046,10.89176209162,13282.86910108270,131.60566208652
2047,9.38014205895,13282.87983694152,96.11785385580
2048,11.01469147563,13282.88764483884,133.54603685842
2049,7.77873660521,13282.89644138847,134.95603615674
2050,7.41680727484,13282.91449039381,122.54576790539
2051,10.34063679652,13282.93742018428,120.59151144511
2052,10.52136515762,13282.94620406877,120.88128255005
2053,7.53948341360,13282.95740167356,126.38477222528
2054,9.76556366149,13282.96865177357,106.08117442758
2055,10.03346111587,13282.97353170940,111.27646679115
2056,10.98975346466,13283.00085935002,135.04435146767
2057,6.73317036300,13283.01577039319,145.66074594128
2058,10.19851355760,13283.02330705483,126.97046984086
2059,11.94786034024,13283.03306692649,158.50627918457
2060,10.89182295215,13283.05551463129,131.60639746711
2061,12.70029532552,13283.06429851577,177.34997255230
2062,5.90621066286,13283.07978567828,120.17360899613
2063,9.90705768737,13283.09357813074,108.52637947756
2064,8.05250819348,13283.11456092975,144.27254456105
2065,10.98083239976,13283.13456959169,133.13551738046
2066,8.35242132234,13283.14661518307,147.05955257388
2067,11.12647027159,13283.15506532216,136.27087401826
2068,9.85420146156,13283.18044098846,107.94736853393
2069,11.80041482510,13283.18824888578,157.43717041383
2070,10.75094407468,13283.20191270610,130.34826956680
2071,6.19077962671,13283.20549478467,126.57078848441
2072,10.89877166143,13283.22728837240,133.03646242847
2073,8.01216628222,13283.25169273499,141.74969160863
2074,6.57617799202,13283.26671363342,144.52637995426
2075,11.39803435120,13283.27999167933,144.17499759449
2076,8.18202218299,13283.31027258068,147.95666341851
2077,10.95985589290,13283.31805517878,146.63287821489
2078,8.17330170721,13283.33120346439,141.56573822473
2079,10.85756859317,13283.33855090925,129.83763627326
2080,8.86086648945,13283.36929650613,175.21229232860
2081,6.09496548337,13283.39036952778,123.26304854083
2082,10.19497467782,13283.39515816484,116.24059587161
2083,11.52810582668,13283.42248580547,148.97595913379
2084,10.55615862538,13283.43029370280,136.00658990434
2085,10.98708151219,13283.43322166429,132.75741102746
2086,10.96764451072,13283.45274140760,121.63706183551
2087,8.63814572530,13283.45713356810,165.48306589123
2088,11.37912275041,13283.46835720224,143.93578266380
2089,7.64917023552,13283.49808099595,130.48506941393
2090,6.85221677599,13283.51582505259,156.40475613681
2091,11.27092803098,13283.53277235517,154.94964256304
2092,12.72469491719,13283.55131611130,176.31854485913
2093,11.17366210109,13283.55814802147,137.30425862716
2094,13.15396646229,13283.56888388028,194.66092720000
2095,6.70983893587,13283.58157171342,145.15601000020
2096,12.38478185605,13283.58840362359,170.71243688782
2097,11.30398328802,13283.61963521288,142.08886667075
2098,11.53334941333,13283.62646712303,145.88661278678
2099,9.37616053266,13283.63915495619,97.43991853492
2100,6.15900174003,13283.64861955707,126.67196583866
2101,11.95849253176,13283.68307437863,158.64733114439
2102,7.23189813997,13283.69967393570,174.16717087320
2103,8.00840761777,13283.70700980964,150.25104520600
2104,11.77689581250,13283.71918590376,154.00289614586
2105,8.51533639505,13283.74944150588,152.32696824487
2106,13.05531235264,13283.75529742887,187.37898283619
2107,7.40816624178,13283.76798526203,122.40299460789
2108,11.53445956522,13283.78262506950,163.52918776113
2109,12.78428605951,13283.80604876147,181.24853649156
2110,10.15777883199,13283.81288067163,114.47235383074
2111,6.83223009981,13283.82978068039,149.53065684828
2112,11.58666964448,13283.83728035076,150.62670537818
2113,8.61810626393,13283.85875206839,172.79249330252
2114,12.42060165334,13283.87827181171,168.02278480576
2115,6.87592877200,13283.89769210831,152.82515453920
2116,9.28761642093,13283.92950978716,193.26277844617
2117,6.25591425463,13283.95074562490,173.36898138893
2118,13.08202898269,13283.96318269510,190.02744740198
2119,9.28659707537,13283.99732962205,192.34692554884
2120,5.69646100390,13284.01633996609,147.99839823125
2121,13.29436193631,13284.04516561699,174.86003047518
2122,12.49471506115,13284.05687746298,156.05894109489
2123,6.25053247112,13284.07994348290,177.34336953730
2124,12.05169382145,13284.09298898810,161.24067411764
2125,14.14526913415,13284.10665280841,224.10320916551
2126,12.41001877538,13284.11934064156,169.25009092164
2127,11.56843389362,13284.13202847471,148.59922393447
2128,9.29093399622,13284.14034492082,183.95110810394
2129,9.12200207063,13284.14864960041,184.70646423017
2130,11.04753358666,13284.17106796133,136.20314147974
2131,12.23293280561,13284.17692388432,182.67664284452
2132,11.54686117576,13284.20229955062,160.41412213816
2133,8.58451542337,13284.20573602650,163.55698558795
2134,9.04433590133,13284.21901657000,172.79179477641
2135,12.11651565510,13284.25012292172,163.01104638421
2136,5.82350695923,13284.26693948993,150.06127719702
2137,9.12425290890,13284.29796481612,186.09897451768
2138,8.50285748054,13284.31941379172,161.10615176045
2139,7.27190635798,13284.33308183077,181.21497264622
2140,12.85139103499,13284.34576966393,183.55457856724
2141,6.82179333029,13284.36932204746,155.11143998015
2142,10.78916941630,13284.39066507354,129.01970108161
2143,8.43188398027,13284.39844614270,157.74610489607
2144,9.14293787597,13284.42384863716,90.51046720893
2145,11.49745647633,13284.43263252166,148.13436434722
2146,8.06968481372,13284.44837236112,141.39230031654
2147,8.73287673427,13284.45312825212,166.15431156686
2148,11.49137919526,13284.46581608527,145.35572685483
2149,8.31377329028,13284.47264799544,85.59553487273
2150,6.41177086286,13284.49932445982,136.46682723588
2151,12.06918341453,13284.50973550771,164.60171634156
2152,7.46035869943,13284.51746710235,115.81591174671
2153,9.52425271063,13284.53218321252,102.57934102309
2154,10.81555071578,13284.53315919969,132.02062132690
2155,7.59989224215,13284.55853486599,127.17052089943
2156,5.75571371516,13284.58359594829,113.95731755964
2157,10.82579105872,13284.61416613442,129.00418904322
2158,9.17845500234,13284.62685396757,85.11749006978
2159,5.00346688246,13284.63856231992,83.57437379634
2160,6.10438824032,13284.64722541567,79.35704712414
2161,8.84394893072,13284.66003753119,87.55062765927
2162,8.75956952534,13284.67077339000,90.60969172672
2163,6.02724538689,13284.68346122315,80.63904739472
2164,3.58251764055,13284.70611139723,71.38115829839
2165,5.40920299405,13284.75667618011,64.68465981518
2166,4.55907865553,13284.76870538184,69.14185116904
2167,5.01890943924,13284.78796997200,58.74482886544
2168,7.66456638604,13284.80838758033,59.36947593807
2169,7.10422264339,13284.81814745198,55.02907197118
2170,5.28215162849,13284.82983665092,62.49926092112
2171,4.95525456771,13284.83376324662,54.73257563243
2172,7.14827413263,13284.84449910544,56.73766697476
2173,6.74312333136,13284.86694681025,50.46091444541
2174,5.34191142869,13284.88988287025,62.75325046758
2175,5.10975946916,13284.89866872165,58.26022174906
2176,5.23905616611,13284.90696732252,61.76756124469
2177,5.67336719972,13284.94112183482,35.43016680641
2178,6.55661818935,13284.94892973214,52.45294551484
2179,4.67882233748,13284.95724783295,49.07190266569
2180,5.22445272311,13284.96356953962,60.02439192353
2181,7.70623800969,13284.99577711608,59.19273732022
2182,4.39903603609,13285.00883184020,64.65236189128
2183,5.07975592111,13285.01872938803,57.02011879571
2184,5.66939476109,13285.03530171565,71.26318712505
2185,5.51992092830,13285.05642051098,71.11920620392
2186,4.99199074633,13285.07683002591,52.35644064734
2187,6.55530813371,13285.08361596096,47.27099920513
2188,6.93007511961,13285.09727978128,53.23091703738
2189,7.32300762432,13285.10801564009,59.49239517741
2190,6.04145502312,13285.12753538341,40.52731234411
2191,4.91135575977,13285.13339130640,53.57656607584
2192,4.42886641527,13285.14575303145,65.24127624572
2193,7.06827455165,13285.15583901120,55.65564947538
2194,7.14196390076,13285.18023869033,56.68758106207
2195,7.72986943038,13285.18707060050,66.94263294644
2196,5.06001496728,13285.19731415043,56.79852713854
2197,5.11904739664,13285.20612349727,58.14120196664
2198,7.47688342714,13285.21732620263,62.55609486545
2199,5.19446481314,13285.24660581757,59.67985706860
2200,4.87645732577,13285.25735240210,52.06631645996
2201,4.36455355703,13285.27033481849,63.84791413163
2202,7.63279216598,13285.29735715019,65.21460485340
2203,5.17683497731,13285.31053283982,59.47730567593
2204,4.35099651839,13285.32793247922,62.90162698157
2205,6.31508412963,13285.33346867531,45.09872133201
2206,6.24287156803,13285.34810848278,46.71737303437
2207,6.87037999003,13285.35884434160,52.77239004666
2208,4.85468129092,13285.37153217475,49.98200302372
2209,4.92633483128,13285.39202790523,55.95240797512
2210,4.81261028611,13285.39544776224,51.83339908644
2211,7.52243309553,13285.41740357153,63.82996143442
2212,4.81269627836,13285.43739276608,49.08006447272
2213,7.27298135821,13285.44668318648,52.94810351049
2214,4.86165074388,13285.45449108382,54.57189425329
2215,4.93759842414,13285.46913535799,54.31358266551
2216,3.85574662870,13285.49580829881,49.37764938322
2217,7.08689927491,13285.51597827524,56.25051914395
2218,7.14467695800,13285.52281018539,61.87471747458
2219,4.69557839251,13285.53549801853,46.72041510496
2220,7.64324924089,13285.56087368484,64.40316285747
2221,4.82872622870,13285.56673932572,51.78231989834
2222,7.14839193601,13285.58136941531,56.73860201012
2223,4.85922213420,13285.58494421159,78.35260260434
2224,4.55313943421,13285.59308126129,46.43309364632
2225,7.76478285211,13285.62138488909,66.34233377003
2226,5.77766934949,13285.63065460527,73.76434428135
2227,5.28655964939,13285.64090463239,62.55141732783
2228,7.48344312385,13285.65359246555,56.00096048572
2229,7.45545324539,13285.67018424736,62.37679710114
2230,7.34022446852,13285.67896813185,65.24134214292
2231,6.02458917564,13285.69360793933,44.27150817066
2232,3.59544751711,13285.70785066812,55.81635536685
2233,7.71142248917,13285.71703163130,65.43358961625
2234,8.14790359992,13285.72483952862,73.78240516569
2235,4.59308736436,13285.74729646149,47.73276407208
2236,3.54268781863,13285.76901191994,55.45183549865
2237,6.56144192736,13285.78827869438,47.31523062016
2238,5.44002199188,13285.80877654722,65.73203582519
2239,7.94954305286,13285.81951028367,70.20846323943
2240,4.97992453470,13285.83024614249,54.55234004656
2241,4.45302540209,13285.83642122553,66.19898176096
2242,6.55305988507,13285.85464582162,48.15495891696
2243,6.74462288165,13285.87514155209,50.92078608476
2244,5.44840192436,13285.89026684568,65.60744707545
2245,4.97460133050,13285.89758943139,54.94626761196
2246,4.99407542692,13285.91905923106,55.83546069679
2247,7.15825796042,13285.93467676918,56.36417954452
2248,3.52450351949,13285.96029376164,55.27967768074
2249,8.21116584276,13285.96590835848,66.70782665341
2250,5.36025736766,13285.97625187490,66.94959306392
2251,7.27688851960,13285.99128402477,58.21510815684
2252,3.83364639958,13286.01909826671,67.17091132425
2253,4.97141229820,13286.02790220669,54.91104359885
2254,5.22302075840,13286.04105937021,30.00396995079
2255,5.09582401403,13286.06594004959,52.21665778373
2256,3.59224272045,13286.07905252597,58.58770574837
2257,7.51671951526,13286.08888274132,63.33700443855
2258,7.39119331259,13286.11913834345,60.04633832755
2259,6.91752997327,13286.12304229209,53.13455593993
2260,3.26389000101,13286.14568495778,59.11156201538
2261,7.26017174362,13286.15524986856,58.98191406946
2262,7.37372406388,13286.17769757336,59.90441748018
2263,7.42237197138,13286.18648145785,61.20644726121
2264,4.46529778409,13286.20926047279,66.53143854395
2265,8.40031325146,13286.21380909849,78.35290586107
2266,7.89552083625,13286.22259298298,69.28291415804
2267,5.19176234659,13286.24600736628,59.64880809180
2268,5.17796074409,13286.25518117608,62.13552892907
2269,5.61320513910,13286.26753804204,67.12417065791
2270,4.70126630053,13286.27627227706,51.49979203278
2271,8.00177625508,13286.29384004604,64.01421004067
2272,6.38323992345,13286.31043182786,45.58545105555
2273,7.42788716118,13286.31433577652,60.79987676389
2274,3.39833678794,13286.32873285425,52.64680713793
2275,6.72468084160,13286.33385551983,49.41611023500
2276,4.53526989844,13286.37340787301,43.73655900743
2277,3.42263442911,13286.39749783681,64.93992236457
2278,5.12773111772,13286.41145562121,58.91314528074
2279,5.14366891841,13286.42656021521,58.42084869755
2280,8.02352651522,13286.43633417219,70.86186748707
2281,4.78766501631,13286.46073385133,51.78651511819
2282,5.72163574113,13286.46414319626,72.37360353521
2283,6.86267123298,13286.48220556897,51.81203159273
2284,6.30548340534,13286.48610951763,43.68567049732
2285,7.94949528536,13286.49879735078,70.20804136826
2286,4.23643883912,13286.51929308125,59.61197848966
2287,5.21089761563,13286.52514900423,60.76898665146
2288,8.38634344558,13286.53295690156,77.31826623064
2289,4.98047963492,13286.56622275013,58.08187432898
2290,3.92549350824,13286.57784537482,51.03141560710
2291,5.49832713159,13286.58579966194,64.12096201281
2292,5.13279908513,13286.59641210695,58.97137179329
2293,6.81076255818,13286.62372370794,50.96708007078
2294,7.54169328626,13286.63543555393,63.09833304994
2295,3.49486027589,13286.64764970357,55.47918694156
2296,6.48186118252,13286.66276319457,46.28974771869
2297,8.97319941917,13286.67252306622,90.17953808619
2298,6.37979946705,13286.69399478386,45.11199465762
2299,3.83598574493,13286.70768525823,63.84352667252
2300,4.91786071041,13286.71598734693,53.87246491517
2301,5.28069416927,13286.74377012929,61.58294734480
2302,4.44608268072,13286.75743582689,43.56253568791
2303,3.62159764732,13286.76744647981,58.50870058788
2304,8.30597697486,13286.78866553889,76.57732398093
2305,7.80460655205,13286.79940139771,68.92841872351
2306,5.14087844495,13286.81699286316,57.93475779347
2307,7.94062436814,13286.82965699984,71.02310348382
2308,4.89664642526,13286.83602615290,55.61521250169
2309,5.96115830821,13286.84661987135,74.69309951364
2310,6.85504526997,13286.86186457630,53.09895233622
2311,7.72971799476,13286.87064846079,66.94132147551
2312,6.81153195565,13286.87455240945,51.42593851570
2313,4.41019066367,13286.89468768104,64.36461372486
2314,5.19992652042,13286.90480801158,59.74260730787
2315,8.11787804167,13286.92042380621,74.40158121677
2316,6.35897207632,13286.93115966504,44.96472276545
2317,5.48090365762,13286.94532097738,66.45242524468
2318,3.47531279578,13286.96019071169,53.83931432375
2319,7.54888692728,13286.97117513883,62.70576428859
2320,5.70215333247,13286.99558700564,72.57656319761
2321,3.59852373908,13287.01775535098,57.35103109428
2322,5.36933038901,13287.02897000656,63.98295595972
2323,4.74527431442,13287.06040884217,51.98187567121
2324,8.05642982310,13287.06291793237,73.83839899089
2325,6.95755590567,13287.07365379119,52.52839516196
2326,3.25072782754,13287.08731893382,57.60304386357
2327,7.15475553391,13287.10000544466,56.78911150259
2328,7.14300213562,13287.11171729064,57.14401708495
2329,6.80536015261,13287.12538111095,51.37934242457
2330,7.25118920101,13287.13611696977,58.90893954825
2331,4.57211781844,13287.14294887993,46.40192796218
2332,5.02126163584,13287.15514855687,55.46164752960
2333,5.60881520516,13287.16832438716,70.50171391459
2334,7.15589557291,13287.18686830238,56.34557808673
2335,6.34940280898,13287.19662817403,48.77068838773
2336,3.35660064830,13287.20736566479,50.12473685125
2337,7.91600657543,13287.22102785316,63.32805260347
2338,6.35569116614,13287.23273969914,49.23097208020
2339,6.48857436702,13287.24542753230,46.78977516991
2340,5.70333007324,13287.25707295510,68.43996087885
2341,3.95295339506,13287.26585443137,51.84249775505
2342,5.21004732793,13287.27417530799,60.75907067810
2343,8.15251211937,13287.28544300608,73.82413708424
2344,7.21893910671,13287.31081867238,56.84198336827
2345,5.32717725187,13287.32106428273,63.25672504699
2346,4.02624302428,13287.33425450496,54.16755997079
2347,6.98230693974,13287.34888217183,54.08471699141
2348,5.19545784488,13287.36693348890,59.91694280406
2349,6.42604738973,13287.38304172262,45.43901685501
2350,4.89149582971,13287.39622060682,53.13524547176
2351,4.43688490500,13287.40613011479,65.35939597542
2352,7.35364762735,13287.41524929908,60.63973180230
2353,6.98685784637,13287.43281706806,55.01457369694
2354,5.55943720898,13287.44941801578,68.31550815273
2355,5.42432342941,13287.45867505344,65.98974261732
2356,4.12390576006,13287.46340560186,56.24257605691
2357,7.86838083111,13287.48844833648,69.93569857641
2358,8.49074671152,13287.50016018247,71.54430347739
2359,6.60886526430,13287.50504011829,52.87092211443
2360,5.54978643885,13287.52065591294,37.22909921363
2361,3.50331165673,13287.52631117523,53.24572736215
2362,6.42588842203,13287.53822368191,45.89002225575
2363,6.70241857654,13287.56067138672,54.45070591979
2364,6.62625966847,13287.56847928404,48.69286527281
2365,3.04873438687,13287.58572425703,50.74105277969
2366,7.26088806533,13287.60751877065,58.53915106427
2367,5.33500861908,13287.63532157689,62.89882398127
2368,4.35461491161,13287.64655916622,61.27486322815
2369,5.56588159113,13287.65385897598,72.14207070037
2370,7.95383081755,13287.66998194924,70.24633175186
2371,7.26021205990,13287.68559774389,58.98224160043
2372,8.05430004676,13287.69633360271,64.93584295911
2373,4.92859610180,13287.70678794408,56.62525813260
2374,5.64560207588,13287.71292538451,73.60964526373
2375,7.14830454241,13287.72561321767,56.73790834495
2376,5.40522652666,13287.75047558544,61.62906452797
2377,4.65103519499,13287.77050598790,72.05352741124
2378,4.97599649749,13287.77538856310,54.96167773499
2379,7.84597291258,13287.78710040909,62.76778330064
2380,7.40615868332,13287.79490830641,65.82737826288
2381,4.82555264997,13287.81980043272,52.19633253575
2382,8.59892900154,13287.82223594704,82.02855464766
2383,3.48911147965,13287.83494823704,54.16557614475
2384,6.55874965936,13287.85053957484,47.74841825644
2385,9.07912941844,13287.87689122830,89.87879570668
2386,5.69501560443,13287.88603294595,75.55291974047
2387,4.34406791335,13287.89794429543,60.81695078685
2388,8.20492687392,13287.91300275342,74.75044130660
2389,8.29220071429,13287.93252249673,76.89870591240
2390,5.21546615892,13287.95007337145,60.37338562773
2391,6.00360383578,13287.95838858626,79.64680525288
2392,4.48163802328,13287.96326639356,44.59173530823
2393,7.95328411051,13287.97546593201,71.57955699462
2394,7.25771281418,13287.98815376516,58.96193763224
2395,5.17427079828,13287.99802700784,61.87527936123
2396,6.50779162794,13288.02133732878,46.47492813877
2397,4.46733411903,13288.02456748427,64.42880892310
2398,6.33110162765,13288.03402516194,45.21310914771
2399,7.41459495478,13288.05940082823,60.69107536544
2400,6.86130489225,13288.06232878972,51.80171594641
2401,5.47417231663,13288.07794458437,66.59618050398
2402,4.04678769044,13288.08770977794,54.44396018555
2403,6.56486799819,13288.09648834052,48.24173047284
2404,7.33663405149,13288.12088801965,60.49943426156
2405,4.95512562247,13288.12576795547,54.28068157394
2406,5.19550715940,13288.14626368595,59.69183271540
2407,4.55407847183,13288.15439850267,69.06601962864
2408,5.07414899458,13288.18823113406,57.63125414632
2409,6.71341458250,13288.20091896721,54.54003789445
2410,5.29517654080,13288.20872686454,61.97845238430
2411,5.39214754268,13288.21360680035,61.24302336379
2412,5.99995947435,13288.22438616764,76.83697186760
2413,6.81434146103,13288.24679036398,56.19249922571
2414,7.14230062922,13288.25264628697,51.50386228684
2415,4.61709328321,13288.26825060438,75.44392588552
2416,4.85203127304,13288.27704639619,52.25797610935
2417,5.32542799664,13288.29997969686,63.23595379199
2418,4.67836148648,13288.31315775512,48.61895874452
2419,2.44220456993,13288.33583359441,58.86675629565
2420,7.43067005815,13288.34731704202,61.27487503775
2421,3.71577521485,13288.36423613336,46.11155775817
2422,6.23956388562,13288.37659665698,43.22896666785
2423,2.54592078661,13288.38473247569,49.16989748905
2424,4.22851500071,13288.39740478268,59.50048019991
2425,6.13110489781,13288.44003582273,42.47754075815
2426,4.83089949199,13288.46345514564,51.57989190365
2427,6.42739727847,13288.48297925800,45.44856200984
2428,5.86755722573,13288.50249900132,42.31155687818
2429,6.36152042275,13288.52299473179,44.53064295927
2430,7.07427374837,13288.53373059061,56.15030713374
2431,6.17438869388,13288.57179409006,38.06148812433
2432,8.01715490190,13288.58350593605,77.72920066346
2433,9.16900900254,13288.62840134565,85.02989147134
2434,7.14730847350,13288.65173673867,62.30879070856
