,error,freq,rate
0,3.48740540617,13244.06366639046,54.25129625189
1,4.09637450883,13244.07442099478,59.36210630096
2,3.83355095321,13244.08285045923,40.57048984193
3,7.80957404447,13244.11948265532,51.80285375602
4,5.32515665094,13244.14535652589,49.95439735821
5,7.46497326254,13244.17804188524,50.07656299576
6,6.03628197954,13244.20293420801,65.01274656437
7,7.48018999176,13244.25221690981,46.11098793006
8,8.32962162708,13244.26588073013,60.64056078128
9,8.43136195233,13244.27564060178,62.52865375506
10,9.08125797688,13244.30882416540,80.71598645227
11,6.78156279329,13244.32736792155,42.35084607008
12,6.09293285177,13244.34493569052,63.90321886242
13,7.71606011847,13244.40837485627,52.33286589312
14,7.89409696813,13244.41423077926,61.65486828693
15,5.86664035245,13244.45411942511,56.87918853458
16,5.58861765838,13244.51573344446,59.93124763537
17,7.27658789853,13244.56453280274,47.15767933952
18,8.55085607152,13244.58600452038,65.12137970159
19,7.37299516718,13244.62309203266,42.99158014075
20,7.00472570982,13244.63968381447,42.60808308273
21,8.37802925540,13244.65334763479,56.82255901842
22,7.26293514023,13244.70702692888,46.50547603133
23,9.02161163583,13244.72947463369,72.17289308665
24,9.21677925143,13244.75485029998,73.73423401144
25,8.14742442096,13244.79193781227,60.42291666448
26,6.07786402045,13244.83292927321,73.94040705567
27,6.46657259671,13244.89636843897,66.57743973559
28,2.54902144500,13244.95893633533,63.11080597249
29,8.58980262771,13244.97639938653,67.08850318919
30,4.86951884486,13245.01546057428,64.04852054512
31,10.05034961619,13245.02129479614,85.87022476244
32,7.53971918638,13245.06228625708,52.23670682244
33,7.61253411304,13245.07790205172,58.47298403285
34,6.81823770350,13245.07985402606,84.61210474125
35,8.72023528345,13245.09156587205,61.66137502471
36,4.66347193479,13245.12364656412,60.80423490781
37,6.17076840259,13245.14348919867,64.42471351858
38,6.59263940671,13245.15402905063,41.69551263477
39,9.85829185382,13245.17159681960,78.86633483059
40,9.66272011607,13245.19306853725,85.88413499172
41,6.80991558905,13245.20236693669,83.40409192298
42,5.74776794365,13245.22866571963,56.60894915476
43,8.40404829556,13245.24674783134,60.01690941274
44,5.88723118963,13245.27220224802,67.38244082471
45,6.02373772235,13245.30660112254,64.59739048123
46,7.99246166421,13245.32580279174,45.91319673009
47,6.52224479305,13245.33385468852,68.71611283094
48,7.64880069317,13245.34629852221,56.20697652751
49,9.14700959188,13245.37265017567,80.26468341988
50,4.91152723610,13245.39735957329,67.70073086955
51,9.84647865069,13245.40778571363,89.16365643644
52,10.11919809214,13245.43316137993,97.05993840184
53,5.69052422489,13245.45723488134,54.58159092385
54,6.90170885523,13245.46428606298,80.48706465410
55,9.14503875909,13245.50538443016,63.35868707173
56,8.70695605726,13245.51612028899,64.57251433905
57,8.65324713485,13245.53759200663,72.91355638253
58,8.53201972352,13245.54247194245,64.97792634909
59,9.24527977195,13245.55515977560,81.12700075036
60,9.87204641724,13245.56199168577,80.80618250537
61,5.82776774055,13245.58639136489,65.15642412478
62,7.81639080415,13245.59615123655,50.65600199909
63,6.32664936760,13245.62389052708,73.50902291399
64,6.52785747311,13245.64641990638,74.99937240390
65,8.86600053568,13245.67227823544,64.54545817820
66,6.67874016752,13245.69465512116,79.58637428596
67,8.60432231201,13245.70741377340,66.64879403962
68,5.74317039728,13245.71763478013,59.40781652869
69,9.11262813952,13245.75523714451,68.79883372360
70,5.55988054423,13245.76644984887,58.31251909560
71,6.72610886758,13245.77533946640,83.73938008649
72,6.93237821822,13245.78061281081,42.73404936228
73,7.87387305923,13245.80696446427,53.40320533296
74,8.27804936492,13245.82160427175,67.25119095608
75,4.82525189489,13245.83324265305,56.27162335921
76,9.07210294955,13245.87235560435,67.28051616926
77,7.67685812771,13245.88797139900,59.46468735962
78,4.94648690206,13245.89429700498,73.20132140347
79,5.80886162954,13245.93774674444,24.64491269533
80,8.09878548104,13245.94750661609,60.06220063180
81,8.59768007582,13245.95433852625,61.99875272683
82,5.42071672012,13245.96117043640,53.38786816028
83,4.96611029161,13245.99422482424,61.82757452306
84,5.06304359845,13246.02157536276,66.20788617715
85,8.25214767416,13246.04120138397,62.84648432248
86,7.61285279700,13246.07828889625,49.92081421091
87,10.07988893270,13246.08121685775,92.38370806173
88,6.25579214172,13246.09683265240,72.68573634661
89,7.25052117348,13246.11830437003,48.09451653389
90,10.55033297374,13246.12513628020,92.57879611971
91,8.00002370569,13246.13880010050,56.00016593982
92,5.89293698628,13246.14368003634,62.36498302983
93,9.39382853466,13246.15734385664,78.59440831063
94,10.47615194575,13246.18564748445,94.86559063442
95,8.40235897012,13246.19833531759,62.87749701377
96,5.86830895558,13246.20710344410,63.20362172993
97,6.15839053074,13246.21411160793,72.08211309530
98,4.48618317342,13246.26519800586,71.77893077474
99,5.89406683336,13246.28129422665,33.34187701307
100,7.18235238673,13246.29788600847,39.33936418164
101,9.21688190773,13246.30569390579,67.09991312480
102,9.62449414659,13246.31057384161,85.00123076204
103,4.87080828798,13246.33106957209,40.75210591462
104,10.19372291125,13246.34375740524,95.62559718838
105,8.72645032633,13246.37303702020,67.02913681806
106,3.63979029258,13246.39453494542,57.77987963152
107,9.07976122353,13246.44233210895,83.21738619787
108,5.05997020076,13246.45467812900,69.37881596945
109,9.20246766012,13246.49405942871,81.27399375426
110,5.89154617827,13246.50403692418,61.79105761177
111,4.78770027489,13246.52333904366,60.56015049150
112,9.11555685896,13246.53017095383,70.60879981228
113,9.01596980089,13246.56921044044,73.79889340081
114,4.78676375075,13246.58333086572,58.23349436894
115,12.21677272762,13246.63069763187,123.98670168800
116,4.76777389322,13246.64407387756,62.52876840512
117,5.26033577098,13246.65689789339,74.76341852496
118,8.56401728850,13246.69316081044,65.22161254394
119,9.75362369302,13246.70194469494,83.33499736358
120,6.20217118230,13246.71170456660,68.22388300532
121,4.74433359810,13246.75656979390,60.94206849836
122,5.40361897004,13246.76831182219,49.52498591381
123,9.04998903310,13246.78197564250,75.71764064564
124,4.91531236630,13246.81615610510,67.03592314908
125,5.57772847780,13246.83809815648,54.93425463492
126,8.11529356396,13246.86298257723,57.95478816361
127,8.78049131024,13246.87567041038,77.04849855119
128,8.26648974006,13246.88250232053,55.45329898223
129,4.85517553236,13246.90481338225,65.49989893051
130,8.16279146074,13246.91666187132,59.98402186670
131,8.60299713664,13246.95082142210,61.43768832227
132,6.55999373498,13246.96107706410,70.04156644127
133,7.50745785686,13246.98510324522,87.87254130693
134,7.98093972815,13247.00742867771,63.84751782523
135,4.05931872936,13247.02142903962,62.62411926786
136,7.70226584037,13247.06891586912,50.50713474603
137,10.44808335956,13247.06989185628,88.03711523032
138,5.18682200171,13247.08383660588,70.73882088918
139,6.76322864675,13247.10697936857,38.85179065414
140,7.74070842417,13247.11966720172,60.45686546114
141,4.11322706362,13247.14348132355,62.38017699307
142,7.06112488784,13247.19377135708,82.64834784423
143,6.62981618295,13247.20439775798,77.31627846889
144,5.24388609058,13247.22639038784,70.93797617332
145,10.64418203874,13247.26801725085,98.71008342385
146,6.20993811376,13247.27582514819,71.34675705124
147,6.69806457508,13247.31236828952,81.20971709490
148,4.19642814418,13247.33489274964,62.24308810809
149,6.59668643352,13247.37537583905,39.58011860114
150,6.39496500750,13247.38558208195,73.19371998723
151,6.22007634672,13247.39535356319,71.46323647995
152,7.09650428115,13247.39977551819,40.76631341449
153,5.23768511030,13247.45478507654,48.28907072769
154,4.95666072644,13247.46156032919,63.66945984472
155,5.48779087651,13247.47785449142,50.89167897184
156,9.23781990707,13247.50030219622,72.73866668695
157,7.83214390832,13247.51786996520,60.66752584403
158,5.70739904833,13247.52385753432,64.82359217672
159,7.36800651573,13247.53153378551,50.51250776537
160,9.60220262522,13247.54617359299,82.60127026216
161,6.24294838139,13247.56644095532,68.95561868414
162,7.99343643734,13247.57154925929,49.91899455150
163,5.80926121319,13247.58483518728,60.09146524433
164,5.15348607321,13247.59590528273,47.79146376478
165,9.11668409063,13247.60668479725,68.82945548296
166,5.51901342830,13247.62327480536,54.91349026383
167,3.50206360674,13247.65248168245,55.81370955629
168,8.53411032666,13247.67012396299,63.29065609329
169,6.57190027333,13247.68183671151,75.21883666706
170,4.94671633308,13247.69549962930,65.43890611856
171,7.11179827091,13247.70623548812,46.08972049317
172,4.52085685816,13247.71116061041,52.52760996677
173,7.60184328892,13247.72282726993,47.47349612342
174,7.90924077025,13247.74625096190,61.26471556865
175,6.02846796376,13247.75610002817,63.22710541299
176,4.06438595523,13247.76699179693,62.04015904224
177,4.83120733777,13247.77235256290,58.97240105964
178,7.31329498891,13247.82042598647,44.48503673154
179,3.93110723844,13247.83524439635,57.64134701611
180,5.26295726474,13247.89649663482,68.41844444166
181,4.88676244613,13247.94635444375,62.77160017719
182,7.36286457752,13247.95316024096,52.06331471720
183,6.79637866602,13247.97170399710,42.44337116563
184,6.84075293781,13248.00098361207,84.33846640134
185,11.07200461551,13248.02635927836,106.77454573605
186,5.36398454512,13248.04745709604,52.28165423005
187,6.51836251116,13248.07223067514,75.17342367473
188,8.30828384126,13248.08687048261,61.61588205395
189,5.73020379826,13248.12150077719,66.08393398370
190,6.38549664600,13248.14738168687,70.53011572916
191,8.29449616825,13248.16397346869,59.81246247753
192,10.41635088998,13248.18056525050,83.33080711982
193,9.43870852271,13248.21277282696,71.26068662927
194,5.23129959049,13248.22595700376,47.94565271280
195,8.23388249149,13248.25376428790,61.61673449225
196,6.71930224167,13248.27523600554,45.57252505936
197,8.65404095742,13248.28499587719,68.14198664075
198,9.27675016220,13248.31622746648,82.45355900250
199,8.05595736750,13248.32013141515,59.74457884098
200,9.63007394859,13248.33574720979,77.04059158871
201,9.78496287406,13248.36405083759,71.90449858058
202,5.22083591465,13248.39538663996,76.01651834507
203,6.25865295986,13248.43485893488,69.69340981846
204,5.38771889208,13248.45285773490,50.82763837267
205,6.11997203592,13248.46225127892,64.47790634763
206,7.83518724941,13248.51825680972,60.18321522455
207,6.31821404934,13248.52117230173,69.50035454270
208,10.55498270176,13248.53484859153,87.03861711182
209,9.26688843807,13248.56315221933,74.71204311245
210,6.04744387369,13248.58538446522,65.41310691620
211,8.53674633822,13248.58950387280,64.45102146945
212,6.33224307820,13248.60219170594,78.58107004759
213,6.46146309997,13248.64659124638,73.10310998997
214,6.45026166874,13248.65196705138,37.05393224264
215,6.66902992303,13248.66361288644,80.85769064719
216,5.17896953090,13248.70718333122,69.09607167967
217,10.03107029222,13248.71443022996,85.70550214625
218,7.17438007196,13248.76079443217,87.86785198549
219,4.96492917735,13248.77422160195,68.97500050791
220,9.79652753100,13248.79934111335,91.37592568566
221,9.06520670589,13248.81202894651,77.45316004718
222,9.12631397272,13248.82276480532,70.69212405724
223,5.84858685641,13248.83545263846,61.89562537288
224,8.01234805396,13248.84033257430,57.77786349086
225,7.53123473888,13248.85594836894,49.95655967392
226,7.60921242568,13248.86570824060,54.34064593557
227,8.15495683669,13248.87839607375,57.08469785683
228,9.33820616181,13248.87937206092,74.11971358679
229,9.69806382984,13248.89498785556,82.86029368448
230,5.15812688060,13248.90469693871,72.39776077012
231,9.73466342674,13248.92036352186,84.30465824851
232,4.01763982516,13248.95496440073,56.67578427498
233,5.63812853415,13248.96131413901,85.87741531561
234,8.13253944795,13248.97111485446,53.94516388320
235,11.32961184244,13248.97989873895,102.59399869891
236,6.69680390648,13249.00236240605,82.29170411915
237,6.06256262358,13249.01325020074,61.82625024005
238,4.28963948883,13249.02298147143,83.28973296826
239,9.57917364182,13249.03943395604,80.71555180921
240,9.45115993541,13249.06480962234,86.62131161832
241,6.27124199108,13249.08609500888,71.22761696331
242,8.23918034830,13249.09018528864,61.65638002233
243,5.82729780260,13249.10589843702,60.83877517786
244,9.52919706009,13249.13605668541,77.99983956954
245,5.37440333967,13249.15326295509,50.70201970254
246,6.18264342288,13249.17388858083,65.72240109335
247,5.83426484094,13249.21322521091,63.10722311591
248,8.97237317403,13249.25903106825,79.74819715548
249,5.87995436013,13249.26446117736,51.93035081363
250,8.68394011952,13249.27757482439,69.47152095620
251,7.49550206049,13249.28538272172,55.08046624258
252,9.52569636617,13249.32344622116,80.82821395249
253,9.04741320202,13249.33711004148,69.49449944593
254,8.10433516029,13249.34101399014,64.32616612691
255,7.13352431800,13249.36053373345,47.31844719138
256,6.73916612442,13249.39762826650,75.94654519248
257,11.70085484434,13249.40445315589,103.99947270528
258,7.91082827949,13249.42787684786,48.76562062119
259,5.87077453829,13249.46460288848,67.45006423783
260,7.83498538889,13249.47277225747,60.18166470450
261,8.00016198823,13249.52254760290,61.45041023816
262,6.77623893634,13249.54301368676,74.84600539061
263,9.58726836459,13249.54987524354,79.05864025665
264,7.28441547120,13249.59184269165,91.27346424268
265,7.90242897609,13249.60355453763,63.71141924290
266,11.02789987179,13249.62405026810,97.39577452542
267,5.44879274816,13249.64844994725,51.40380797866
268,8.90701868730,13249.65430587023,68.99347008057
269,9.08451418620,13249.69139338252,82.76386309221
270,9.61324356699,13249.71091312583,83.25313141777
271,8.10430569023,13249.72848089480,64.32593221560
272,7.21136282966,13249.73824076645,48.90984233880
273,11.25376054139,13249.76556840709,95.49132471199
274,6.95107609047,13249.77098265827,82.53945537121
275,6.60432502803,13249.78606413757,72.94715420943
276,10.30068108021,13249.81534375252,97.17643095802
277,8.20534929332,13249.83681547016,59.73584453527
278,5.98272009528,13249.84267505892,66.88884411705
279,7.82696975960,13249.89147075143,60.12009548766
280,8.97447709710,13249.90318259740,79.76689723275
281,7.09271016573,13249.91489444339,41.35725178047
282,7.66725274389,13249.92465431504,55.28934582007
283,4.47796467555,13249.96108876179,54.47679148081
284,9.25302102400,13249.99102144229,71.67359265613
285,6.61934940797,13250.01205008839,73.41213625780
286,8.01404342276,13250.02322901875,50.04768513419
287,9.02817776960,13250.06617245403,73.89881993139
288,9.18050632615,13250.07495633851,71.70204655847
289,7.13365063798,13250.08471621017,47.31928510331
290,8.79310925399,13250.09252410749,68.67637870117
291,6.93704835443,13250.10813990214,43.32185308822
292,8.37772145831,13250.13644352993,60.99073283831
293,9.24853290674,13250.14132346576,71.03932921062
294,8.49008861392,13250.14913136309,60.63136018829
295,7.99188342011,13250.16279518340,58.72810938924
296,5.42407380756,13250.19107770843,54.78046020553
297,5.76454586760,13250.21258020242,59.06901769341
298,6.85769978685,13250.25208769842,84.26882579786
299,7.98699957121,13250.26429784859,54.75611035375
300,8.08670494144,13250.27503370742,58.87210061587
301,9.47235752760,13250.29748141223,85.25121774840
302,4.73563670474,13250.32322197731,58.95820150661
303,8.45605524493,13250.33749688600,64.39939811607
304,6.16285989437,13250.35352790444,72.91994165437
305,9.78706719800,13250.38824821861,83.62073879542
306,12.04154473485,13250.39800809025,116.12445204575
307,7.02535071217,13250.40291074452,84.88763563574
308,7.80300563374,13250.41655184640,53.49471146988
309,7.71144946007,13250.45071139719,52.86703396667
310,4.72285505942,13250.46402506864,60.48205540166
311,6.98963552334,13250.50634266561,46.88790050439
312,6.19706595994,13250.52304507280,65.29014123749
313,5.72237731821,13250.53599386315,56.35888049530
314,7.91420633953,13250.57075781853,57.61629183820
315,6.09249406718,13250.58284924459,70.52571765286
316,9.63964317490,13250.60589335649,78.90387998157
317,10.00225615346,13250.61760520246,91.12489032773
318,5.75099194696,13250.62834106129,59.21008602973
319,6.09727458560,13250.65078876609,61.27685121312
320,9.56876836908,13250.69178022704,85.04907359865
321,4.72772015748,13250.71159209897,62.36291199440
322,8.51795253359,13250.72496379067,60.23101998323
323,8.89233332977,13250.75521939279,72.78688526926
324,4.51745158511,13250.77434145750,55.14252401509
325,10.90750068057,13250.82158652004,95.08938638644
326,5.59105019879,13250.83673888807,55.34857313330
327,6.61829256139,13250.84259596376,75.74982067359
328,6.20885804971,13250.88401527607,66.58258482790
329,5.82606754151,13250.90297820458,63.01855576570
330,7.83848715650,13250.94846485153,57.60088166633
331,5.38150892095,13250.95324037819,72.99833861802
332,8.00415383701,13250.97481650500,66.00394342733
333,7.95046609126,13250.98848032531,62.60203260467
334,9.12732836255,13251.01385599162,72.44592294518
335,5.19060583827,13251.02492219828,73.22250613494
336,8.46910137730,13251.04020764508,58.06123381856
337,6.92517273030,13251.07631917020,37.29319647055
338,8.43360137288,13251.08217509319,72.54858218205
339,11.59386523797,13251.08900700335,107.51708310512
340,6.14716276075,13251.11243069532,34.77360378546
341,7.42994207920,13251.13097445147,49.84156667390
342,8.21703802319,13251.14756623327,64.17711855755
343,5.11742631575,13251.15572866416,71.27750070562
344,5.13196316918,13251.21550865983,64.91476993081
345,6.45371360910,13251.25340726350,78.77761409753
346,8.19217140155,13251.27737252627,61.30459727664
347,8.75353337130,13251.28420443642,71.11404128469
348,7.91189102070,13251.31836398721,51.27491413923
349,8.39218302084,13251.32031596155,63.35959235781
350,9.17409489321,13251.32909984604,69.86782515835
351,10.07866184251,13251.34569162785,84.32413484580
352,5.71474350763,13251.38182584933,60.74855676847
353,6.73339158793,13251.39253901179,38.08981481771
354,9.90426893250,13251.40034690911,90.23218425948
355,9.21640445070,13251.43157849841,74.30502819411
356,3.99572018163,13251.46256082789,55.65394213675
357,8.92335591472,13251.50184957431,70.26257473510
358,9.92328593794,13251.51356142030,87.64008841208
359,7.14331837823,13251.52234530479,48.97212350183
360,8.00942555720,13251.53308116360,63.57284450655
361,5.48040635950,13251.57698011000,82.93359714339
362,9.12787696289,13251.59164039353,63.23978665988
363,8.05966581584,13251.62482395715,60.31301626951
364,6.50787915118,13251.63180468921,77.00226455434
365,9.03376431540,13251.65019962345,71.70328134394
366,5.97527465508,13251.70082289356,61.80872164018
367,5.81008472453,13251.71513707218,62.30621733190
368,4.76722023714,13251.76199509869,59.54256167776
369,8.35476412961,13251.78195789077,59.07710371265
370,6.34058200680,13251.82367029701,70.60573307412
371,7.21682955406,13251.83758915920,46.77040100446
372,10.49075911749,13251.87662864582,101.16921714677
373,10.61117768309,13251.88053259448,101.22418365103
374,8.02662865117,13251.88931647897,53.84426188251
375,7.71953977131,13251.90200431212,51.78424705096
376,9.96128975133,13251.92054806826,93.44518087557
377,8.22666804566,13251.94494774740,61.56274652315
378,9.18862526191,13251.95470761904,71.76545747386
379,8.69248640108,13251.96349150354,58.95531114595
380,5.88041218561,13252.01619481048,58.21311065660
381,8.90431862155,13252.02302672063,73.96482554480
382,7.45867708036,13252.04157047676,51.67523064173
383,5.77679236570,13252.07586609231,64.32763733040
384,9.01232555707,13252.09329779653,69.80917358624
385,6.04382797297,13252.12310742238,64.24677261978
386,7.60281847699,13252.13233728315,52.67387153148
387,5.94438226664,13252.15283301362,65.65784815920
388,9.02575053511,13252.17040078260,62.53223401298
389,9.69165124285,13252.20651230772,86.68476397289
390,9.54803071754,13252.21236823071,79.31189980222
391,10.38195270767,13252.22017612804,86.23897610521
392,8.36137316615,13252.26604752481,69.95626695056
393,5.01112727934,13252.28030339004,70.33452304615
394,8.45058114717,13252.32851070339,57.93426551765
395,4.90198440688,13252.34223709485,63.91405707114
396,5.57659791882,13252.40431004599,79.84473114344
397,9.30897440719,13252.42025349694,85.82450339889
398,6.09896388053,13252.46562298867,65.11911460869
399,7.18613107168,13252.48564463702,48.20603271451
400,7.44283993352,13252.50809234182,47.07265289998
401,9.80107096513,13252.53541998245,88.20963868619
402,9.97405172754,13252.54029991829,84.63263534936
403,7.74172294007,13252.57153150758,50.17209893353
404,9.10218903132,13252.58617131506,78.29999068956
405,6.95519148960,13252.59246119470,88.52513520139
406,7.20706535299,13252.61447494286,47.25988799283
407,10.91893331171,13252.63106672466,91.35435034303
408,9.18082371721,13252.65449041663,73.44658973772
409,9.17725932140,13252.67889009577,81.56926506674
410,5.63966466676,13252.69413163948,54.67857761522
411,6.62180617989,13252.71741594109,83.23481302481
412,8.90212401232,13252.76770492781,70.65841883057
413,7.23125902671,13252.77537427215,90.89551652091
414,6.60815711816,13252.78332072246,33.69512209441
415,7.26097011273,13252.81650428609,45.34474382044
416,10.12850859542,13252.82138422192,93.38023528155
417,6.52502795295,13252.84528361857,79.91494521068
418,10.57668624110,13252.87213555451,96.35819748702
419,7.95745776397,13252.89360727215,56.26772345909
420,9.89908867930,13252.90239115664,100.46477759946
421,8.81241409205,13252.91605497695,68.26066603676
422,8.58531124396,13252.92191089995,64.81767846717
423,8.64850987557,13252.94923854058,55.37748320192
424,10.43356668752,13252.96680630956,98.98150455548
425,9.06050448851,13252.97851815554,73.04812251601
426,6.70831758898,13253.00682178333,45.00076243083
427,8.02964936508,13253.01560566783,56.77819516601
428,5.98162848187,13253.04289611705,67.67440099309
429,6.61543936833,13253.06050107743,35.00561476405
430,7.59080357307,13253.09033759657,97.80066265055
431,7.70866280078,13253.11710833304,58.19912786326
432,7.99584889513,13253.12979616618,58.21065861465
433,5.54649915324,13253.15332038714,78.63519710820
434,4.80826452536,13253.21486915846,83.14266603865
435,8.70696662334,13253.24593863886,67.44387345636
436,7.77202087589,13253.27717022816,55.50333083030
437,7.11178284024,13253.28010870163,95.14916959614
438,11.59041734888,13253.29571398429,114.15237233263
439,3.71982513800,13253.34255919110,59.98037808230
440,8.82119266825,13253.38355282918,67.75686655488
441,6.35973158490,13253.40195351182,77.89048642037
442,11.20853660374,13253.42259231579,108.09121254829
443,10.49250453091,13253.46163180241,94.43254077817
444,4.79648327345,13253.47106980980,59.90805688410
445,7.76430539620,13253.51628708367,58.61922024622
446,6.59160633958,13253.51921504517,39.54963803748
447,9.43685805343,13253.53385485265,69.98561241875
448,5.91702486377,13253.54797771803,59.46536392802
449,9.61407953897,13253.57875026225,97.09744378165
450,4.99762426531,13253.59305617211,67.97503905838
451,8.71064203320,13253.63633350501,59.07844863407
452,5.32887385384,13253.65242063412,49.98926781236
453,9.76839581005,13253.66073318415,81.14238973823
454,7.01278590032,13253.67439700447,43.22971560374
455,10.02320803854,13253.70074865792,87.38030186013
456,5.69883559494,13253.71297852077,58.11694780668
457,5.34874186905,13253.72317345304,52.67899808679
458,6.74129750650,13253.76955197867,77.74443546296
459,4.84656351617,13253.77913482911,64.11400888535
460,7.59982001363,13253.79346743865,52.65309756793
461,10.45998262022,13253.83055495093,95.29497690053
462,7.34802448157,13253.84226679691,52.98735808333
463,6.59625075264,13253.88359852219,78.60339946102
464,9.37021172245,13253.89301812951,78.95480737976
465,8.86909508695,13253.90472997550,69.26984702847
466,10.86585620612,13253.91156188565,90.91027541730
467,9.45377828833,13253.92912965463,76.80285788333
468,10.26695408945,13253.95157735943,96.85825116359
469,8.45143623596,13253.96426519259,64.91671350724
470,6.16580476031,13253.97304907706,69.21098678045
471,9.40072270943,13253.98378493589,75.20578167541
472,9.35454718841,13254.00916060219,83.14503409658
473,8.15337148599,13254.01892047385,56.48821466685
474,6.92566832288,13254.03255136765,87.87687953428
475,7.51635907633,13254.06576785778,53.67754038681
476,8.60695022471,13254.08138365243,61.46591901780
477,5.27124626869,13254.09214223482,73.60894822586
478,8.75628006695,13254.13799090802,68.94701819423
479,7.10961884067,13254.14384683101,45.52377271762
480,9.83461552325,13254.15555867701,85.17026879588
481,10.07310868457,13254.16141459999,92.32156606115
482,9.53807802369,13254.19459816361,80.93327580044
483,10.00150565307,13254.20826198393,82.47452844565
484,7.61138309877,13254.21997382992,52.73320897178
485,9.55910600762,13254.23168567590,88.64750227265
486,5.35507330313,13254.24339752189,51.91936197315
487,7.44227544134,13254.26096529086,47.65381426009
488,6.77101854582,13254.28044410804,79.54145784689
489,9.18297688472,13254.28926891866,81.10185588682
490,3.93259051607,13254.34458322222,53.63338399801
491,7.95902533391,13254.39369954536,54.56432864510
492,4.69464735172,13254.40575574718,59.93724503509
493,7.99846425694,13254.41029132716,63.48584188289
494,7.62155522811,13254.45713871110,49.97787986792
495,4.95779229560,13254.47124481376,64.06879616897
496,7.45156507662,13254.48641832607,48.86317989977
497,8.87892190652,13254.52448182552,71.03137525215
498,8.50048079732,13254.53228972283,65.84444112558
499,8.55093117990,13254.54204959449,65.12195171001
500,4.39477590337,13254.59320328104,86.00745989303
501,5.41226420898,13254.65360043728,73.01543606625
502,8.70764218633,13254.66014404150,65.16202741576
503,6.60279650763,13254.71772728426,40.16324319178
504,5.62175878389,13254.72195137496,60.54819511444
505,10.54937994407,13254.73627104041,95.52869836209
506,9.14844677435,13254.77043059119,65.33297787135
507,5.79860682421,13254.78704540358,60.53923256946
508,8.17647927515,13254.81239803931,64.89879228636
509,6.84953762862,13254.85628880676,92.91164885829
510,7.59507861780,13254.86510134623,49.80426112349
511,6.85763428661,13254.89633293552,36.28718980921
512,6.82795496622,13254.90706879434,77.85066456170
513,7.66520250296,13254.92463656333,50.84520128882
514,7.72773231010,13254.95684413978,57.82905336221
515,7.53208914794,13254.96757999859,50.52679004216
516,6.49011884926,13254.98754476574,71.09568989253
517,9.26810076791,13254.99002770341,85.94883069943
518,8.70462097408,13255.03297113868,67.98526314167
519,7.52786203817,13255.03882706167,52.69503426720
520,8.58304458123,13255.07493858679,64.80056553882
521,7.42730142900,13255.08762641994,42.01516165092
522,5.24454648817,13255.09268273451,50.30392274693
523,8.74910365817,13255.12178597073,71.61449987980
524,5.64905997394,13255.16277743168,28.80466704059
525,9.49632093973,13255.18717711081,69.78342220812
526,8.62753006553,13255.19888895680,72.18309533550
527,4.47041013847,13255.22349936139,56.54671245074
528,5.45303251150,13255.26245708761,49.97786850203
529,8.41001335041,13255.28282385302,59.46777469947
530,8.69250250389,13255.29453569901,58.95542036055
531,6.73664279136,13255.34527027493,83.59953851035
532,6.60763637403,13255.35114295460,37.95798109616
533,7.45290867200,13255.39311040271,51.09456762359
534,9.33611480648,13255.40677422303,73.51264149893
535,6.54140349637,13255.41015965474,76.00424040681
536,4.89950218267,13255.47087051539,64.99924159774
537,8.81623456913,13255.48875714492,75.84011739417
538,8.77526751388,13255.53462854169,60.16020310127
539,7.10938936275,13255.55610025933,44.96372631850
540,11.45958611177,13255.58440388713,116.30209682921
541,5.04356410395,13255.59266030206,68.41423208813
542,8.50542815687,13255.64491509137,73.16645954083
543,7.44055213832,13255.65077101437,48.22028906146
544,9.48727663840,13255.66053088603,90.99876074561
545,7.09954784025,13255.68377812125,80.00784087241
546,7.76360445784,13255.70249833414,55.44322558320
547,7.92714272636,13255.72592202611,56.05336377244
548,9.57526769441,13255.73372992343,80.68263971137
549,9.63548144773,13255.74641775658,86.18236605228
550,7.90392328882,13255.78936119185,55.88917755505
551,7.14283452184,13255.80204902500,49.99984165286
552,10.85378264713,13255.82742469131,101.23734490960
553,12.11505943738,13255.83620857580,110.37344431163
554,8.45292525162,13255.89574379289,59.17047676137
555,10.41272530739,13255.90452767737,104.12725307393
556,7.90483715614,13255.90843162603,53.61321405584
557,5.98134388399,13255.92014347202,64.97402565414
558,8.57418373880,13255.96503888163,70.70453041709
559,5.87985333099,13255.97296725098,62.50369826587
560,5.52280915779,13256.00993429123,24.07336700328
561,8.45222434541,13256.03238199605,63.81289441760
562,8.72032983056,13256.03823791904,61.66204357370
563,6.53416467350,13256.08362389867,78.13724490413
564,8.64659402100,13256.09191721313,65.28035328753
565,8.06237796369,13256.11338893076,59.79219525673
566,8.20421050334,13256.15633236604,64.60001810338
567,6.56567300275,13256.16210130175,81.74196967750
568,8.39107787059,13256.17097217352,60.50892303766
569,10.19626302936,13256.19829981415,80.28545537869
570,6.11025792975,13256.22123303057,66.09254481603
571,6.40050677501,13256.26218229412,72.41346789820
572,6.15022518991,13256.28524151432,65.08786543819
573,7.56384214589,13256.33396203014,56.60261167512
574,4.91062290821,13256.34451415426,67.33106906295
575,6.78118684084,13256.39448507681,72.72012734862
576,6.13050443707,13256.41188662265,69.35874015276
577,5.31292675552,13256.46206056988,70.68389318355
578,9.32664934096,13256.47060023330,79.68692690040
579,5.65192568661,13256.53258020732,65.18118676121
580,7.74844474443,13256.53989532204,57.46400419098
581,10.86105761570,13256.58088678299,92.15912989103
582,5.21004843675,13256.59717137545,69.90013482382
583,8.01767069909,13256.61016639795,57.81624563072
584,8.71046491933,13256.65701378189,69.13717194086
585,6.30799565526,13256.66288157316,71.92221627754
586,10.59320841888,13256.67750951236,96.50872169023
587,7.70185030154,13256.71069307598,52.23649022566
588,6.30632668584,13256.72532144992,69.94054633067
589,7.64955186854,13256.73606874229,59.25317398562
590,8.26605491652,13256.76632434442,60.74285019388
591,6.06739557888,13256.78486810055,63.34546955435
592,9.69153391351,13256.82000363851,83.36972706056
593,8.48151459334,13256.83366745882,66.24274660383
594,5.68935774444,13256.84425233026,53.97398668780
595,9.41051671217,13256.84830726630,81.49746535475
596,7.03144157312,13256.89027471441,39.77584014299
597,10.07422481005,13256.90101057323,76.05872937955
598,6.47373696212,13256.91030331897,77.14347915515
599,6.30722300156,13256.93419413686,38.88033379064
600,8.71633892235,13256.95761782883,57.81765150203
601,9.66979148933,13256.96835368765,83.18269165572
602,6.14577721279,13256.98160458443,67.60354934070
603,9.35854432577,13256.98982540528,83.18056143048
604,5.62568074889,13257.03600645312,85.50294485124
605,6.85301846707,13257.05228858387,46.47943262411
606,7.51095814471,13257.09035208331,55.19404480179
607,5.60042607653,13257.10349648280,57.65991551587
608,5.72060250415,13257.12072820657,56.05022862577
609,5.09971412218,13257.16154883166,71.75933846778
610,9.54610483408,13257.19966264584,72.07151099905
611,9.93844123220,13257.21527844049,95.84285635199
612,6.92385792586,13257.22211035064,78.02791609001
613,9.51834020231,13257.26700576026,79.63614766223
614,5.15946376124,13257.27318412079,76.17856952035
615,4.18282979593,13257.29274816878,29.57707313252
616,8.58888535903,13257.30702123404,64.84466244417
617,6.61847838855,13257.34296232445,85.01589421779
618,6.23823427684,13257.35069002137,63.92287950125
619,7.71932667032,13257.40266797624,61.27025597564
620,4.91922983943,13257.41119154062,55.87171078010
621,4.75631789809,13257.45465999339,64.86752770280
622,6.20696628713,13257.48286459205,67.99390898274
623,9.35972728174,13257.49343478262,76.03878389381
624,8.37167960491,13257.51588248743,66.44814687154
625,5.63481021865,13257.53540223073,58.28693012523
626,9.07908524054,13257.55004203821,63.55359668377
627,8.51355742391,13257.57346573019,55.82712943043
628,6.50387125888,13257.59005751200,38.47742126653
629,6.58160916791,13257.60325385517,75.61693236013
630,9.80100722979,13257.60957725531,80.82117609175
631,4.24104859370,13257.66194781456,65.97523283887
632,9.32863339810,13257.70132004885,74.62906718481
633,5.00683086672,13257.72335567675,43.93476254912
634,8.65338288415,13257.72864768948,76.42460831758
635,9.60578748074,13257.74621545845,78.03778640028
636,9.82450707637,13257.76280724027,80.41705622988
637,4.21419697882,13257.78646434988,63.07232502044
638,8.32220951330,13257.84771812365,69.12946413536
639,5.05935176480,13257.85239667356,70.46861581100
640,8.97293112000,13257.88773359744,65.93730822341
641,4.83068021776,13257.91265987223,61.10380854417
642,9.53372517958,13257.93360499421,77.45234949818
643,8.80594140788,13257.96190862201,68.21052884078
644,5.21301863240,13257.97361622056,47.49285999734
645,9.54043542671,13257.99021224980,80.95327902837
646,7.78345380723,13258.02339581343,52.78995212902
647,9.35601774996,13258.03608364658,78.83520684166
648,6.84719726709,13258.04445311928,85.79513584735
649,7.85642818653,13258.05462740272,53.86095803968
650,5.07603981325,13258.10344820456,69.78401002450
651,10.21113831494,13258.11709058131,89.01864002664
652,5.81319869729,13258.15613006792,30.76055614969
653,8.84121140722,13258.16003401658,69.61576823625
654,9.17756082668,13258.17369783690,76.78498284768
655,8.88931109573,13258.21176133635,69.42773910449
656,5.55450319172,13258.22351130323,86.22907789923
657,7.98740099086,13258.23811298981,55.91180693603
658,11.20169138976,13258.28203241226,121.68151469711
659,7.70784347122,13258.29179228392,50.54370971744
660,5.75920418779,13258.31512753229,59.85140558647
661,9.26768860408,13258.34742355234,75.29105814178
662,6.58313721139,13258.35145257503,75.05931268482
663,5.79816820195,13258.41207448028,83.62237102353
664,9.49146630258,13258.42062258975,78.84204048308
665,5.74744986196,13258.47527787101,58.89383576528
666,9.54375326047,13258.48015780683,74.53909580948
667,8.37042900443,13258.48796570416,64.29448515524
668,7.30543170688,13258.51431735762,47.90491931138
669,6.76385369773,13258.53477504843,83.93721697804
670,10.87797482034,13258.55433283140,102.04444906455
671,9.27723590468,13258.57970849769,78.17137921390
672,5.94510793137,13258.59959177558,66.46832734055
673,8.87632967985,13258.61679600999,67.60011285460
674,6.11490497542,13258.65193154794,31.77397830263
675,9.52335792231,13258.66559536825,74.37980312624
676,8.76205052479,13258.68511511156,75.88158343714
677,5.95217557624,13258.70354275188,66.54734601241
678,7.05946194756,13258.72025064951,47.87960043170
679,5.99800817791,13258.73781841849,59.07352963824
680,5.08300109202,13258.79054105270,67.43362972479
681,7.52281106874,13258.81784936606,46.97994006662
682,6.53893531524,13258.85183138118,77.36972604301
683,8.85507937883,13258.86274477566,69.16038084866
684,7.58564002266,13258.90080827511,55.22429294550
685,8.26065112758,13258.92032801842,63.45126528323
686,6.50017560248,13258.95058362055,75.24497261386
687,6.74020157747,13258.97601712222,83.09878597396
688,9.11555206348,13259.02085469645,70.60876266667
689,9.48325928211,13259.02768660661,68.38475520033
690,7.88464890394,13259.04330240126,59.00330962711
691,5.86739629994,13259.06442091336,67.15542013581
692,5.41196474613,13259.10234536442,54.11964746134
693,9.39645913798,13259.11259749001,71.56130079342
694,8.63764858232,13259.15066098945,63.47349481246
695,5.14515144363,13259.16335471782,71.29330970409
696,9.92433849597,13259.21605212953,74.92711252416
697,8.94049085308,13259.22581200119,66.30445473851
698,8.64741270893,13259.24533174449,60.53188896252
699,8.44058543551,13259.25704359048,73.09761409967
700,9.27771347037,13259.26973142363,87.03266695308
701,7.98517950148,13259.28729919261,58.67884584949
702,9.03412603758,13259.29413110277,75.04308692436
703,9.75347891787,13259.30584294875,82.76101299583
704,10.41954784710,13259.34000249954,95.49673343310
705,6.00615934754,13259.36342619151,28.80452833296
706,6.35798224035,13259.38830697604,67.28655939254
707,6.55039205100,13259.41219200737,77.22798331581
708,9.85076086494,13259.45809694656,89.20243353568
709,6.73496417225,13259.47664070270,74.39011072034
710,7.98092787933,13259.49616044600,52.93948650927
711,8.26374905636,13259.53519993262,63.47506092570
712,5.11635152574,13259.54261560212,74.31929876739
713,8.22200650984,13259.58985521388,57.55404556889
714,10.02659380550,13259.60059107270,80.83698359746
715,6.83554340029,13259.61153753046,86.46354475935
716,5.28903037678,13259.66434993942,76.82760396424
717,4.41837343574,13259.71380558388,35.62206546718
718,10.97275182332,13259.72746940419,95.02681828420
719,7.93468674840,13259.73332532718,53.81566384035
720,9.23536439673,13259.74113322452,76.71469828063
721,8.68275529343,13259.75967698065,79.10366538472
722,8.22243245672,13259.78407665979,58.14137747997
723,8.07788902088,13259.78993258278,58.80791974542
724,8.86945716111,13259.80164442876,66.37293980712
725,9.80180314472,13259.84068391538,75.92444068463
726,4.68666311940,13259.85374270406,58.15995980045
727,8.35410402276,13259.89631518381,61.38987634167
728,8.64389327148,13259.90314709397,66.39500404725
729,9.32451300518,13259.91583492711,79.12111652673
730,9.71860859851,13259.92266683727,96.20931661188
731,7.81549991158,13259.95975434956,56.89769819597
732,7.67877840693,13259.97732211854,54.29716282772
733,9.36595305247,13259.98317804153,71.94125046373
734,8.19025403383,13260.00757772067,62.37511640105
735,9.78155885080,13260.02026555381,75.76762905817
736,4.82992668859,13260.04264452331,58.95676874418
737,9.66659632691,13260.10712841154,85.91858750731
738,4.63421341872,13260.11076328106,59.70766320755
739,5.73552868172,13260.15196346612,63.86814439217
740,7.39933967553,13260.16425765725,98.71950424724
741,8.60379488412,13260.16959159013,64.38490536493
742,8.21316547604,13260.21448699973,59.22597851545
743,6.99919918241,13260.22299434844,78.25342579964
744,7.54900764931,13260.23303075587,50.64028279956
745,8.37469349001,13260.27011826816,59.80727416990
746,6.46730528951,13260.29306516773,72.30667129299
747,9.68539761709,13260.29842189595,81.61061093440
748,8.11338133524,13260.31989361359,62.32006454403
749,7.21901073733,13260.34038934406,47.88549994655
750,4.08414521553,13260.36360158550,58.90237996417
751,6.46897376321,13260.41455562008,72.61405039785
752,7.53989447265,13260.41944430446,51.69091222795
753,10.09798093448,13260.45262786808,89.18295284604
754,7.28407968047,13260.47117162422,51.50622136765
755,6.60931480388,13260.48054661168,75.35778316130
756,8.18418212773,13260.48873939320,54.28772266719
757,4.09107087320,13260.54142566021,62.44748663685
758,8.39913607430,13260.59219403273,69.76846414269
759,5.26860221937,13260.60292989155,72.04705176266
760,7.36967709284,13260.60878581453,51.05862064068
761,7.80007418948,13260.64880128832,51.73983884689
762,6.72742197794,13260.66342809305,74.91340068497
763,7.88860667438,13260.66929701879,52.91838231500
764,7.15156715526,13260.71370575492,96.21449585431
765,5.65867146174,13260.73322960520,56.30307015142
766,9.16153734499,13260.74640000486,67.94377939738
767,7.63234512790,13260.77958356848,52.32472198791
768,5.36282499888,13260.79182780472,53.89572421655
769,8.86794577664,13260.79812732463,73.12695423871
770,6.94863312235,13260.82935891392,39.30740480635
771,5.95505487381,13260.84302273423,27.93168323071
772,9.43368426435,13260.85375859306,90.97515643487
773,5.81027590508,13260.87243688285,60.93868779558
774,9.37627403588,13260.89084610534,94.69572592881
775,9.55974719678,13260.90450992565,77.07314590904
776,6.89335915031,13260.91622177164,36.47622801915
777,7.49089811075,13260.92012572030,56.05674849932
778,7.03235645464,13260.93574151494,40.39781220645
779,9.44180001422,13260.94354941227,77.85907750920
780,5.27567752972,13260.97905067507,70.97698207842
781,7.99813501881,13261.00991653951,62.46743143849
782,7.94038724444,13261.02260437266,54.43655234130
783,9.64953773233,13261.03236424432,85.22240972250
784,9.79696913500,13261.04602806464,94.47854885415
785,8.14449399381,13261.05285997478,55.23864581162
786,8.81575845219,13261.06261984645,76.34670773226
787,8.55963180602,13261.08018761542,69.53877752168
788,6.12183663210,13261.10409161018,64.78742918205
789,10.11601199357,13261.10751525605,84.02990662333
790,5.25739573117,13261.16573609131,71.12073120382
791,8.86207903383,13261.17095442180,67.49158316789
792,4.60856516061,13261.22964260026,76.70181077767
793,8.79878782879,13261.27928899716,70.39030263029
794,5.26972397581,13261.28970218949,75.08200935363
795,8.10826262963,13261.34370415008,61.21604041137
796,6.20927781953,13261.35592484063,63.62616410885
797,6.28104546323,13261.35931994472,35.53095871993
798,5.24468863697,13261.39312017148,50.03114090032
799,5.93170136746,13261.42328779599,61.64404886261
800,9.17193792790,13261.44032687945,73.94652762611
801,8.25493851146,13261.45984662276,63.40738584623
802,6.24727009530,13261.48147310961,72.85506279958
803,10.02775490374,13261.49791012221,87.41994051204
804,7.15662305696,13261.51645387835,44.11638738628
805,5.39221771728,13261.54273031850,77.39288373984
806,7.09210792376,13261.57891705694,45.41164814109
807,6.57111478992,13261.60476524129,77.75047872212
808,7.53195796181,13261.61014864622,50.52591001884
809,5.83498206427,13261.64528418419,59.79077393280
810,10.49800528960,13261.66285195316,87.20298125162
811,7.12278212287,13261.67065985047,46.16090398960
812,7.98006037714,13261.71555526009,58.64122812177
813,8.43027942937,13261.71750723442,60.20423717748
814,6.34329621050,13261.73507500339,76.64633973554
815,4.24393064633,13261.79235323654,48.01459422250
816,11.10366518596,13261.80534607931,105.33861709065
817,5.89660027372,13261.85557848682,64.59401965013
818,7.75694196306,13261.85902537340,55.39564585355
819,8.49957014823,13261.89513689852,57.01684989292
820,5.23946252478,13261.91981101110,74.65085004439
821,10.02683763095,13261.95564810277,92.44287530464
822,6.85500702739,13261.98199975624,42.25710131011
823,5.27822614612,13262.00324120141,74.83177080074
824,6.02780737550,13262.04106394897,65.47874836331
825,7.09849915501,13262.09474970954,88.09005788999
826,8.78864961589,13262.10790210057,70.30919692715
827,9.81067829107,13262.11961394656,85.52751047673
828,9.96874555255,13262.13913368987,88.60414856784
829,10.09994001372,13262.14889356153,81.42831963294
830,8.97760488521,13262.17426922781,70.11733564516
831,10.72688521641,13262.18402909948,108.33623021642
832,9.22150497778,13262.20354884278,74.91586058803
833,11.59313042968,13262.21038075294,99.72787881934
834,9.48153587161,13262.22794852192,70.95331746396
835,8.95209555823,13262.25918011122,67.58683931336
836,8.75385000396,13262.27967584168,66.66733543292
837,10.98958497042,13262.29529163633,113.14470225843
838,8.75376244670,13262.30797946948,70.03009957361
839,6.14989036073,13262.33921105877,33.68433676756
840,6.88104789898,13262.35632097459,89.18857433323
841,7.10806442693,13262.37044264807,43.23666795905
842,7.49572725445,13262.39874627586,55.58980112414
843,8.30660373651,13262.42216996783,59.32101606853
844,9.14316341881,13262.43095385232,73.14530735049
845,7.70843380074,13262.46218544161,49.95636065345
846,6.01307295429,13262.48217095895,65.04132857939
847,7.07828782667,13262.52464862020,45.87254799332
848,6.07724280913,13262.54365482510,65.45390820030
849,6.77462514090,13262.59081656123,77.83451705744
850,10.01867833166,13262.59784765760,90.72299086831
851,9.18468132879,13262.61151147792,71.73465437150
852,5.63201318085,13262.65257427967,59.60362502868
853,10.32902609549,13262.67397465651,97.98974541915
854,7.55878530178,13262.68275854099,56.56476971888
855,7.79781920949,13262.71008618162,48.69736535517
856,10.69090523668,13262.73058191210,98.56527611825
857,6.16342419683,13262.74154380036,65.51809791809
858,8.95842978518,13262.78230923186,68.22536862871
859,6.23879284662,13262.79550115946,69.47225695696
860,8.87059805364,13262.80866088533,76.30776977059
861,8.11598842582,13262.83794050029,67.90323091693
862,6.70873548882,13262.86285125652,79.09482491534
863,7.36478647426,13262.88771584572,49.40448958864
864,6.98989196878,13262.92236256893,79.08160017414
865,8.32711393428,13262.93163526816,61.75552976125
866,7.26143389252,13262.93749119115,45.92534035823
867,8.32743653842,13262.99409844675,65.03935852536
868,5.59499251671,13263.00196883488,57.60397359368
869,7.61516628515,13263.01947411305,51.64857062228
870,9.68354761611,13263.07217741998,86.06925386130
871,8.08817195222,13263.08681722746,53.65086321075
872,6.49793976513,13263.08876920179,76.33350852933
873,6.50493018080,13263.15077070651,77.78765121766
874,6.89279930812,13263.17318228379,79.49163947345
875,8.68366905143,13263.20783963596,64.98262890114
876,6.81653871573,13263.23270095326,78.61215941810
877,8.82500727416,13263.23809523809,77.94035388895
878,6.72925120763,13263.29372650652,78.76386600917
879,9.83754682336,13263.30739032684,89.08277529995
880,10.46915199692,13263.33374198031,85.69370231717
881,9.69729999004,13263.34740580062,79.96598428449
882,5.42741644000,13263.36106962093,27.67450233595
883,6.60692702891,13263.37326215299,85.12430012074
884,8.70756067922,13263.39913312037,70.20259855483
885,8.36577253737,13263.42450878668,57.35284698172
886,6.52179507422,13263.43208687980,72.33020635794
887,8.17967013629,13263.47233215779,64.92411896149
888,5.29788602716,13263.48443535169,77.32010103452
889,6.84342973355,13263.54363217731,81.26122570478
890,10.53791881636,13263.56602692566,97.72463883945
891,6.35351003179,13263.57282544967,67.83692378452
892,9.07230908540,13263.60701838662,74.26005031946
893,8.15916377413,13263.61873023259,59.95736392329
894,6.66969856767,13263.65386593835,79.19828240995
895,5.92071168439,13263.67533748819,63.76801639191
896,8.70173763504,13263.71437697480,65.11784179986
897,6.92905791946,13263.73194474377,77.77848224320
898,8.40110825558,13263.73780066677,71.28576740407
899,8.61974993571,13263.78367206354,63.92577643236
900,12.70868369303,13263.79440792237,135.69161027076
901,6.13042317191,13263.80075050014,72.01616610735
902,10.03428218140,13263.83735135764,84.55036452682
903,6.21838388443,13263.86178954474,100.65333631395
904,8.76886214580,13263.88029479292,66.20345738653
905,9.69094777239,13263.90859842072,92.95230563521
906,7.13812962698,13263.92262188749,89.44050786826
907,8.20766894023,13263.94568593300,62.50774437680
908,9.30995664075,13263.95837376615,75.05927006324
909,8.50032390015,13263.97886949662,60.70445475237
910,7.65161471716,13263.98810163191,100.64127853879
911,4.90466932969,13264.03357021944,65.25238139981
912,8.27354968634,13264.04718859820,63.00947719127
913,7.37607595585,13264.06280439286,47.80243564165
914,8.49701292034,13264.08134814899,72.09954546966
915,7.27043919757,13264.08904742233,95.35091616549
916,9.30188864733,13264.13209948159,74.41510917863
917,4.86271634465,13264.15910334437,62.46272241117
918,6.82831472007,13264.17601890404,44.25253710787
919,8.70509676260,13264.21213042915,72.83206488376
920,6.47979488906,13264.22043484244,73.31051050807
921,8.09818226716,13264.23457813396,52.48221940189
922,9.16552458615,13264.25897781309,81.46496445834
923,5.55704982850,13264.28262041697,79.95202423238
924,9.57805152057,13264.30777717136,77.22072008534
925,10.35261823300,13264.33412882482,94.31684078200
926,8.69731874460,13264.34681665797,67.36914130899
927,8.95580921224,13264.35169659380,72.20404221363
928,6.13675192933,13264.36349961880,68.88486956149
929,10.94424370885,13264.37024034995,106.67129268965
930,6.41997637871,13264.39561601625,37.43457343028
931,4.70379696644,13264.42204003682,59.49884825976
932,8.26348453715,13264.42782359270,62.38794011392
933,4.79761502778,13264.48308926039,61.81294567077
934,10.13742554041,13264.49028677129,88.37602695664
935,7.48973313981,13264.53021658338,99.07985637094
936,8.41158270090,13264.54591803971,65.15583943165
937,8.08196547305,13264.55177396271,59.39007458326
938,9.49347076589,13264.58495752633,77.12532109540
939,9.99114196304,13264.59569338515,88.80321221853
940,5.43876604835,13264.61158535208,84.43235426661
941,8.83180771461,13264.63473287177,71.74994505583
942,11.33107723587,13264.65230064073,93.43845659108
943,5.83154089288,13264.67476947820,59.18367617923
944,9.84055074262,13264.69817203752,94.89883465762
945,8.92206204713,13264.71476381933,70.81667207580
946,9.16246886218,13264.72159572949,72.14535196618
947,6.68199800665,13264.74063189248,80.18397607981
948,7.26948124398,13264.78172535760,95.89104345475
949,8.29077142222,13264.79186680539,59.20795072922
950,7.96246333252,13264.80260266421,54.58789837611
951,5.98239906060,13264.84066616366,66.61717658772
952,10.51299192672,13264.84945004816,86.05254760805
953,7.60232186851,13264.86701781712,53.75653345987
954,9.10952932449,13264.87970565027,75.66943366674
955,10.07283385212,13264.90898526524,78.02383551679
956,5.68596679112,13264.92099828052,85.66772767727
957,9.24679265692,13264.95192870051,73.39414138556
958,5.90462913264,13264.96399803427,65.48550495236
959,5.73273707011,13264.98511533742,85.79975201928
960,5.57858097899,13265.04386818592,84.60336943653
961,9.55711632231,13265.05050340423,74.02910470811
962,6.81301481029,13265.10387292868,85.36683089133
963,6.09817017647,13265.11337280968,60.67602714921
964,8.85326130550,13265.15591001809,66.84065706869
965,6.50779508661,13265.17197769138,81.28233457970
966,6.21662361502,13265.18188481134,71.15250945244
967,10.04070954063,13265.20470937635,88.67714559107
968,10.03596391694,13265.23106102982,81.53255628880
969,7.57001413813,13265.24187577231,97.82614193860
970,7.64024190115,13265.25936465762,51.25230076651
971,5.04268503734,13265.30103779102,73.42260241779
972,8.10960131020,13265.32865974635,57.91413734080
973,10.33491178713,13265.34817948966,97.49936280121
974,7.74000740958,13265.35990576128,105.55962738786
975,10.81767884598,13265.40478674525,103.19407919522
976,6.43861137261,13265.41352574871,73.69327546919
977,9.08472038873,13265.42625846289,74.36164121557
978,10.05844885822,13265.43504234738,89.96550158074
979,6.04017368484,13265.47505782116,66.98876675681
980,9.28113292573,13265.48579367998,80.37696889579
981,7.66894356412,13265.53215372809,103.74354561279
982,7.11386862560,13265.54873245283,89.41994205954
983,8.57716103717,13265.56484864038,62.44267488868
984,7.24483911014,13265.60291053420,95.56599138461
985,11.29086965954,13265.60681608849,102.86471808406
986,8.59186370580,13265.63511971629,64.29562060192
987,8.90970849729,13265.66147136975,69.01430525914
988,7.40079231727,13265.67415920290,91.24309558725
989,5.74262390430,13265.68777866047,57.42623904300
990,5.42029693556,13265.73595941200,79.29210829652
991,8.96464565354,13265.78151779109,73.92436185158
992,10.90211465453,13265.79615759858,109.02114654531
993,6.59381826056,13265.80221594851,82.62030599532
994,9.52336605499,13265.81177339322,74.37986664449
995,9.06103860680,13265.84202899535,71.34668933665
996,10.07970202748,13265.85959676433,91.83045581890
997,9.27341128483,13265.87423657180,76.47050847428
998,8.79808884685,13265.89375631512,78.19912417162
999,8.51462531516,13265.91230007126,63.14615138047
1000,10.32737529449,13265.92401191724,87.63068523107
1001,7.47561526270,13265.92741201270,90.94478482172
1002,5.82432432422,13265.98598958604,64.06756756639
1003,10.66295843085,13265.98745108300,101.71814050267
1004,10.08117921204,13265.99916292897,99.28810053382
1005,5.23680342381,13266.05020209235,75.70758885887
1006,9.35448293885,13266.08992973536,73.65727231784
1007,7.72050494145,13266.10066559418,50.62673653016
1008,5.35566811112,13266.11448870496,73.04157480817
1009,10.66393525029,13266.16312877276,101.16697263442
1010,9.18490464589,13266.17093667008,73.47923716714
1011,8.15995856698,13266.19240838773,68.75703302827
1012,9.22136959207,13266.21192813103,73.19235206409
1013,8.96881553764,13266.22363997702,68.30446416305
1014,8.22691737646,13266.23437583583,50.04238475739
1015,8.63670302732,13266.24901564332,56.63464915433
1016,9.67285914169,13266.27927124544,80.34880256899
1017,6.99217871863,13266.29000710426,43.10268440439
1018,7.45077610341,13266.30269493742,49.98132555708
1019,7.56472975265,13266.32611862938,56.10153734692
1020,5.74871137902,13266.33783047536,62.44698981753
1021,10.13521762822,13266.36613410316,87.18643869022
1022,7.18343981465,13266.36989647732,88.56339396585
1023,8.24345695419,13266.39834167962,62.78029777105
1024,7.74594626244,13266.42469333309,59.99984175009
1025,8.90872366289,13266.42859728175,70.14736026896
1026,10.18109195197,13266.43738116623,97.65360345005
1027,8.82081167096,13266.47349269136,67.17730029556
1028,7.62392360668,13266.47934861435,51.70796566667
1029,6.77667909679,13266.48715651167,83.54851103574
1030,7.93286240734,13266.53009994695,56.65196911552
1031,5.09441582161,13266.55352363893,65.83436122652
1032,8.10606971030,13266.56718745924,57.88891667289
1033,5.52140994919,13266.61760224606,81.52264094278
1034,5.09927602866,13266.63245714947,48.91053744861
1035,6.36293573948,13266.67405664634,70.56837110663
1036,9.00267874807,13266.69504177790,72.02142998456
1037,9.40325487037,13266.70480164955,74.63602170470
1038,8.46167993595,13266.72236941853,71.79973515531
1039,8.75106460107,13266.73798521318,64.30692893628
1040,9.71490727562,13266.75360100782,76.49525638356
1041,10.15721822972,13266.77800068695,81.25774583772
1042,5.71735059057,13266.79943029664,60.23602620594
1043,8.50318910205,13266.80728030192,64.75835887743
1044,9.04000114910,13266.83558392972,83.34469248811
1045,4.10183925788,13266.86412885519,56.98457214385
1046,4.62686009312,13266.92504371168,61.20760578738
1047,9.91057795199,13266.93123067192,90.28966216257
1048,5.20910785126,13266.97172285873,48.86576312029
1049,8.50419961663,13266.98393397885,60.13377217483
1050,6.29842515312,13266.99215761888,68.70770677095
1051,9.79824714051,13267.00638168366,79.60133606762
1052,4.30230672345,13267.05104848889,51.80663331735
1053,8.87420886484,13267.07665275956,76.33883114299
1054,4.62913397632,13267.11338274666,57.81786483283
1055,6.97043947336,13267.12241547421,87.06076111821
1056,10.26505671140,13267.12838007933,90.65852615441
1057,11.03573306673,13267.17425147610,101.14416425520
1058,6.99162606529,13267.18303536059,42.52840105581
1059,9.52704002087,13267.18693930925,80.83961524074
1060,9.57647246694,13267.22793077020,85.11754911819
1061,6.15424311928,13267.23771216725,67.41635561599
1062,11.44183822841,13267.27575414130,108.54680826293
1063,9.77493697156,13267.28161006430,79.41196335986
1064,6.52236955010,13267.29234592311,35.72448930975
1065,9.12455345646,13267.30503375627,68.28190568276
1066,10.30818974965,13267.32552948674,98.87268269933
1067,7.07355686517,13267.34309725571,50.51530008783
1068,5.04727299197,13267.36153469333,49.19473185487
1069,4.91167345699,13267.37175248577,41.38649618550
1070,6.70010694277,13267.41287613391,78.42274113490
1071,9.11674199802,13267.42605616477,68.82989267413
1072,10.97316754531,13267.43191208777,81.37918854819
1073,10.04111485346,13267.43776801076,84.60793764490
1074,6.68985737698,13267.45338380541,40.69281378575
1075,8.56962319443,13267.47485552304,64.69923629060
1076,8.94400940296,13267.48949533053,75.89243639794
1077,9.18226281488,13267.50218316368,78.45328788086
1078,8.23224489062,13267.51975093265,66.37048015526
1079,6.90775030083,13267.55432054420,82.60467924562
1080,9.06524511284,13267.56269436792,60.81151291505
1081,6.77083702168,13267.57245423958,91.84410188594
1082,11.12723446293,13267.60270984171,106.72868360923
1083,8.00695748182,13267.61442168769,60.97917144986
1084,6.81321016858,13267.62309604867,87.78207245793
1085,9.94388744839,13267.62808550801,93.81044656742
1086,8.05056677798,13267.66614900746,56.92610361106
1087,9.16980740518,13267.67493289194,68.62055522575
1088,11.11024535590,13267.67786085344,103.62946980729
1089,7.96368205219,13267.69347664809,55.17400771885
1090,6.10438187368,13267.71885231439,69.06319708532
1091,9.78641704832,13267.72666021171,84.18594264859
1092,7.97611752728,13267.74325199352,55.83282269096
1093,8.42009283212,13267.78229148014,67.36074265698
1094,9.05698343260,13267.79009937746,74.68579868414
1095,6.87559113652,13267.79890575022,83.36211226363
1096,9.25054514020,13267.80669115928,66.06210604373
1097,8.29272172233,13267.82718688975,55.00769288763
1098,6.17374654234,13267.86331514028,68.19125938872
1099,6.36910697281,13267.86822591631,76.69420399551
1100,9.52907342499,13267.90233790148,83.07253617024
1101,9.33812994979,13267.92576159345,75.86332633961
1102,6.98530934943,13267.93259350360,80.55851731543
1103,11.09113652830,13267.93942541377,109.23502652753
1104,9.43610233105,13267.96870502873,81.17242150477
1105,4.97826599890,13267.99276911512,65.47886603754
1106,6.72071499298,13268.03995209180,44.58017990929
1107,6.80927489240,13268.05068795062,83.11779267690
1108,5.93888644668,13268.05654387362,33.06632031274
1109,5.01845658147,13268.10442176463,68.80960989939
1110,9.12068000625,13268.11412711638,68.25291943558
1111,6.97150076410,13268.15707055164,46.24370452040
1112,5.32218529687,13268.17201419882,70.80707006477
1113,6.39306077105,13268.20541474225,68.25921012254
1114,4.65061365367,13268.24290130142,81.35251348821
1115,5.33932981138,13268.30158444248,75.32051595745
1116,8.53423060117,13268.30737257512,71.40249601220
1117,6.29574024953,13268.36547750654,64.51214037218
1118,6.47838580207,13268.36984177284,74.99273743812
1119,8.41986374937,13268.42546702213,69.43197518392
1120,6.24089223262,13268.42790558341,62.40892232623
1121,9.25902763731,13268.44303479111,76.35189787825
1122,8.56299335354,13268.47036243174,69.03705951323
1123,5.27188005398,13268.49248046302,75.11272873907
1124,5.11061587271,13268.55233308920,71.18264221067
1125,9.97019719170,13268.56600917394,90.28397547400
1126,8.44074964507,13268.60309668623,62.59827474772
1127,6.69169112363,13268.61246557762,73.91214427595
1128,8.29665946878,13268.62066445521,59.24999979226
1129,10.99818069324,13268.67531973647,107.19700538408
1130,5.88834525421,13268.67776243182,62.03756677562
1131,8.41418188148,13268.69581546694,72.86895261426
1132,5.67654474447,13268.74366056906,87.57346707856
1133,9.15978407985,13268.75437469687,75.53351453818
1134,8.73299432263,13268.76511055569,68.76366606010
1135,10.64697500059,13268.80219806797,101.00607357816
1136,9.54760929435,13268.81293392679,79.30839919828
1137,8.57702927953,13268.85587736207,61.84983771702
1138,7.13946379359,13268.86150190418,95.25232753204
1139,9.88003953491,13268.91150863050,87.81571223705
1140,6.97657889291,13268.92270402791,80.75973940377
1141,9.67446407743,13268.92810041231,81.51848329164
1142,9.78873752333,13268.98177970640,86.45178898931
1143,6.36466549999,13268.99206233861,69.72141730633
1144,9.22745166062,13268.99641951388,88.50660710773
1145,8.09603146513,13269.01691524435,54.90995695031
1146,6.02131511873,13269.05140117858,96.34104189974
1147,9.07993625598,13269.10573007641,79.15704910719
1148,10.04288270176,13269.11451396090,82.81573233007
1149,9.88059533419,13269.11744192238,89.47259614522
1150,12.01507754404,13269.13110574271,119.54851212180
1151,7.91784173794,13269.16819325499,51.31347919460
1152,6.66985501137,13269.18084216186,86.45120164932
1153,11.72120131317,13269.21601662610,126.24120161806
1154,9.29372029910,13269.22187254908,77.75684272047
1155,7.45635574391,13269.24082816370,85.66700537149
1156,6.46853264551,13269.29215438357,74.59875763000
1157,8.03164244605,13269.30580744531,63.24121586146
1158,6.42396543946,13269.30678343247,78.93900890610
1159,10.92223590013,13269.34289495760,100.10394554101
1160,6.00570041038,13269.37061169010,63.84147106989
1161,10.06663073651,13269.41609399500,87.75885216479
1162,6.23328445292,13269.43119263288,69.13046877999
1163,6.16901615763,13269.47172526343,70.06655468592
1164,9.47817860280,13269.49319698106,79.86455248411
1165,7.49528237407,13269.53132922105,95.39936988502
1166,7.01776685571,13269.54297232650,45.48032727375
1167,9.87489264050,13269.55468417248,75.20494179478
1168,9.10946265662,13269.59177168477,77.29635380954
1169,7.17367584621,13269.60295668464,91.30598706400
1170,6.35555803088,13269.62148405553,74.66090186951
1171,10.35696822321,13269.66204276067,93.21271400888
1172,10.01529947917,13269.67961052965,90.13769531255
1173,10.52994008383,13269.68644243981,96.50849499504
1174,8.93367079067,13269.69717829863,66.25387580201
1175,10.25740875354,13269.70693817029,91.74505298363
1176,8.64364612174,13269.74109772107,70.22131304914
1177,9.74771635367,13269.74792963123,79.78849707497
1178,7.61794017089,13269.75768950288,53.32558119622
1179,6.78438105311,13269.79184905368,45.51101166003
1180,7.42987177589,13269.80371235194,100.50944240681
1181,6.80312190763,13269.82100205332,75.45027187413
1182,10.66030720494,13269.86212012958,102.80427968934
1183,7.26963976081,13269.87920159542,91.95447765237
1184,9.36705127019,13269.88651980872,79.48206567449
1185,10.12452240044,13269.93531916698,94.43525816044
1186,9.70853512950,13269.94800700013,90.55518720309
1187,8.38503589055,13269.97338266644,61.61717822029
1188,9.64931256314,13269.98216655093,81.87713216623
1189,8.84463164851,13269.99095043541,62.54099015759
1190,10.65147563809,13270.01535011455,104.36272128406
1191,9.52246214940,13270.01827807605,76.17969719519
1192,6.96312671049,13270.05340502665,89.44298207093
1193,9.63705026991,13270.07195737014,78.88265613947
1194,10.38414056218,13270.09830902361,108.90978502254
1195,9.17499631343,13270.11392481825,81.54915101194
1196,7.05025280058,13270.11782876691,41.70985805924
1197,9.60582398500,13270.14906035621,88.03883104735
1198,6.37398709856,13270.17059583011,73.23153639182
1199,7.06071591568,13270.18320782192,88.75182285582
1200,9.02364388309,13270.23494722676,71.62295290282
1201,5.38505974396,13270.24273081425,76.72529110103
1202,11.70566596323,13270.24861104707,118.79953455804
1203,7.34273542489,13270.29448244385,96.57860575178
1204,9.14033900214,13270.30521830267,77.01786540967
1205,7.21877862425,13270.30619428983,92.16319583551
1206,9.53047485277,13270.36572950692,79.73767343199
1207,6.01237707972,13270.36767140904,97.68956459767
1208,5.72857148095,13270.42982127235,87.25500123934
1209,10.69575287124,13270.43795255716,104.24930359887
1210,12.25250723556,13270.46918414645,106.81488168960
1211,11.42433137891,13270.48089599244,107.16972789021
1212,7.23401793321,13270.49408158816,86.20327253085
1213,10.05583983218,13270.53652726087,102.05562805272
1214,9.46046599834,13270.55409502984,88.74703762781
1215,6.56507804044,13270.56050299051,79.32613978293
1216,8.29529591734,13270.59210289113,109.73645024482
1217,13.92912833234,13270.59606247796,161.84184617496
1218,10.61760001612,13270.62436610575,113.36494622093
1219,6.64114006689,13270.62680773398,77.44833651396
1220,11.50689546718,13270.65559769504,115.64286823040
1221,8.69140324451,13270.67218947685,76.26675394704
1222,9.07509656467,13270.67999737418,80.66122262270
1223,7.25804792241,13270.69322031057,90.94307980325
1224,9.23972171901,13270.70537304048,76.75089291786
1225,6.04991774458,13270.74380969595,96.98755957373
1226,9.70390554789,13270.76295628324,87.33514993100
1227,6.13966262884,13270.80541464394,69.46235326482
1228,11.68697213889,13270.80882768000,107.74855920567
1229,10.80734111457,13270.82541946181,101.38184617110
1230,9.95870211446,13270.85079512812,83.32047975331
1231,9.69134616059,13270.85762703828,83.36811194892
1232,7.30425325003,13270.87324283292,96.90186961629
1233,9.88333005790,13270.88007474308,85.01961987961
1234,9.00958097432,13270.89764251205,71.51133202485
1235,10.13279824969,13270.93180206284,89.49045104800
1236,6.74579304841,13270.93668199867,81.78839408036
1237,11.10788805250,13270.95229779332,114.36270703598
1238,11.09520510208,13270.96986556230,112.05607872061
1239,11.17477083458,13270.98255339544,118.78944339546
1240,7.19568072589,13270.99816919010,46.63334093301
1241,11.13397701185,13271.00597708742,111.89508413747
1242,8.43688981055,13271.04404058687,61.99822515584
1243,9.76855700792,13271.04989650986,74.39511374405
1244,7.74118303491,13271.05869186805,102.11321741929
1245,10.08867086572,13271.06941625317,96.76713153225
1246,9.37307853054,13271.10259981679,78.42080132067
1247,7.88249210850,13271.10698946566,111.19623503637
1248,8.70638224558,13271.11919159860,69.65105796465
1249,11.82178647917,13271.13285541891,122.28551019975
1250,10.47626687181,13271.16115904671,90.12025521566
1251,9.43668823231,13271.16994293120,82.80660317348
1252,9.14576162866,13271.17677484136,75.97040178915
1253,11.95855702852,13271.19336662317,131.54412731374
1254,10.65538405283,13271.20019853332,99.95636257675
1255,10.85609228825,13271.21679031514,106.92010923014
1256,12.11061904403,13271.24509394294,129.30602721366
1257,6.37399540461,13271.24862295829,73.78433122293
1258,9.50368735980,13271.25875776325,82.30434683215
1259,9.19687871734,13271.30170119853,80.70228321984
1260,8.11079717150,13271.31438903168,53.18605383517
1261,11.41201721918,13271.31731699318,118.59716184281
1262,7.29142324528,13271.35292436878,94.50764675004
1263,11.42059114262,13271.35830845412,110.72673928373
1264,7.57318193053,13271.37099628727,99.89713065056
1265,10.40518030991,13271.41198774822,96.49367257093
1266,6.88797805952,13271.42172573423,83.51229572361
1267,9.79106176452,13271.43345946586,89.20081787497
1268,10.24819679178,13271.44517131184,94.48370592889
1269,14.82041157424,13271.46176309365,167.01755626939
1270,10.47913489614,13271.48030684979,101.05711721574
1271,8.11734511856,13271.49494665727,111.88988085183
1272,8.95560567974,13271.49885060594,72.20240128215
1273,11.55409604590,13271.52032232358,134.24646469879
1274,5.71170678722,13271.55887774785,115.37082180791
1275,9.72363628796,13271.60132925830,78.39446200421
1276,11.94906261737,13271.60620919412,127.02027794811
1277,10.03185398250,13271.61889702729,87.45567545219
1278,11.74281777801,13271.63451282192,136.43921307540
1279,7.59741506495,13271.63694929788,104.44718886344
1280,7.93745747632,13271.68085482184,114.75049158232
1281,10.25843163357,13271.69404803901,95.68428033651
1282,10.11777306984,13271.69892797484,93.28125862617
1283,12.05854744058,13271.72625561547,126.47111251764
1284,7.55625831483,13271.75018924910,101.09584615579
1285,11.70529110626,13271.76139115342,111.04614171326
1286,10.71933883612,13271.79555070421,104.47919114797
1287,10.83876878018,13271.80531057587,102.25274016693
1288,9.90949460458,13271.80628656303,87.51828665380
1289,11.62936871527,13271.84532604965,101.38248601404
1290,10.24086901295,13271.85801388280,93.29875693520
1291,9.18640744201,13271.87167770311,75.75305640673
1292,8.94433161985,13271.87655763894,80.00053406118
1293,10.51908373085,13271.90778922823,97.54996944212
1294,10.18239823077,13271.92242903571,105.81858647156
1295,13.13952785790,13271.93121292021,170.81386215264
1296,5.76509153934,13271.93675125530,82.74462988098
1297,7.51139398822,13271.99032371098,101.05547078690
1298,12.70097964236,13272.00148399611,128.90086516072
1299,9.01253672430,13272.00636393194,76.47391000138
1300,9.43663508849,13272.04735539289,88.01907245606
1301,11.24728808317,13272.05906723887,99.96808315075
1302,7.05299809476,13272.07126177801,91.68897523190
1303,10.23659650529,13272.10493863564,88.05853276596
1304,10.92597512227,13272.12055443029,101.32332497523
1305,11.85072371913,13272.12836232761,133.55087378500
1306,10.05291850744,13272.14788207091,91.58644633860
1307,8.23184140036,13272.17130576289,57.62288980252
1308,11.03731870826,13272.18106563454,120.40293230593
1309,7.39158036832,13272.18887353187,101.61742962956
1310,10.56662975629,13272.21229722383,95.09966780658
1311,12.21324502249,13272.23474492864,129.82857543571
1312,8.25805391631,13272.24195972111,108.30336177321
1313,9.12144438877,13272.28452027407,74.10296452010
1314,9.50886867098,13272.29037619706,92.19190224629
1315,9.80573697518,13272.30501600455,89.33451540691
1316,7.36302223592,13272.30989594037,52.06442953045
1317,7.04672485030,13272.35028366043,84.56069820354
1318,9.74311076817,13272.37333510613,79.75079873292
1319,8.87784346874,13272.38407096494,74.80603873041
1320,9.11956266951,13272.39675879809,72.38428466754
1321,9.85222950427,13272.43189433604,80.64397408190
1322,6.42845442277,13272.43824083353,74.96801699480
1323,8.43552790434,13272.48362165581,65.34131817996
1324,5.43944860774,13272.49899822697,78.44884346177
1325,7.43954482354,13272.52070916810,49.34835758140
1326,9.93834386053,13272.55096477023,81.95368296134
1327,5.46228576918,13272.56055272392,83.37817362490
1328,7.32462852866,13272.61245196165,50.74651503285
1329,8.71046007636,13272.62221183330,69.13713350103
1330,9.96811078558,13272.62611578196,79.11942653936
1331,9.09487397502,13272.63782762795,66.21168196730
1332,10.38433850385,13272.67881908889,90.52856426756
1333,4.76267232905,13272.68992800558,64.42823706768
1334,10.37473007378,13272.72664245999,98.96861721501
1335,5.40711714671,13272.74747817508,73.74324610368
1336,9.25524751668,13272.77251385676,72.87589182227
1337,10.06733868291,13272.79788952307,90.60604814623
1338,9.08049872889,13272.81936124071,72.64398983112
1339,8.26972612847,13272.82716913803,59.63384318046
1340,11.25732328562,13272.84864085566,115.35323746427
1341,6.04753553546,13272.87789298359,64.00110028660
1342,8.93178423624,13272.91403199575,82.82995949093
1343,8.58721342473,13272.92281588023,61.92327663242
1344,6.85091273672,13272.93843167488,85.56787265610
1345,8.84524626746,13272.97747116150,73.47413371865
1346,6.20082004202,13272.99095139069,65.62331102341
1347,10.69467163752,13272.99699090481,93.84536275413
1348,10.26045929139,13273.04871822457,90.61792284025
1349,4.93585092341,13273.06139889598,65.10834535481
1350,6.73031672583,13273.10031740336,78.19921378157
1351,4.62852525866,13273.12944931417,62.09818268364
1352,9.61796412397,13273.15022088977,91.24401925658
1353,9.24710297343,13273.18535642773,63.39494404015
1354,7.25518655576,13273.18971704882,88.85752525154
1355,11.75468384644,13273.20292419670,112.13253721381
1356,5.93709050425,13273.24986898866,61.70005441500
1357,9.47666851752,13273.26148342662,82.07035679413
1358,11.33789111047,13273.26929132395,123.16102236618
1359,7.75496367694,13273.29369100308,55.38151806482
1360,8.30645214508,13273.31028278490,58.14516501557
1361,6.96537567896,13273.31959424997,81.22954102703
1362,8.76815405042,13273.33956239985,74.40025425044
1363,7.99023676641,13273.36298609183,64.41934828074
1364,9.11656228413,13273.37469793781,80.51529801638
1365,7.63981737033,13273.37860188648,56.65840202350
1366,9.00221578731,13273.41373742443,62.36918049729
1367,6.80527852100,13273.42443440173,76.38906194144
1368,7.92385027023,13273.45375289820,60.86424880996
1369,10.02492005923,13273.46448875703,87.39522691047
1370,10.47099630637,13273.48498448749,105.75187890576
1371,5.89305398923,13273.49760341847,58.33825812754
1372,8.29198267605,13273.51133614096,60.36654508167
1373,6.17870887799,13273.54847151868,69.08006532188
1374,4.97780098140,13273.56374215789,69.15382132476
1375,7.70424994873,13273.61479078050,51.10421274212
1376,9.84429388857,13273.62357466498,89.14387257405
1377,10.97547872030,13273.62650262648,89.83816516582
1378,9.25476823613,13273.63626249813,79.61252663827
1379,10.53862110105,13273.66066217727,102.71777254984
1380,8.46759534630,13273.67627797192,66.67391243072
1381,7.33743396354,13273.68981683740,93.67808579700
1382,6.26133638673,13273.72155833439,62.29951044298
1383,6.15572929003,13273.74799284432,70.45554204652
1384,8.64100034872,13273.77387668846,68.03930478516
1385,8.94146801459,13273.78851649594,70.40518955213
1386,11.37689815215,13273.79827636759,97.20426042206
1387,6.06806661664,13273.81044535315,65.07276491254
1388,8.93205388416,13273.81682012374,70.89597982355
1389,9.35975737220,13273.84902770019,78.86671745872
1390,9.13877636149,13273.86952343066,77.54508884346
1391,10.13311287055,13273.87733132799,94.51538473132
1392,6.65601614977,13273.91002906093,88.30203266940
1393,8.95861589378,13273.91929877610,71.66892715021
1394,10.73563217435,13273.93491457074,107.35632174346
1395,6.49085168392,13273.94174648089,72.85962944881
1396,8.94436837471,13273.96614616004,68.70299710878
1397,10.70085008293,13273.97980998035,94.50734899887
1398,10.16701008116,13273.98566590335,86.86697221215
1399,6.58252562552,13273.99998475289,75.05233953302
1400,8.15376355684,13274.00616163382,65.23010845473
1401,10.83133940359,13274.03641723595,102.18265156835
1402,9.86588636000,13274.04910506910,88.79297724001
1403,5.75900670198,13274.06307468250,82.65729603527
1404,9.89769843124,13274.11254423484,87.97266794078
1405,6.05152286747,13274.11790006694,67.38690672469
1406,8.97934795392,13274.14084786264,72.39381761617
1407,6.86975694729,13274.17116745366,81.28406038136
1408,5.81617097802,13274.18982351216,90.47838666024
1409,7.98861281081,13274.22868670753,58.70407541743
1410,4.57279949248,13274.25134754923,76.10655142599
1411,9.81813608299,13274.29700580910,89.98470356739
1412,10.58442468139,13274.31164561659,104.24449360085
1413,8.51489073401,13274.31652555240,63.14811977933
1414,8.30569427360,13274.32823739840,70.47615291988
1415,12.05266101886,13274.34190121871,122.91350745177
1416,6.98369617809,13274.37464643447,81.44319292532
1417,6.64912266390,13274.37944131752,72.53336495537
1418,9.51543790197,13274.39167656414,76.12350321576
1419,9.95565532924,13274.42583611493,92.86017097776
1420,5.57492700472,13274.44143067804,87.61685536272
1421,6.85545329532,13274.48780072293,79.94763676468
1422,6.38381101730,13274.49903515234,73.06605673434
1423,9.59613217135,13274.52050686997,88.47196717178
1424,10.17650994682,13274.55271444644,93.26925428354
1425,7.03459415360,13274.56202652561,84.41512984319
1426,7.27784947055,13274.56735425391,46.02916158960
1427,5.96341170319,13274.62395789974,96.34186450335
1428,10.84131817727,13274.63079341966,98.76910916438
1429,8.89340450518,13274.66592895762,69.45970965431
1430,7.93946807271,13274.68252073943,56.14051713227
1431,7.20005640700,13274.68787806530,92.20571138113
1432,11.38954262626,13274.73132009770,118.36359902191
1433,5.69839835674,13274.75050081614,85.09523414713
1434,6.59896594052,13274.79913811909,76.38855345455
1435,10.15144826915,13274.81037505809,98.94407858138
1436,10.04551510040,13274.81623098109,86.99671271050
1437,11.14303080879,13274.85527046770,117.92675348631
1438,10.96433404991,13274.85819842920,107.98616694898
1439,9.55529408546,13274.87967014683,81.07935892874
1440,11.17671609531,13274.91382969763,99.96758781732
1441,5.63311169774,13274.91964318510,85.61588549579
1442,9.73185303880,13274.93822937676,88.12567737406
1443,7.10746472040,13274.95192832913,88.48722216519
1444,9.95188427012,13274.98627943460,85.60934551151
1445,11.41688961649,13274.99971656818,118.64779728096
1446,8.22883843605,13275.01728433715,64.26928272828
1447,7.94136227663,13275.03973204196,64.02530954677
1448,6.94576177189,13275.05925178527,125.02371189395
1449,8.42603300454,13275.07877152857,70.99901608996
1450,8.24663298698,13275.10121923337,57.13434929932
1451,9.47650180797,13275.11195509220,76.40200012811
1452,6.97990312921,13275.13004860111,82.29184424562
1453,7.88909444601,13275.17246629646,54.08490663179
1454,11.21148457646,13275.18222616811,109.27603446671
1455,10.52595293981,13275.19296202693,100.96139384328
1456,6.91135383350,13275.25054526968,85.20889270144
1457,9.08563240833,13275.25640119268,76.01585451830
1458,7.09720589688,13275.29739265362,95.74654218705
1459,7.23404517189,13275.31254999793,92.35810606805
1460,11.32240773503,13275.31788838410,103.77158098990
1461,12.41294241593,13275.35595188354,117.10346454519
1462,5.47783127703,13275.38064856774,80.50734915473
1463,7.52284175961,13275.42089626589,103.42197541381
1464,12.55342385419,13275.44281474127,136.94168687837
1465,8.56565353841,13275.45940652308,67.44602340750
1466,7.93940630415,13275.48185422788,56.14008036257
1467,10.45517889874,13275.50137397119,115.00696788618
1468,8.98631052278,13275.50722989419,73.55612174653
1469,9.44575247594,13275.53846148348,78.46231291983
1470,12.48976575088,13275.54626938079,135.67358373829
1471,7.21714271723,13275.56774109844,94.37638729649
1472,12.20421639271,13275.59409275190,127.99890137662
1473,10.16006079283,13275.61361249521,85.61019394497
1474,9.93932760260,13275.62337236686,83.75026302416
1475,7.23873325719,13275.62869969291,95.75944002824
1476,4.75773647211,13275.68926918771,81.02133261077
1477,6.71895453118,13275.75322851485,115.79236567082
1478,8.64808464873,13275.78050630049,65.86185048505
1479,11.75778580759,13275.81271387696,125.53879913830
1480,10.59689789985,13275.81661782561,101.08796320084
1481,10.54731142435,13275.83808954324,91.34239635110
1482,7.37296473504,13275.85858527372,47.78227262630
1483,10.98764755426,13275.89469679884,100.10223323416
1484,12.28657810563,13275.89567278600,127.09335216835
1485,11.07648700293,13275.92885634963,114.03941344358
1486,9.62563989142,13275.94154418278,77.00511913132
1487,7.00757178295,13275.97713907983,93.75492067345
1488,10.30897464488,13276.00205538704,97.79952065619
1489,7.73724219608,13276.00693532286,56.85688619018
1490,10.23342770470,13276.04499882231,93.79091415129
1491,10.16549764368,13276.05280671963,94.27094696433
1492,6.73475596246,13276.06354257844,79.40160177525
1493,10.65571237072,13276.08989423192,97.07815979193
1494,5.46238579742,13276.11102737472,79.34573690235
1495,11.26830784856,13276.17675708963,112.11824746764
1496,6.59185047101,13276.18747766253,120.65067356537
1497,7.82011685494,13276.23972230382,109.48163596910
1498,10.91074138413,13276.25288408854,108.01082908687
1499,11.35597991980,13276.25776402436,113.55979919797
1500,6.36456763094,13276.30095966747,103.99789200459
1501,9.73570478658,13276.31925121578,81.45475025071
1502,10.60804497087,13276.34560286925,103.39443273154
1503,5.95618308005,13276.37940104860,94.17552346957
1504,10.23335065302,13276.43148973981,83.76358513326
1505,7.69941586380,13276.43956307817,110.23885862966
1506,9.77517447538,13276.46272132910,86.88365120037
1507,10.79407774406,13276.49200094406,117.74948665298
1508,9.64949176995,13276.50664075154,73.48833990682
1509,6.50154681035,13276.51834161133,78.28899082532
1510,6.66011221183,13276.56996795514,113.22190760117
1511,7.91856949181,13276.63010233853,115.29611213252
1512,10.19053710371,13276.66572665949,92.27923823860
1513,7.90408706691,13276.67646251832,106.33861583358
1514,9.24531257580,13276.68524640281,81.12728860299
1515,7.74893914404,13276.70234952972,101.62638413124
1516,12.50534431556,13276.71550200493,140.37214179734
1517,10.70774918259,13276.74380563272,93.96011774639
1518,11.25441412411,13276.75356550438,109.69445993897
1519,9.14891954612,13276.75746945304,80.28144320031
1520,12.05159672572,13276.79162900383,137.93682922541
1521,10.11675979283,13276.80236486265,91.05083813545
1522,11.30215386780,13276.81212473431,127.86927427099
1523,10.47250936662,13276.81700467013,94.25258429959
1524,8.56402765121,13276.82722081886,135.13807691792
1525,7.53248420259,13276.87886704553,143.71063929815
1526,10.50578064000,13276.89703561769,107.13836097779
1527,12.70954092879,13276.94095504013,153.56996734589
1528,9.00440929317,13276.94965631217,130.48628744428
1529,9.09230141274,13276.96242675777,74.42369457148
1530,8.38141701744,13277.00439420588,121.45827166671
1531,10.92521222282,13277.00537019305,109.79702397372
1532,10.26923568654,13277.01513006471,91.85083628824
1533,6.79167784321,13277.06916615914,125.78363390594
1534,10.30843209279,13277.09418502511,95.59646651526
1535,5.92077485309,13277.12921429188,124.19522107892
1536,12.66827889727,13277.17616794699,144.44060276971
1537,8.07662501177,13277.19131350679,115.92137656887
1538,13.18939756718,13277.19568769030,140.82422992193
1539,11.24638371072,13277.21715940794,111.33351859947
1540,7.23723876821,13277.24253507424,44.61333600556
1541,8.83483645302,13277.25329997412,151.74329925806
1542,12.22521782882,13277.25815086889,131.66962562263
1543,8.66787502085,13277.29867045956,136.77676077055
1544,12.98968238721,13277.31475812448,139.90316089492
1545,13.54113160091,13277.31573411164,153.79769051995
1546,12.12086701088,13277.32939793196,128.84658370237
1547,11.31771588533,13277.35477359826,117.61715363416
1548,14.19315575164,13277.35965353408,205.67836721441
1549,10.38717734716,13277.37429334157,97.99243510842
1550,9.13964666942,13277.39985419793,157.50981857908
1551,13.83148072555,13277.40552493086,166.55308332144
1552,12.19008640237,13277.44163645598,127.85070478762
1553,9.22578297877,13277.44704283561,144.99456085700
1554,13.39432520884,13277.48165192976,162.94899899795
1555,8.75618502833,13277.49141180142,68.94626985935
1556,13.12972568563,13277.50409963457,131.29725685629
1557,10.13976793866,13277.50810023819,178.81675533155
1558,7.98454272666,13277.55727474107,113.20043035843
1559,6.97489545533,13277.56842615994,136.50139491126
1560,11.93721093503,13277.61048223559,128.56769644538
1561,13.44401970343,13277.61829013292,157.35821622240
1562,12.46274150898,13277.63097796606,157.14919096581
1563,14.11979232437,13277.63488191473,160.99040215748
1564,11.86824193442,13277.65928159386,126.71814784780
1565,11.72808503346,13277.67196942702,110.01918974699
1566,13.60117638706,13277.68465726016,166.57971024949
1567,9.05446657537,13277.69143578339,147.67388083392
1568,11.43873710202,13277.69734509331,122.66678950004
1569,13.81916709050,13277.73052865693,146.89976118261
1570,14.32047763582,13277.73638457993,170.64818580915
1571,10.31987825790,13277.75004840025,95.70261388373
1572,12.77931897919,13277.75590432323,152.28316087870
1573,13.53533459706,13277.77444807937,161.29212670468
1574,11.69917522552,13277.80958361733,110.98812137421
1575,7.41985874764,13277.82173856280,150.60668371627
1576,13.54932071062,13277.85935896277,168.68768246814
1577,9.42534969243,13277.86719380796,168.07806207297
1578,8.74394817728,13277.88236299529,127.01318385262
1579,13.68364398591,13277.89254252639,151.75895316645
1580,14.72810080747,13277.90620634671,173.64174763551
1581,8.74118964670,13277.94279255816,141.48851496555
1582,12.42889302466,13277.94817379482,142.25518274636
1583,13.74675765807,13277.98038137128,173.34001855156
1584,12.90551234968,13277.99014124293,144.86401683988
1585,13.03084490132,13278.00575703757,152.52212915311
1586,8.91687354547,13278.02970377196,146.24759997754
1587,10.02268669587,13278.03945329140,178.16717587355
1588,9.99273338519,13278.07013662525,174.80144300120
1589,16.37707902751,13278.09261989529,222.75235741197
1590,9.75901358923,13278.10921167710,79.88096893333
1591,8.53919193513,13278.13310533521,129.78448114874
1592,10.13835602454,13278.15946194256,189.94203924089
1593,11.46238608959,13278.17850676585,122.38479323359
1594,13.31360207344,13278.19314657333,175.61847291667
1595,12.54635127594,13278.19900249632,146.31434149168
1596,13.66247529034,13278.22925809845,170.09644562473
1597,9.29358846996,13278.24046467496,147.53114327335
1598,12.33936726613,13278.25463376475,115.75352538260
1599,13.93205506831,13278.28098541821,155.14079942068
1600,10.20416536860,13278.28586535404,99.45790130814
1601,7.54350734103,13278.30091764324,108.26969852580
1602,13.78541610873,13278.31319299468,152.88766060989
1603,12.63806910004,13278.33661668665,123.18066043356
1604,13.15336822659,13278.36394432727,158.93275298947
1605,12.66322086684,13278.36687228877,157.14643826457
1606,12.37632691605,13278.37956012192,141.11183802675
1607,9.12431130985,13278.39810387806,76.88281367388
1608,11.90654356679,13278.41079171121,134.17993152071
1609,7.27924127440,13278.43272833544,100.07302242530
1610,7.68078367937,13278.44885521066,103.33437600911
1611,7.48458118200,13278.49184550378,103.70939904473
1612,7.62601097487,13278.50744563111,100.01419630676
1613,10.18679198383,13278.52303023523,88.22020641065
1614,8.76500329216,13278.55621379885,63.20533759902
1615,8.01088225414,13278.56736039719,105.67079445717
1616,11.07179254403,13278.59134933681,122.29194575616
1617,8.96862015241,13278.61477302878,75.57093666290
1618,9.65609344524,13278.63234079775,81.36368959340
1619,8.48142703083,13278.63624474641,66.24206271875
1620,9.36403352144,13278.66064442556,71.92650626608
1621,9.94628381689,13278.67235627154,88.96226695230
1622,10.02545075702,13278.68992404051,102.23993808521
1623,8.20377976166,13278.69675595067,59.15829716656
1624,12.20391455479,13278.71529970681,115.13149964710
1625,9.00094469659,13278.73091550146,74.76746200553
1626,10.83198995141,13278.74165136028,106.68272874197
1627,9.79043174816,13278.75921912925,87.01926080707
1628,9.33711626077,13278.79337868004,77.55991274251
1629,9.59166664438,13278.80801848752,69.82838719243
1630,6.25945313950,13278.81826146838,71.36874644221
1631,10.82184004452,13278.83241816666,91.82635776477
1632,9.75029222041,13278.83925007682,78.00233776330
1633,4.93971469208,13278.88092117710,68.44669457266
1634,8.33553991537,13278.88609746075,66.68431932297
1635,6.97287300816,13278.92842995245,89.83918424608
1636,7.21033252740,13278.97195177664,95.65587042836
1637,7.96938447040,13278.98076821580,53.46025624394
1638,6.75044074119,13279.00840470259,73.63861469251
1639,9.51838264796,13279.01980770242,81.32509699355
1640,10.38176397684,13279.04811133021,99.03571637365
1641,6.72393527644,13279.06909505835,77.25213485354
1642,7.19048479446,13279.08129489383,93.19933489753
1643,11.17002283655,13279.09203075265,102.37495032572
1644,7.35719724202,13279.12803601928,98.43259051341
1645,8.99267860087,13279.15058998257,76.83347964631
1646,8.39711902701,13279.17401367454,67.69973793892
1647,7.47444979692,13279.19450940502,98.87767674844
1648,8.30785836713,13279.19548539219,58.74542988534
1649,8.10630961501,13279.24623672478,51.90570757201
1650,6.58462195511,13279.25697863635,78.46482634542
1651,9.74771850995,13279.30772391621,90.92066544507
1652,5.42927484247,13279.31943576220,83.75877282404
1653,5.05593550773,13279.38215122437,85.20413966324
1654,9.71578240863,13279.41508250439,83.01168128802
1655,8.55119213815,13279.42484237605,65.12393910881
1656,7.74814901719,13279.44143415786,60.51497835040
1657,5.63527001067,13279.45020994720,85.09071115718
1658,5.42063268810,13279.51167128853,82.56461728565
1659,10.28437890722,13279.52048911825,93.69515093696
1660,11.57491469056,13279.55952860487,115.16894702692
1661,6.45770597360,13279.57416841235,69.55162188771
1662,8.45799478307,13279.57514439951,69.74641174308
1663,9.90781719073,13279.60832796314,87.50347213579
1664,9.54241324752,13279.63077566795,77.52293169573
1665,11.86282544362,13279.63565560378,119.80866415074
1666,7.39547862120,13279.64635921348,85.92769661143
1667,11.01765856817,13279.67567107755,106.82016303358
1668,8.51463548603,13279.68933489786,66.50142904523
1669,10.65936113992,13279.69909476952,112.30333819684
1670,9.37029867490,13279.71959050000,78.95554005409
1671,7.53151177697,13279.73911024330,52.17984422207
1672,7.21578683234,13279.76203838276,92.68846009954
1673,9.84582098362,13279.76936584543,84.12273135980
1674,7.83572329457,13279.80889138423,102.46537797168
1675,10.13046422404,13279.82011717803,95.57060834861
1676,7.10919311714,13279.84646883149,44.96248515232
1677,9.61892901083,13279.85622870314,86.03431655581
1678,8.69192570249,13279.86501258763,74.26384575607
1679,6.19111581999,13279.88323227683,101.35293407625
1680,7.08475807454,13279.93022383627,82.31745010380
1681,10.11668082631,13279.94992347103,91.05012743676
1682,7.22520576591,13279.96025492297,95.85318623449
1683,8.34533399443,13279.97822709882,66.23903507112
1684,6.78404774736,13280.00980978795,115.52817021471
1685,7.43356004042,13280.02507448277,47.59800846524
1686,6.75764096693,13280.07145006079,84.13195155753
1687,9.21123997477,13280.07972976401,75.39724865989
1688,7.90255169470,13280.10998536615,116.14331590783
1689,7.71731264085,13280.13143720501,105.25011200836
1690,8.95062854768,13280.15488077576,78.54144675068
1691,11.18158057506,13280.18318440356,106.07778737369
1692,7.66279273435,13280.19099230088,104.22524939083
1693,9.08854602345,13280.19587223669,69.81044664233
1694,6.53385288068,13280.23881567198,82.38874996711
1695,10.68949282874,13280.25150350513,112.62079523718
1696,6.46560120111,13280.25931140246,72.86362507632
1697,7.77897689825,13280.28273509443,53.89433287468
1698,10.66273127907,13280.28761503025,101.71597361280
1699,11.29986433467,13280.30225483773,113.56223109897
1700,9.61252638632,13280.32275056820,77.49866533887
1701,5.81526360659,13280.32843382763,85.26850253785
1702,6.68131690141,13280.38276534804,80.73065928386
1703,6.84316204619,13280.39100010309,87.63523351728
1704,11.38760602615,13280.42913316923,129.33834180114
1705,10.90470122126,13280.44377297672,93.80578684517
1706,6.24709852026,13280.44812587465,71.50131068557
1707,10.94773050501,13280.47793252750,107.82264099621
1708,10.25286188930,13280.48964437349,91.70438459360
1709,11.63121091485,13280.49940424514,109.72862431369
1710,7.33347574840,13280.50868543548,89.81636812327
1711,9.27661055678,13280.51502003979,85.02154013814
1712,7.49154291507,13280.56143009391,98.82023807510
1713,5.74677382160,13280.57260328254,61.08904367637
1714,9.84862142585,13280.57748321836,82.39947863473
1715,7.40945329576,13280.63064470324,99.95898990019
1716,6.88637702991,13280.63714176207,86.83391035249
1717,6.89819551498,13280.68030515137,125.50166752324
1718,6.54985839501,13280.70009753799,72.64144364162
1719,8.89319227903,13280.71314543436,68.88637118260
1720,10.95500356572,13280.73949708783,115.41812442966
1721,12.47891140767,13280.75413689531,119.69351341107
1722,10.06050500504,13280.75999281829,93.83814364750
1723,10.23886661851,13280.76487275412,92.14979956663
1724,9.26297317071,13280.80196026640,76.38443358024
1725,8.17426583246,13280.81367211239,59.50955352448
1726,5.74161077454,13280.82016073568,93.11327938221
1727,11.89624205928,13280.85173561184,121.90020668140
1728,7.80746940288,13280.86871680008,100.28876033082
1729,11.76407429131,13280.88394318830,105.22107923087
1730,9.99562910123,13280.89175108562,101.93581567559
1731,9.18995878729,13280.89858299579,77.43596915101
1732,11.63998740359,13280.92981458508,123.73476335856
1733,11.06624982223,13280.93957445673,108.98992089827
1734,9.88700182140,13280.94738235405,94.83279001224
1735,7.63065742803,13280.96152221916,102.94319679654
1736,9.64135800273,13281.00008566098,77.13086402185
1737,8.01041509134,13281.00990523754,106.57164134332
1738,9.70498069360,13281.02936527594,94.09327884995
1739,7.13210745480,13281.05884146204,91.05665241883
1740,10.14116149006,13281.06450081390,98.84381546113
1741,11.69891208168,13281.08890049303,124.36114127861
1742,9.20601180169,13281.11134819783,73.64809441349
1743,8.19844458800,13281.13052517730,121.32590041743
1744,11.25713295117,13281.14843571012,101.31419656056
1745,11.67197601967,13281.15526762028,120.73585875705
1746,10.97490117135,13281.16502749194,99.98610815922
1747,10.95636062583,13281.17673933791,106.78939378755
1748,7.22161082423,13281.19576657002,97.15683704350
1749,12.04099612248,13281.22846665769,129.12529797250
1750,11.45800217440,13281.24115449084,120.71754360894
1751,6.06126676864,13281.26780851913,99.22721349146
1752,9.55101932004,13281.27629002878,90.10413605712
1753,10.22132617251,13281.30849760525,86.73082859165
1754,11.68908299399,13281.32801734856,120.34647519342
1755,7.04250553551,13281.34108092011,80.29691742718
1756,8.58517433243,13281.36900880950,69.21588828211
1757,10.95513201585,13281.38364861698,116.45465072627
1758,10.86771087881,13281.38560059131,107.03453907646
1759,10.70080179257,13281.40219237313,100.95116220903
1760,12.11503445452,13281.42854402659,117.45961699414
1761,11.04993724769,13281.44708778273,104.24489950507
1762,9.77977460101,13281.45977561588,81.23690907468
1763,11.44972131780,13281.48417529501,128.52280303575
1764,7.21568166311,13281.49881510250,93.24715722846
1765,6.87564118366,13281.50967698064,122.41731092702
1766,8.96630823395,13281.55151840943,68.28536910702
1767,11.32671410256,13281.56127828108,112.12874890679
1768,10.25213786715,13281.57299012707,97.79916209803
1769,11.20098045473,13281.58177401156,116.94166914769
1770,8.69363710997,13281.62374145967,67.34062348980
1771,7.96630819562,13281.63545330565,108.35350598628
1772,12.51541464132,13281.65302107463,155.81565571159
1773,10.67644374110,13281.67742075377,95.49301585222
1774,8.79845230564,13281.69748690425,134.59043998766
1775,10.45633940627,13281.70865234305,98.64490866910
1776,12.02189238875,13281.71938820188,126.65849566191
1777,6.29108069674,13281.76134570898,107.86956346382
1778,11.75624862115,13281.80332309809,133.00676994130
1779,10.99399455226,13281.81893889273,113.19010168213
1780,7.73714694531,13281.82927497249,104.66618385202
1781,12.48894738240,13281.86578627668,127.97362894609
1782,7.72705316546,13281.88767173298,105.09928574941
1783,10.31403437178,13281.90384977613,92.82630934604
1784,8.08617620645,13281.92669922842,114.92615724727
1785,10.30832030481,13281.94874518574,89.27267254315
1786,10.77581798213,13281.96143301889,105.58102246932
1787,12.74817409564,13281.97997677503,147.01911572574
1788,10.69795117517,13281.99852053117,120.08420411380
1789,10.38006497593,13282.02487218464,97.92533713246
1790,10.46101968844,13282.05415179960,94.14917719593
1791,12.85496212246,13282.05805574827,142.56842670761
1792,12.76928250562,13282.07367154290,147.81513165075
1793,12.31401283327,13282.10587911937,136.56900886775
1794,8.16103366740,13282.12027572072,111.89845601183
1795,12.07002132478,13282.12442287551,126.01472219981
1796,13.57470471920,13282.16736631078,159.46667342575
1797,13.26546875065,13282.17907815677,160.28726877539
1798,11.45958366458,13282.18591006693,115.16739049881
1799,6.64957616086,13282.19957388725,80.89558542727
1800,12.52209865598,13282.24349330968,155.39515768358
1801,12.24897573112,13282.24446929685,129.63097439928
1802,9.51214975522,13282.26203706582,81.27184313459
1803,12.56267004712,13282.27179693749,127.49717607622
1804,9.21454240470,13282.30637471376,144.52445040584
1805,11.64535089043,13282.32547623158,122.13747053932
1806,11.61715905955,13282.35573183370,112.03182480518
1807,8.77960657428,13282.36800904209,148.21681789111
1808,12.18612779564,13282.38598743583,130.68166177754
1809,12.76868982759,13282.42990685827,139.28996141022
1810,11.45785778755,13282.43869074277,114.00424554770
1811,7.58264245354,13282.44650897176,108.56691783660
1812,13.25579260223,13282.47382628071,159.06951122676
1813,10.88693296014,13282.49139404970,104.42379256487
1814,9.34147400379,13282.51236917602,154.62890874080
1815,12.61123763640,13282.53140952347,136.99310616658
1816,10.59410711807,13282.56849703576,96.51690922955
1817,9.27785435823,13282.57626481711,143.43214764027
1818,12.29346239431,13282.59192072773,141.77512456758
1819,12.50362902444,13282.63193620151,152.11321224521
1820,7.82582812613,13282.63825147952,115.81168034052
1821,13.89144277517,13282.66999970096,168.99669520918
1822,15.32857648890,13282.68073555978,185.21589442512
1823,12.01152653608,13282.70025530309,134.29294924107
1824,9.26424202564,13282.71889732943,152.78979365196
1825,12.35601824783,13282.76271848167,146.71958750837
1826,10.21102611449,13282.76857440467,89.60139051341
1827,8.59122851540,13282.80999585954,121.80168590038
1828,8.01603214640,13282.82806018045,113.64686993394
1829,12.87736771576,13282.83786949341,147.38821020217
1830,7.73502152168,13282.88954095475,163.71954665682
1831,12.24968567284,13282.90423662065,145.45695813798
1832,10.22921750926,13282.93742018428,93.19260668473
1833,11.22331958782,13282.95303597892,114.45585117116
1834,14.24861415237,13282.95498795325,166.16596738136
1835,9.59439393856,13282.98766502055,170.55367728441
1836,11.46656277406,13283.01257119601,115.80660736263
1837,10.64927140645,13283.01842711900,110.15691997893
1838,15.21646441391,13283.05063469547,171.48084509935
1839,13.98684871461,13283.05453864413,167.84218457530
1840,13.35562846230,13283.06429851578,155.17837983791
1841,13.01175641289,13283.07991431042,148.92635914516
1842,7.21707589744,13283.11696845603,147.02301374752
1843,11.74975507252,13283.12773768153,126.54873501793
1844,8.99109463353,13283.19262122962,144.41836427180
1845,15.64164417968,13283.19898474461,226.66895873758
1846,11.36354090773,13283.20581665476,113.06580444240
1847,12.72763560488,13283.24778410287,129.79692462239
1848,7.67298082196,13283.26041027273,151.91726959152
1849,15.05382939955,13283.27511174349,203.64442949690
1850,10.43883856878,13283.32102229158,181.10708034246
1851,9.25299929310,13283.32585217923,161.06598884669
1852,10.08627491590,13283.35514269107,88.50670318849
1853,14.53047088427,13283.36978249854,185.51263356259
1854,10.29763954800,13283.39109869342,188.47775037735
1855,10.65239651580,13283.42931771563,97.63082673264
1856,13.30166097859,13283.44200554878,161.27406847987
1857,9.20643189985,13283.45026891453,155.96684727766
1858,15.30013632419,13283.45762134344,204.12927897274
1859,14.10112113364,13283.49958879154,182.22664480437
1860,6.88767484493,13283.51226947031,173.15346064787
1861,10.75750822684,13283.55619604714,97.41338012070
1862,9.93869509730,13283.56622283395,164.81461271748
1863,13.13759912789,13283.57669177761,145.10952526659
1864,14.29056264661,13283.62256317438,177.34121866199
1865,12.49008491138,13283.62451514870,143.50015046799
1866,10.27577765639,13283.64064717245,197.39124291027
1867,9.98556264791,13283.64501087918,91.51919338153
1868,9.77082576681,13283.68945378053,175.33119986249
1869,14.11575350828,13283.70064214761,175.73971392803
1870,15.85948890459,13283.70747405776,210.39989625329
1871,10.42317910250,13283.73865031443,184.99307749177
1872,13.25712937677,13283.76115335186,145.82842314443
1873,10.89216719543,13283.76505730052,202.60602150417
1874,15.35864241450,13283.77969710801,209.46395586799
1875,9.26107971270,13283.80984395327,153.57763280304
1876,10.84272682293,13283.82955250801,208.56401471479
1877,15.27788546224,13283.87339187588,210.03619976880
1878,10.25387840423,13283.87631983738,96.18990573305
1879,8.79419454191,13283.89221022548,222.82482941864
1880,12.70011401501,13283.90657543951,156.57752134689
1881,16.22630631943,13283.93390308014,221.89140167292
1882,11.70847656545,13283.94951887478,119.40350096340
1883,10.38214748240,13283.95637962567,184.26483847744
1884,16.17261087225,13283.96513466943,232.68335110621
1885,8.88380992902,13284.01744782216,225.44582227790
1886,18.26509848514,13284.05199752714,253.74685766653
1887,8.34133812824,13284.05590147580,124.56274143833
1888,14.74448290726,13284.06566134747,194.49308743303
1889,10.91685331236,13284.07982643785,215.86679995126
1890,16.34843083759,13284.10274885975,213.78347371960
1891,10.64883713006,13284.13935129704,193.73861093143
1892,9.83018905253,13284.14663531215,170.83047232911
1893,15.59397089862,13284.16813999983,206.87740184982
1894,12.77836012253,13284.18961171747,148.47112783920
1895,15.19174864839,13284.20229955062,227.87622972583
1896,10.80072696627,13284.20622342763,212.74964809368
1897,15.36348666089,13284.24914693456,189.41378461358
1898,10.67205126581,13284.25937044241,197.07207634024
1899,13.58433061967,13284.26671470353,146.93700177622
1900,14.52084335821,13284.28233049818,206.37996063188
1901,9.38251022894,13284.31160680333,156.71881825970
1902,15.74708231296,13284.31649004897,218.76545903009
1903,16.84092515347,13284.33210584361,232.13613334568
1904,9.56989211449,13284.36626539440,182.07961527876
1905,8.38659024405,13284.38085278792,118.90043767892
1906,15.00342004141,13284.38968908637,225.55086017179
1907,15.99374661233,13284.40920882968,202.30667045829
1908,9.67544767113,13284.44152487930,161.61183821323
1909,14.94747667227,13284.45312825212,171.73343230308
1910,11.21412230080,13284.45800818795,125.87821062896
1911,11.10806136799,13284.46484009811,111.08061367988
1912,13.53998420331,13284.49021576441,155.56257497814
1913,9.46385665072,13284.49859391873,183.02227714630
1914,8.57314007090,13284.52730327670,125.70690949664
1915,11.37203998532,13284.53999110984,99.78924588320
1916,8.07697975919,13284.57167092191,116.76754182705
1917,11.77627307459,13284.57610263496,126.28645954987
1918,10.85115440652,13284.60831021142,102.36958593211
1919,10.42356883904,13284.61807008308,107.31720951584
1920,12.50035103822,13284.63075791622,129.90745866387
1921,10.51044879042,13284.63856581355,94.00831187768
1922,8.18526454245,13284.68248523599,49.11158725468
1923,10.75845747945,13284.68931714615,107.58457479447
1924,6.55853705716,13284.70492066381,75.63673914116
1925,8.80923086667,13284.72640465844,74.22789866907
1926,8.04331869832,13284.74202045308,69.19124366948
1927,7.14021134917,13284.76785906446,88.31953674559
1928,8.32016826357,13284.77813197820,51.95943415234
1929,10.54718663258,13284.78398790119,93.15023015147
1930,4.36034637200,13284.82720745894,69.62914780017
1931,9.19330521107,13284.85425897710,72.96959794563
1932,6.70530607446,13284.89031983937,86.39182545625
1933,7.80431160289,13284.89525043804,48.10900772836
1934,7.14987886654,13284.90403432253,43.49101526556
1935,9.89179850984,13284.92355406584,82.16744954899
1936,6.57890791091,13284.95283368080,76.72259109825
1937,6.10290320217,13284.95658940320,70.64621210178
1938,10.07718539829,13284.99772909041,87.27098553563
1939,5.03667015528,13285.01653507866,64.10634518515
1940,6.47803151383,13285.06703476513,75.54618026085
1941,6.66018779623,13285.08263997380,81.57030845937
1942,7.78948956432,13285.12753538341,54.52642695022
1943,4.81229400356,13285.13953446408,63.66066584571
1944,7.34779881026,13285.19097454916,47.61917879339
1945,9.37400885488,13285.20268639515,78.98680258628
1946,6.01427293819,13285.20514277141,67.24161562516
1947,7.87728248153,13285.25636568924,55.14097737070
1948,4.71493528202,13285.26905732035,78.61368131823
1949,8.87291616479,13285.31492491915,70.98332931835
1950,6.57463372946,13285.33105256844,71.72078661390
1951,8.39071295815,13285.33444466247,69.69849648506
1952,7.09955757146,13285.37153217475,44.33672282328
1953,7.16562756843,13285.37796550976,84.17706425167
1954,7.67661297598,13285.39690784105,53.73629083189
1955,8.89736122086,13285.41057166137,64.15978419626
1956,8.01574982357,13285.44277923782,57.80239400032
1957,6.05556275703,13285.45303194559,66.61119032734
1958,8.41998731930,13285.46815490413,67.35989855444
1959,7.03800355684,13285.49157859610,44.51224283998
1960,4.80563215723,13285.50852688297,65.36366406241
1961,9.27732326669,13285.51793024956,86.03435663467
1962,9.37905582044,13285.56282565917,73.85075938095
1963,6.00898524003,13285.56673860143,61.27986599162
1964,7.54596769263,13285.58039342815,49.48221925079
1965,8.91540513305,13285.59698520996,72.42909369381
1966,7.42602290303,13285.61552896610,45.17073386371
1967,11.47668593491,13285.63212074792,114.19158324850
1968,7.11984019092,13285.64676055540,46.14183809144
1969,6.04431534155,13285.65781425625,67.57749990573
1970,8.64414136076,13285.69946386232,65.26183610884
1971,6.42916085470,13285.71065216373,66.19226227693
1972,8.93453429791,13285.74728723342,75.81203746558
1973,5.39844365954,13285.76914820845,74.80302960092
1974,11.15426946040,13285.77949480989,109.28907452595
1975,8.28680732343,13285.81365436067,64.72203421215
1976,9.25693070063,13285.83024614248,86.34290151293
1977,7.70197064417,13285.83415009115,51.66638976318
1978,8.18999054410,13285.85952575745,57.91197851585
1979,5.74420854447,13285.87173781998,56.28151964038
1980,8.48136558180,13285.89270932107,61.74527344667
1981,8.00667765938,13285.89661326973,58.28949320831
1982,8.32966057122,13285.93272479485,68.68814072135
1983,5.80527433940,13285.93826326288,61.71091271074
1984,9.10503685931,13285.95419651249,70.52731224544
1985,8.56743838391,13285.97274026864,62.37189290447
1986,8.10630425579,13285.99128402478,61.73577393918
1987,8.94221851256,13286.00982778091,71.53774810046
1988,8.96689064561,13286.01568370391,65.89291998324
1989,6.51703196906,13286.02843746566,79.01481339474
1990,9.69134372018,13286.06936299801,83.36809095568
1991,5.02664332428,13286.07962846828,66.30597937635
1992,7.90369772748,13286.08400280549,53.01961617674
1993,9.35943950429,13286.09571465147,76.03644597871
1994,4.72793579408,13286.14153701834,59.61700196086
1995,6.21818667088,13286.14922534768,70.35075138655
1996,9.84876819418,13286.18452948352,77.54927831030
1997,9.73600829761,13286.20990514982,97.84567243720
1998,4.86853583739,13286.21967291571,62.34767964242
1999,7.92092889942,13286.24796864927,48.82788502412
2000,5.35436283961,13286.27139234125,27.82208544108
2001,7.65408169488,13286.27529628990,55.72255584025
2002,9.81726702456,13286.29774399471,86.70375472184
2003,8.71717059808,13286.30457590487,70.28007619761
2004,5.29735857388,13286.33024861889,72.82663994445
2005,9.23923173207,13286.35239927597,81.07392941580
2006,5.76938324605,13286.37777391158,60.50980196940
2007,6.66289132376,13286.39241474975,72.37752588678
2008,5.52739510450,13286.39483820860,56.09693355302
2009,9.91276068487,13286.40607857007,77.42113592638
2010,8.54148132858,13286.41974239038,65.04998378645
2011,9.70836729585,13286.43926213368,91.58855389214
2012,4.44573134823,13286.45713488738,50.88372103038
2013,8.51757026896,13286.47927760747,68.14056215170
2014,5.34683380891,13286.48889393365,53.73501474630
2015,8.91895188571,13286.49782136361,72.45790764864
2016,6.71068586954,13286.52002166897,83.00659998133
2017,8.99085908916,13286.52905295290,67.87949755399
2018,9.96642646037,13286.55150065770,85.73444216217
2019,6.81339529489,13286.55586228353,81.76074353869
2020,8.50963162850,13286.56906842668,65.91532315908
2021,4.81367618274,13286.58044547788,64.22245054357
2022,8.35163208940,13286.58468422133,56.02445122491
2023,6.95903751003,13286.60699748883,83.21798506591
2024,8.29664729308,13286.63055561811,56.27059969526
2025,8.87381457483,13286.63543555393,65.80997022459
2026,3.73677060997,13286.64639286447,63.63491047807
2027,8.82665035367,13286.65593128441,70.05936523659
2028,7.97863448025,13286.67349905338,53.52230719636
2029,8.60360475904,13286.69399478385,63.80604059758
2030,3.86853056259,13286.70843505946,64.96367521364
2031,5.96553161269,13286.71351452717,66.96292627396
2032,9.64430711696,13286.72913032181,84.62845149243
2033,7.60966120163,13286.73498624480,53.26762841138
2034,4.12010579344,13286.75595178676,61.66409710530
2035,4.38907260150,13286.76814655747,68.83991387345
2036,5.36750018187,13286.77691910289,73.59545462903
2037,8.57955130639,13286.79940139771,64.77419189218
2038,5.65709708551,13286.80829260731,59.60121613916
2039,5.02224318605,13286.82058750620,69.59024292969
2040,10.54041640307,13286.83258496134,82.32328379600
2041,3.90455105038,13286.83645027298,67.06286660279
2042,6.26293145743,13286.87649564652,71.13322744557
2043,5.90294946836,13286.89159433129,55.05904722265
2044,4.32440616089,13286.89870485348,71.31993347764
2045,8.45177683895,13286.91066393457,61.52986414721
2046,6.04433727159,13286.94238871411,66.48770998749
2047,9.09494562193,13286.94384749819,68.66533364338
2048,6.40914392343,13286.95801099488,69.02859260063
2049,6.23806027598,13286.96925881087,71.94082060204
2050,9.19066579627,13286.98483895914,81.16976251498
2051,8.95865979858,13286.99947876662,67.63639824119
2052,7.86854974064,13287.00533468961,55.63904879709
2053,8.56720284571,13287.02290245858,64.68096305852
2054,7.28488233112,13287.02583042008,47.21143340638
2055,8.90235449328,13287.03363831741,68.95734138901
2056,6.58908096012,13287.04876128519,77.40417514616
2057,9.14110170351,13287.06974984253,65.91742181245
2058,5.22731319238,13287.08098576209,49.59064719292
2059,5.56461467202,13287.08816575470,55.08687476985
2060,6.69418659360,13287.13221302110,41.26573757610
2061,8.82666404248,13287.14294887993,77.95498607061
2062,5.81474392501,13287.15121390965,59.01320557368
2063,8.75879960278,13287.15856467458,72.22691183178
2064,7.01756944453,13287.18686830237,44.38300616626
2065,9.47286538967,13287.19858014836,86.30191093672
2066,5.37322863535,13287.20984255707,53.46294988871
2067,8.91921742090,13287.22395581466,64.31739149611
2068,5.05396818667,13287.26585525158,63.72811400520
2069,6.40722158283,13287.29705100566,79.76926540834
2070,5.91788741963,13287.32793425028,62.06732688185
2071,8.52626223088,13287.33717032584,66.04414325120
2072,9.69750060350,13287.37328185096,76.97152480726
2073,9.10027734220,13287.37620981246,61.04651625380
2074,5.04835363362,13287.39738159282,48.15822433725
2075,7.86679899057,13287.42305719639,64.39252492323
2076,8.27018182162,13287.43672101671,62.98382829767
2077,9.97346297911,13287.44355292687,75.95563112865
2078,5.62847918425,13287.45817451293,49.06794393998
2079,5.85239125456,13287.50808838312,66.47038707677
2080,6.15019285029,13287.51821238613,75.82466985462
2081,9.10248730931,13287.57043125837,63.71741116515
2082,6.24567163491,13287.57819551789,61.51273180895
2083,8.90734628125,13287.58604705302,66.65647601961
2084,5.53920878453,13287.64951493620,84.00626054338
2085,6.98587323188,13287.65339016744,47.89273395996
2086,6.39253839556,13287.70316551286,36.72233728369
2087,5.25518150938,13287.70648533767,73.75998739985
2088,4.95848492628,13287.76977215180,87.30313600829
2089,5.61590134082,13287.82972975577,52.38164053056
2090,7.45637956787,13287.83687575452,50.01891473938
2091,8.73957005823,13287.84468365184,62.41301406707
2092,7.04007156968,13287.88274715130,41.64962508497
2093,5.29691376940,13287.89823782751,76.94211685661
2094,8.66415059686,13287.94228236839,65.41290252855
2095,7.86783902415,13287.95301822721,58.87751600533
2096,6.26332122006,13287.95979845313,73.31029532523
2097,5.78723992007,13288.00131054618,59.30156253180
2098,10.40874051504,13288.02036134161,94.25515416661
2099,9.82079769088,13288.02524127744,83.90893225287
2100,6.35265761023,13288.05256891807,37.04204092967
2101,5.60771460878,13288.06679430412,55.79605586612
2102,9.43046488057,13288.08868044319,82.75199348359
2103,9.73955447539,13288.13259986564,72.23046916539
2104,8.40837481874,13288.13455183997,62.35817660966
2105,6.09771283001,13288.15114362178,71.89097401103
2106,4.72227814051,13288.19701501855,43.02200134132
2107,6.65284606798,13288.21022744572,66.86027550971
2108,7.97141642036,13288.23507851800,60.18287418834
2109,9.05536076126,13288.25069431265,66.54303990573
2110,10.48722028988,13288.27021405595,88.98701499325
2111,7.83739061697,13288.28094991477,54.29903498944
2112,7.98782424044,13288.31608545273,62.38690168507
2113,6.89815577667,13288.32486933722,44.70515888585
2114,5.25089099973,13288.33621733164,54.06123164381
2115,7.80757681305,13288.36000487517,49.99288432725
2116,6.78591927495,13288.38834892214,77.96427677855
2117,8.95793517723,13288.39611640029,70.53485212040
2118,8.16835790109,13288.40392429761,60.02492668233
2119,8.51994456813,13288.43808384841,69.73875188698
2120,6.14190750226,13288.45598184030,64.70901082589
2121,10.12784441201,13288.46541148903,87.12301188614
2122,9.16161316914,13288.48200327084,87.39621950259
2123,7.80231656921,13288.50933091147,57.86352833643
2124,5.89829129368,13288.52153643984,62.69969649775
2125,9.54178996052,13288.55813026974,72.03893441809
2126,7.35104318590,13288.57569803872,46.49207929143
2127,5.72298724927,13288.58546798626,58.64316857752
2128,7.13371570303,13288.59521778203,48.38321390374
2129,6.81781071731,13288.62644937132,36.71503433654
2130,6.94194356072,13288.64911675716,82.43101258887
2131,8.03289254165,13288.66353688361,57.36632716039
2132,8.95851445740,13288.71136025472,72.77931550043
2133,6.11132936656,13288.71948799967,68.32673948264
2134,5.47707240527,13288.75723165148,56.65527749628
2135,6.91693828944,13288.76894349747,39.73478532593
2136,9.34468057015,13288.78260731779,75.91654383092
2137,8.82306888955,13288.78553527928,70.03093824640
2138,9.31859753448,13288.81188693275,67.84041406503
2139,4.57633029102,13288.83848062213,58.06712174831
2140,9.93550704391,13288.86459023967,88.86587656445
2141,5.15147414060,13288.89849832391,67.36426556735
2142,4.70138187993,13288.95960180221,59.46829956332
2143,5.95056928242,13288.96901107425,69.90336129481
2144,5.62384559193,13289.02270016047,55.95655712200
2145,6.46034950951,13289.06980496050,71.64874207935
2146,9.87415780342,13289.08125939039,83.20113253564
2147,8.65924074000,13289.08906728772,63.04022414492
2148,5.88430686610,13289.12428469026,62.82720486835
2149,6.09014846827,13289.14917134383,62.10757176075
2150,8.35462718465,13289.19154594007,59.07613536553
2151,4.71063443275,13289.20794675566,62.13753580622
2152,8.07883725595,13289.25986504166,54.79334014979
2153,4.81817804761,13289.27578642429,62.63631461897
2154,4.66695815297,13289.33707229778,79.06328503952
2155,6.62483858314,13289.39750837201,79.22154715815
2156,5.61637449290,13289.40583034095,55.59927085453
2157,4.85553517015,13289.46025831349,64.78091909172
2158,5.63480668252,13289.50627333683,57.73958665146
2159,5.27121345539,13289.51833618798,45.95337352374
2160,7.29538724360,13289.56437303725,48.39212437474
2161,8.98176635276,13289.57998883190,72.41331537098
2162,6.56281845638,13289.58886968297,79.29883712478
2163,6.15107600868,13289.62825804882,66.24911609587
2164,6.40213552406,13289.64625536061,77.88534015933
2165,8.35395517560,13289.68539544577,66.30746357523
2166,9.57772252344,13289.70198722758,70.38159924117
2167,8.65777506945,13289.70881913773,63.62139368383
2168,9.67325888318,13289.72443493238,72.38804110888
2169,9.02054829709,13289.74981059869,74.93030174125
2170,6.40314297893,13289.76737836765,33.27170690288
2171,9.88730591931,13289.77323429065,88.98575327383
2172,8.58129866732,13289.81032180293,69.18464167105
2173,7.75976439937,13289.82691358475,54.86982027201
2174,6.17568912667,13289.83526194951,66.51420748950
2175,9.66991650198,13289.85424122538,78.55877303169
2176,4.91096847875,13289.89783750980,63.08253229602
2177,7.05771614234,13289.90694453231,45.19143329193
2178,8.10603666795,13289.94110408310,57.88868070329
2179,7.45159698032,13289.94793599326,49.98683216680
2180,4.86895231159,13289.97637370684,65.86596602269
2181,8.93682719850,13289.99966331301,74.23486206586
2182,4.83123604216,13290.02702900138,60.72769539358
2183,7.27278203907,13290.04651069696,52.94665244522
2184,9.88555343354,13290.08164623491,83.88170242365
2185,7.10901790971,13290.08952558220,83.81408505764
2186,7.72411865128,13290.09823801673,57.28359705579
2187,7.43770483520,13290.12946960601,50.44496850939
2188,6.87732695510,13290.15002195744,78.71460482149
2189,6.99827928925,13290.15874922098,48.48550117818
2190,9.39408739285,13290.18998081028,78.59657407366
2191,6.57788592600,13290.21192277248,75.28734559316
2192,5.81003744282,13290.24021585832,62.30571029212
2193,10.00997033485,13290.25829991185,86.10902073385
2194,7.04611891487,13290.27098774500,80.64651710324
2195,9.73586921490,13290.29343544981,79.69152406476
2196,5.57291117497,13290.32911281141,58.18290081357
2197,5.89821677319,13290.33443946721,67.25001816698
2198,6.31080524767,13290.36761047437,66.48845899116
2199,8.57938655976,13290.38615423051,64.77294808237
2200,5.82388563306,13290.39734338266,58.81836171159
2201,9.43360730191,13290.41055390966,73.07240794991
2202,6.72260568376,13290.42324174280,39.19919035003
2203,4.76667374658,13290.44918433637,66.22074804034
2204,8.19767382834,13290.45935326792,64.02587936097
2205,9.08980714206,13290.47984899839,60.29495941379
2206,6.10804963133,13290.50912861335,35.08807375536
2207,5.13582625658,13290.51608505373,64.14644938494
2208,7.77269019188,13290.52864835666,62.18152153507
2209,8.65795781163,13290.53450427965,65.93704225353
2210,9.94222426730,13290.55402402296,88.92595723694
2211,8.70310870806,13290.57451975343,71.23801498740
2212,5.91583811271,13290.59035665332,60.90728118242
2213,9.36719008715,13290.59403949673,86.86774724304
2214,9.22320399442,13290.61355924005,82.49484440751
2215,8.25238812602,13290.63112700902,58.93383916653
2216,9.40501707548,13290.63795891918,78.68801835921
2217,6.70331307945,13290.64817556541,72.19689137335
2218,6.78482588287,13290.66723853415,46.01692801568
2219,7.39388072679,13290.67992636730,46.76300768855
2220,7.59250133426,13290.68871025178,45.55500800558
2221,7.88523962922,13290.70042209777,52.89579548946
2222,4.21101425923,13290.70988136005,66.04717789948
2223,9.70989520958,13290.71798986675,79.47891766830
2224,8.53566988623,13290.72384578974,66.66571296257
2225,10.05142192818,13290.75605336619,77.85797946712
2226,4.61519112467,13290.76340472751,80.86468115919
2227,3.38783056020,13290.77714928898,68.09455151082
2228,8.40218606396,13290.79704482715,67.21748851171
2229,5.07439667943,13290.83706030092,47.33082129477
2230,8.31167468717,13290.85658004424,58.77241534317
2231,10.53511187822,13290.88781163353,94.22890524108
2232,6.01146032853,13290.89950855291,68.27706446029
2233,9.02803079348,13290.94637086345,73.34406888444
2234,7.10707165360,13290.96198665809,46.05908851197
2235,8.21125093171,13290.96296264526,53.21498809797
2236,8.57556908708,13290.98931429873,64.74412679568
2237,6.47677271417,13291.02769602180,77.45093688986
2238,8.84236510040,13291.04689754148,59.31638833909
2239,5.25286950874,13291.08696279204,52.00075510450
2240,8.41024244466,13291.09960084842,59.46939464041
2241,5.38519600527,13291.13961632220,26.92598002637
2242,9.44910608788,13291.14937619384,80.17832389069
2243,9.80702821463,13291.15523211684,77.22061738268
2244,7.98292613546,13291.16889593716,54.72818428523
2245,6.89222733669,13291.20012752644,40.77496680712
2246,6.61336074219,13291.21472827149,81.53498713171
2247,6.65695117275,13291.25673478204,37.65740253024
2248,6.39038931265,13291.27916843253,73.41998348459
2249,8.63438340130,13291.28503840983,66.32195734836
2250,8.16152202078,13291.32212592212,62.68984016606
2251,9.73571443771,13291.33871770393,95.88566709592
2252,7.48169906668,13291.34359763976,50.18876310089
2253,6.03988633907,13291.35628547291,32.52578335228
2254,7.82374008935,13291.38068515204,56.95768759561
2255,9.89099244787,13291.39825292102,77.25112056037
2256,8.06342590644,13291.40606081834,54.68881529194
2257,9.27758420337,13291.41777266433,74.79827512908
2258,4.59359248595,13291.45671224354,55.88346450599
2259,6.83743208840,13291.47535590709,41.59047571079
2260,9.25957129412,13291.48316380441,72.90993727984
2261,6.82544580244,13291.51341940654,44.75744125045
2262,3.24131853228,13291.52637178799,62.93502186414
2263,8.48467587681,13291.58857041829,67.34502697507
2264,11.13721488616,13291.65103359686,113.03038621679
2265,7.40553234295,13291.69397703213,43.81172017721
2266,8.73023027505,13291.71837671127,75.60601199081
2267,11.73876167142,13291.77595995402,113.20451792569
2268,8.13468925009,13291.83939911978,64.56709424556
2269,8.50490845622,13291.89600637537,53.78976402578
2270,7.61225474981,13291.97018139995,52.18698929498
2271,9.80806289773,13292.01507680955,89.35570556986
2272,10.73881610463,13292.06387616781,97.83527083984
2273,8.07255332715,13292.14000316671,62.00645866325
2274,6.90611390877,13292.15269099986,46.32762048112
2275,11.44956823510,13292.22101010144,100.46955351404
2276,9.51253538913,13292.25907360090,79.01705346019
2277,8.04245866064,13292.33617658695,57.99499416346
2278,10.66037120783,13292.40742365003,111.29754290850
2279,10.51575496751,13292.46500689278,89.84664982725
2280,7.79939082150,13292.52942204570,53.46992956572
2281,8.06383450041,13292.58993324996,58.14913753617
2282,8.28650490990,13292.65825235154,61.45436517609
2283,8.71228541277,13292.71485960714,71.31312955278
2284,8.58014778399,13292.77829877288,60.67080681641
2285,9.20108066154,13292.83295405415,80.21316155008
2286,9.73382011824,13292.90908105304,80.85518247156
2287,8.30775805182,13292.96471232147,59.90809527995
2288,8.81967754634,13293.03791135887,75.35535798842
2289,11.80185845919,13293.11208638344,114.42326306539
2290,7.34512951093,13293.17064561337,55.45451171313
2291,11.73551009244,13293.21749299730,106.26956367953
2292,12.07655433836,13293.28874006038,129.50661735622
2293,9.23097052161,13293.34339534164,76.67820001271
2294,8.72655240934,13293.41073845605,68.15655312682
2295,10.13228418405,13293.46636972448,91.19055765648
2296,6.84471151286,13293.52883290306,42.19363549613
2297,9.48721911780,13293.59715200464,86.43267962353
2298,8.49833174583,13293.65473524740,63.59569150410
2299,10.03290101642,13293.71719842598,85.13198812418
2300,8.56225645333,13293.77575765591,64.07406021211
2301,8.07297501371,13293.82260503984,54.75358048852
2302,8.92186837110,13293.86066853930,70.81513481992
2303,8.47908996767,13293.92605967937,67.30069019583
2304,9.01135678145,13293.96802712749,79.07433483927
2305,9.19233902195,13294.02561037025,64.99965257383
2306,8.86713794451,13294.09392947182,78.81284597594
2307,10.51261443898,13294.15639265040,87.95484275463
2308,8.71585057354,13294.21397589316,66.94771857198
2309,8.98777269550,13294.28034302041,70.19674878218
2310,7.44355194159,13294.29791078939,57.65750541280
2311,10.03939846966,13294.35744600648,75.79579627564
2312,9.45860325265,13294.40526937758,81.36598175119
2313,8.76694116118,13294.47163650482,78.41390556453
2314,10.01253953060,13294.52921974759,81.95616820025
2315,11.84148426399,13294.59949082350,115.41651185843
2316,8.18557056107,13294.66878591224,59.59185319102
2317,9.47710169557,13294.72929711649,82.61945713732
2318,8.30948350525,13294.79956819241,58.75692134717
2319,8.68862441582,13294.85031952500,68.41429706450
2320,9.55695135760,13294.90692678059,81.65462819316
2321,10.67081259349,13294.97329390783,102.35083883049
2322,9.11163178514,13295.03087715059,72.89305428110
2323,9.81219083761,13295.09529230351,88.85316708351
2324,8.43710468042,13295.15677949493,62.57124296643
2325,8.34127993831,13295.22705057084,61.29563895173
2326,9.99485777275,13295.28658578793,88.83623905761
2327,10.35922047756,13295.38223253014,95.50729373572
2328,10.07027065557,13295.41932004242,87.21110210708
2329,9.79948038942,13295.47495131085,85.42988943336
2330,9.14020204371,13295.53058257927,77.01671137742
2331,7.91778472537,13295.60866155251,63.34227780300
2332,5.90287907060,13295.70723625621,58.13661658753
2333,9.45931830448,13295.84973038236,87.72210918317
2334,11.54886693930,13295.90828961228,102.64857465619
2335,8.75843145351,13295.97563272670,70.61273184898
2336,10.65133416842,13296.01369622614,110.17825735464
2337,9.48758486442,13296.09567914803,82.71084728451
2338,9.78667422595,13296.14350251914,82.46398280913
2339,9.69620521943,13296.20694168488,75.10648267250
2340,7.21079238197,13296.26452492765,52.49536092956
2341,10.62122811628,13296.33382001639,96.76399328229
2342,9.26812134026,13296.39725918213,68.10650447354
2343,8.20056946597,13296.45289045056,68.61088666989
2344,10.18700309077,13296.48802598852,78.90818663660
2345,10.17265858351,13296.53389738529,90.98702441854
2346,6.15076545279,13296.59538457671,67.37825968828
2347,8.63188030194,13296.68907934459,66.30273067737
2348,11.05228589066,13296.74861456168,112.16845105075
2349,8.88484523337,13296.78960602262,78.97023180196
2350,11.70054983075,13296.84426130388,119.32266381350
2351,10.66297925704,13296.90379652097,103.38141952879
2352,9.00857600039,13296.95357186642,61.75968550014
2353,10.48663940780,13296.97601957122,98.93075831188
2354,9.30556263504,13297.03457880114,76.16931290860
2355,7.72934669138,13297.05995446743,56.79886631685
2356,11.17569077557,13297.07264230059,98.70102844585
2357,4.72536120148,13297.08487280972,81.02306655779
2358,3.38775923898,13297.09673301237,66.81705639457
