,error,freq,rate
1,20.9967523233,-133.346713204,405.514643177
1000,15.2352873412,-100.010034903,413.884183693
410943,53.7457909062,13566.1603595,317.964387007
410944,48.5618323359,13566.1619541,227.775183714
410951,59.1753772118,13566.4095746,350.08625278
410958,34.0494133137,13566.648984,363.548250386
411014,68.9823751612,13568.5088351,425.235919402
411032,74.0343268829,13569.1254304,554.022172112
411152,35.8511882715,13573.1030802,386.129114747
411189,49.0058485408,13574.3316235,240.078646674
411329,52.5690326839,13578.9991822,356.540526556
411381,79.8998277271,13580.7554546,570.598901166
411532,53.3160129805,13585.7853615,255.694615749
411740,53.8409665084,13592.7258556,263.765790408
411779,36.9638093678,13594.015275,435.796885274
411819,76.9678369148,13595.3552782,522.021268043
411875,39.5585141575,13597.216162,487.710117219
411883,74.3949587159,13597.4799345,487.840368298
411947,76.3779686625,13599.6174151,571.560381266
411983,68.3034863322,13600.8022512,458.193715617
411995,55.0875898172,13601.2271729,306.714719418
412014,28.4422655349,13601.8511711,252.800385743
412127,59.316836317,13605.6099799,355.901017902
412150,33.8759786059,13606.377807,345.468551907
412205,37.5226883439,13608.2118853,422.859222261
412351,60.3100469935,13613.075735,400.051593932
412385,51.4327990696,13614.2203331,262.256846095
412402,75.3119201465,13614.7894463,563.582804657
412458,32.2777321854,13616.6552753,325.989115606
412557,73.7388965586,13619.9448586,494.655555872
412585,69.1342364413,13620.8837881,478.976040235
412602,47.9938924932,13621.4566907,191.975569973
412615,70.1215059469,13621.8885015,420.729035681
412760,67.8259215481,13626.7072221,460.017781349
412783,60.746288529,13627.4845907,369.505247719
412784,75.912859727,13627.5064622,461.759898715
412801,48.5678499607,13628.0726851,252.365951239
412951,53.8633218368,13633.0967677,406.659162002
412964,42.4013826187,13633.5037762,179.893831088
412985,61.9873976478,13634.2128415,377.054619763
413011,61.4018295057,13635.0710176,373.492747809
413116,85.012551991,13638.5860302,441.738177988
413169,35.2211462239,13640.3392699,384.217344504
413187,37.4180715361,13640.9506535,434.758703719
413221,34.2299967722,13642.0686433,376.529964494
413290,56.9523786257,13644.3809393,422.3701442
413374,86.7960544788,13647.1761207,677.898856363
413386,62.8261777952,13647.5715793,387.286570154
413420,32.4307394708,13648.7073077,411.499952469
413427,65.5847679635,13648.9660299,430.068084051
413446,35.7789131365,13649.5736469,400.020409672
413519,88.8412270553,13652.0358191,774.499861509
413543,62.8512617965,13652.8230419,416.908105959
413563,38.51231936,13653.4866034,458.927250698
413589,36.2589315492,13654.338506,397.196694411
413615,59.3315173952,13655.2337102,278.289484245
413627,37.1381305686,13655.6290996,403.423360221
413657,38.8764682352,13656.6245591,466.517618823
413752,60.1662903766,13659.7908103,438.017205572
413775,59.4168216819,13660.5582067,356.500930091
413790,2.86662833669,13661.0484271,383.196482593
413791,10.781659523,13661.0880169,432.477616704
413792,11.1445039005,13661.1218582,376.116687515
413793,10.7186992445,13661.1554975,369.75628603
413794,10.9048828344,13661.1854266,373.800550851
413795,10.8806686,13661.220933,383.765361625
413796,10.0337860963,13661.2542435,385.224216126
413797,12.4321742304,13661.2896375,404.953148421
413798,10.9690877264,13661.3206788,389.827241799
413799,11.2500105811,13661.3544472,394.873768829
413800,10.0604714043,13661.3879153,378.573279808
413801,10.5324306052,13661.4249325,380.481777832
413802,11.5401401908,13661.4584811,427.452774555
413803,12.8341531712,13661.4897114,402.182307971
413804,9.82754149938,13661.5190316,361.086931493
413805,11.435329441,13661.5545372,397.614149828
413806,10.9529449105,13661.5875784,386.314574864
413807,11.8258921606,13661.618409,366.411867137
413808,10.2318861008,13661.65466,370.614677328
413809,11.1372260637,13661.687349,400.475818347
413810,11.4219485153,13661.7201739,395.338042245
413811,10.4423084687,13661.7522146,384.951704199
413812,10.9976391992,13661.7888951,426.787757956
413813,11.1766102192,13661.8224802,407.295060167
413814,10.5957348153,13661.8523085,338.897915295
413815,11.6229121629,13661.8847774,379.662029949
413816,11.756509329,13661.9166654,448.137410133
413817,10.511856956,13661.9529915,387.943068164
413818,10.5969510539,13661.989129,376.005150088
413819,10.5995909216,13662.0204089,387.574154378
413820,10.6321819806,13662.0564019,382.463098882
413821,9.40645645019,13662.0856289,386.581328263
413822,7.90435081485,13662.1213446,400.088224949
413823,7.37006654737,13662.1545124,377.243751428
413824,8.09576229652,13662.1903018,383.332421244
413825,7.46280156286,13662.2205515,395.528482831
413826,10.0176777273,13662.2535538,393.504786318
413827,11.5916800682,13662.2871414,421.94352349
413828,11.8491895845,13662.3211516,397.257224278
413829,10.7202672249,13662.3524724,406.946766084
413830,11.3406795328,13662.3864746,402.394414028
413831,10.5210739097,13662.4219571,425.160749385
413832,11.9012261989,13662.4570299,385.276350064
413833,10.4320194398,13662.4868961,374.391792266
413834,11.0858302437,13662.5221417,396.928457622
413835,10.3444204074,13662.556635,377.819246169
413836,11.0888142683,13662.5899733,386.202881496
413837,12.0317320983,13662.6216835,394.119582647
413838,10.7799124017,13662.6535016,385.673870749
413839,10.5296607713,13662.6861654,415.621596869
413840,11.8872145381,13662.721641,384.639110518
413841,11.3740021985,13662.7519192,405.814452444
413842,11.2567966743,13662.7841961,410.217193661
413843,11.0294760144,13662.8188108,416.499652441
413844,11.8166100496,13662.8518872,395.282827301
413845,11.1359199081,13662.8855152,424.043196727
413846,10.7343054603,13662.9184624,411.27941905
413847,10.9436212317,13662.954199,371.277571851
413848,11.3236143837,13662.9850833,382.161500477
413849,10.572812897,13663.0206942,402.461868793
413850,11.7322929031,13663.0525727,401.991569565
413851,10.6367873039,13663.0850922,400.401227467
413852,11.3226708474,13663.1181967,414.168379899
413853,10.9516434357,13663.1540172,360.90608809
413854,10.9512382323,13663.1863955,402.821020137
413855,11.9593943401,13663.2200143,405.033453667
413856,9.10741625939,13663.251619,350.842451662
413857,12.3206133292,13663.2893361,443.542079853
413858,11.2929861009,13663.319651,436.207577116
413859,11.2364569167,13663.3536573,435.621073817
413860,10.9275557198,13663.3892595,409.892600485
413861,12.0173823391,13663.4234799,456.185911891
413862,11.7170222584,13663.4563474,440.753200788
413863,11.7333637736,13663.4883591,415.334560662
413864,10.5298804283,13663.5228139,404.955709594
413865,10.8193511326,13663.5581433,413.972749677
413866,11.7638890912,13663.5876438,390.518595432
413867,10.5701499927,13663.6212764,370.558766051
413868,10.2306914983,13663.6538268,382.523899712
413869,11.0945337723,13663.688707,397.394987335
413870,11.2033250861,13663.7210656,391.315322266
413871,10.5596762524,13663.7544208,383.797385785
413872,10.8396952722,13663.789943,416.165251503
413873,11.511538003,13663.821312,361.46962541
413874,9.98086174459,13663.8536264,382.541835766
413875,11.9581936428,13663.8894924,434.791764472
413876,10.8326315129,13663.9223319,365.109502263
413877,9.98832303504,13663.955457,362.893797287
413878,11.4916041325,13663.9895222,399.240225185
413879,10.2612320049,13664.021834,351.737311999
413880,10.7050362925,13664.0550577,383.592984552
413881,11.0303149835,13664.0881497,367.658781799
413882,10.3629634547,13664.1235341,408.253413884
413883,11.4045122917,13664.1556495,397.525375598
413884,11.0408994141,13664.1871373,393.774881064
413885,11.1142383752,13664.2215028,387.088356096
413886,11.2688062516,13664.254249,387.260195878
413887,10.3323831608,13664.2873817,386.740425395
413888,11.9962883286,13664.3168995,380.681376217
413889,9.95173750409,13664.3533195,428.849456515
413890,11.8519590122,13664.3907437,369.887469621
413891,10.729606847,13664.4191227,384.323673674
413892,10.2659341714,13664.4545085,371.138722805
413893,11.2518912037,13664.4909154,383.060386246
413894,11.2189440171,13664.5214079,416.916247477
413895,10.5351992333,13664.5531268,392.639398668
413896,10.5181427019,13664.5874011,402.997253612
413897,11.4587635374,13664.6191195,369.711638361
413898,10.8121776943,13664.6548368,401.65457468
413899,10.9423532324,13664.6848476,374.605833477
413900,9.98305929224,13664.7221715,402.801288195
413901,10.5459110592,13664.755291,373.003373075
413902,10.6601245666,13664.7903008,411.348225778
413903,11.4028262112,13664.8234452,356.964923615
413904,11.4963693984,13664.854123,403.357128365
413905,10.6642329387,13664.8874904,409.706450422
413906,10.7591964054,13664.9235284,361.195053006
413907,11.4555080323,13664.9548057,423.544075708
413908,10.7600635926,13664.9874048,385.564774812
413909,11.7676167788,13665.0191635,415.21515121
413910,10.2723592258,13665.0527861,398.244410116
413911,10.8646939503,13665.0887711,405.793046531
413912,11.8446369992,13665.1228742,420.776457469
413913,10.1556258064,13665.1568909,378.356695329
413914,11.4771596056,13665.1888097,412.379950605
413915,10.8917065605,13665.2219676,419.719511844
413916,9.97694283464,13665.2585049,391.650606293
413917,13.3269692522,13665.2879403,443.609947215
413918,10.0182457086,13665.322565,377.516424611
413919,10.9121550184,13665.3549884,384.566389475
413920,10.2384543449,13665.3911758,402.307423178
413921,12.8522462449,13665.4175271,399.868060822
413922,9.50866503143,13665.4537659,392.973696119
413923,11.7756334707,13665.4862193,421.297870697
413924,10.3497564477,13665.5207809,409.960110778
413925,10.2845087516,13665.5572879,405.814778251
413926,10.264490403,13665.5920458,382.825587777
413927,11.6258723709,13665.6245541,382.595430944
413928,10.9151979067,13665.6555587,409.71994995
413929,9.93393245998,13665.6899357,372.621793332
413930,10.7679768266,13665.723229,346.086192532
413931,11.5363277491,13665.7526034,404.430152685
413932,9.56964738464,13665.7854162,379.42173564
413933,12.4970288683,13665.8183481,422.872571188
413934,9.55868615314,13665.8522055,379.107663563
413935,10.709886131,13665.8878781,382.119371891
413936,10.7409954393,13665.9207568,388.461876894
413937,10.3849710756,13665.9537484,408.988588103
413938,11.9687835149,13665.9856716,405.528102715
413939,9.19482839946,13666.021626,358.480405781
413940,11.2653710354,13666.057298,409.756094989
413941,11.1646488996,13666.0906844,404.400782873
413942,11.6383078877,13666.1192434,408.834391586
413943,10.171043382,13666.1553074,386.767214938
413944,10.6125861069,13666.1878678,421.040226844
413945,11.3928509673,13666.2201028,381.107468424
413946,10.0992225865,13666.2529997,439.867231251
413947,12.3280633381,13666.2872067,386.519684095
413948,9.83911770723,13666.3191971,391.097193631
413949,10.5088238375,13666.3539483,400.302053615
413950,11.2365247385,13666.3862767,408.7068667
413951,10.303918342,13666.4200502,385.261839546
413952,11.1024324817,13666.4533101,384.759759355
413953,10.1056816761,13666.484432,390.999781078
413954,10.7829904619,13666.5193091,413.566695149
413955,11.3835117682,13666.5499481,377.548373319
413956,10.3065072047,13666.5840541,388.788993096
413957,11.1598882958,13666.6177424,413.669226203
413958,9.77939775109,13666.6526004,376.220943268
413959,9.96875196764,13666.6875961,390.057278074
413960,12.0316853524,13666.7211087,426.573728317
413961,10.2330246272,13666.7539041,398.431457367
413962,10.2825562345,13666.788344,366.728488905
413963,11.052015221,13666.8212397,394.94527551
413964,10.1978719187,13666.8572475,410.836303509
413965,10.8579995063,13666.886602,371.083153795
413966,10.6024903792,13666.919748,398.123160792
413967,9.9389996232,13666.9539375,387.620985305
413968,11.4629530733,13666.9919695,437.998821932
413969,10.8448661055,13667.021509,380.034809459
413970,10.6262071557,13667.0532947,365.79473758
413971,10.82461096,13667.0856824,401.970729231
413972,10.724960641,13667.119981,417.44765281
413973,10.7192329898,13667.1546718,395.015007433
413974,10.0933799582,13667.187103,360.688313283
413975,10.3038311089,13667.2206473,373.647093138
413976,11.3439948492,13667.2531597,402.991325655
413977,10.4852277875,13667.2884927,400.77717321
413978,10.6579008706,13667.3213914,401.620478032
413979,11.5183027072,13667.3540938,400.664784674
413980,10.4033779758,13667.3871234,383.516546479
413981,10.4444054147,13667.4189178,385.029007312
413982,11.5834785464,13667.4525764,409.046070899
413983,9.57025759843,13667.4857636,390.860380794
413984,10.7046446338,13667.5221606,368.339340032
413985,10.4928627574,13667.5539598,387.242081867
413986,10.3606483593,13667.5861242,388.627906146
413987,10.7232103348,13667.6208171,408.186857447
413988,11.2407292057,13667.6540801,406.22446376
413989,10.4978392756,13667.6884903,402.082319199
413990,11.010950503,13667.7212061,402.615521832
413991,10.9223591683,13667.754909,411.441080092
413992,9.98962693267,13667.78884,375.509000101
413993,10.4979487796,13667.8234301,429.390488383
413994,11.506709551,13667.8579248,390.381126284
413995,11.2311744698,13667.8841183,420.532127811
413996,10.2558640701,13667.9206257,381.540198392
413997,9.38095288311,13667.9576635,367.537066413
413998,11.5688127898,13667.9890803,400.755430703
413999,11.2506421446,13668.022583,397.292656598
414000,10.3615419929,13668.0565791,399.692369298
414001,10.4654782327,13668.0889735,398.376096162
414002,11.4849107647,13668.1203159,373.745184068
414003,11.5762492085,13668.1537424,432.524364459
414004,10.3445276564,13668.1847993,400.37464973
414005,10.7334731961,13668.2221855,407.589423759
414006,10.4488053733,13668.2534332,396.779540347
414007,10.9700012221,13668.2891643,424.441241445
414008,10.7572766171,13668.3227529,397.873839675
414009,10.449024864,13668.357144,395.409656825
414010,10.7939462366,13668.3890803,392.460522887
414011,10.2863255672,13668.4233067,393.039948052
414012,12.0449369585,13668.4559045,438.607742066
414013,10.4415107557,13668.4868449,399.106175804
414014,12.8087189739,13668.5202062,443.152059973
414015,9.40016140205,13668.553327,366.003224203
414016,10.9235202297,13668.5883067,374.598710608
414017,11.9009674194,13668.6191495,400.76408389
414018,10.3685231245,13668.6546864,421.554109526
414019,10.8556318227,13668.6887614,417.342220575
414020,10.4802890753,13668.7204753,379.467518877
414021,10.5277337519,13668.753169,412.735501878
414022,10.812129026,13668.7913582,433.699819839
414023,11.4642949009,13668.8220103,398.291450438
414024,11.9143730195,13668.8511509,456.959309372
414025,10.3371728365,13668.8865365,378.402656725
414026,10.0197128047,13668.921364,384.944795472
414027,10.7923202148,13668.9559471,424.89407175
414028,11.3605445208,13668.9864712,377.129013645
414029,10.787556828,13669.0194004,421.957598515
414030,9.52824634574,13669.0572286,402.222931412
414031,12.9767008409,13669.0876044,427.640870917
414032,10.6122447566,13669.1219423,397.640683579
414033,11.1867514047,13669.1510345,391.696077296
414034,9.93335308922,13669.1879714,389.052806846
414035,10.6875196643,13669.2228404,405.422011231
414036,11.0814285334,13669.2544214,409.713248201
414037,11.0894401907,13669.2848377,391.443101796
414038,9.87687198638,13669.3203201,387.973790562
414039,10.893008429,13669.3537848,404.363966954
414040,10.470098939,13669.3877049,410.208802564
414041,11.2969825805,13669.4214591,413.537462231
414042,10.9183849639,13669.4546733,417.904661104
414043,10.8455137808,13669.4882789,418.642451338
414044,10.3458599773,13669.5238336,398.819147664
414045,10.5518542058,13669.5577722,393.260117675
414046,10.9758061698,13669.5889171,389.447835064
414047,9.99340991008,13669.6228295,402.723260327
414048,11.5292985169,13669.6562918,402.205655683
414049,11.6202037614,13669.6877509,423.938414505
414050,10.3533660058,13669.7220468,423.350136117
414051,11.271733606,13669.7569061,398.515963427
414052,10.3194821767,13669.7905525,408.239549649
414053,11.1616674856,13669.8246644,401.199457639
414054,11.1620402645,13669.8556923,413.748994317
414055,10.8955201812,13669.8878302,433.636228041
414056,11.3726315252,13669.9221716,444.261046181
414057,11.0753520624,13669.954612,362.28422949
414058,10.8725389404,13669.9867726,404.189468394
414059,10.2829111331,13670.020884,372.746663891
414060,11.0246225624,13670.0518833,418.93565737
414061,11.0278823757,13670.0877135,418.042570304
414062,9.93378165609,13670.1180865,396.232139816
414063,10.8650509849,13670.1578463,408.849428756
414064,10.8741020961,13670.185254,380.904135285
414065,10.3583906399,13670.2203456,422.794942706
414066,10.748735087,13670.2569613,409.017264972
414067,11.7361097554,13670.2862871,388.179702944
414068,11.1327775686,13670.3196168,412.664299162
414069,10.7120415709,13670.3533074,417.906932565
414070,10.4021279123,13670.3891034,403.677622919
414071,11.3414557114,13670.4197541,349.751076322
414072,9.97623611362,13670.4540087,393.524264263
414073,11.5367276606,13670.4838891,402.960573556
414074,10.2402035928,13670.5212637,391.143607743
414075,10.9347430803,13670.5565442,435.059885149
414076,10.9220247668,13670.5897247,410.412429771
414077,10.6287722599,13670.620271,364.800770433
414078,10.7861384046,13670.6525682,399.232852989
414079,9.52950103384,13670.6879573,394.986035121
414080,11.7142521604,13670.723327,429.451577879
414081,11.2133336564,13670.7543335,433.856037159
414082,10.4700949715,13670.7891929,396.759962939
414083,11.1673591665,13670.8214836,405.576592377
414084,10.0755577612,13670.8539287,421.249900442
414085,12.3084249585,13670.8862067,410.629422568
414086,10.774638664,13670.9195333,412.543453477
414087,9.67855475236,13670.9538214,393.739975829
414088,10.9281914779,13670.990612,422.116868313
414089,12.4587957152,13671.0227443,405.054590569
414090,9.38251422213,13671.0531573,401.150490064
414091,11.3247579293,13671.089466,415.7898407
414092,9.42143529712,13671.1236624,360.115801247
414093,13.0225779566,13671.1579559,422.381449098
414094,10.1004726731,13671.187583,402.247440608
414095,10.5440181684,13671.2227395,372.488988134
414096,10.255685521,13671.2562376,382.634665215
414097,12.0149229607,13671.2875707,418.802368793
414098,10.726340644,13671.3219183,431.460302557
414099,10.4028003967,13671.3568791,383.212961054
414100,11.7002491646,13671.3874947,431.007705277
414101,10.3486039543,13671.4226321,430.680997707
414102,10.6213040539,13671.4566262,410.675162641
414103,10.5920399027,13671.4906319,398.153638739
414104,10.9510653438,13671.5216997,397.117702067
414105,10.307781379,13671.5559076,385.406277877
414106,10.5189877061,13671.5886651,347.763524369
414107,12.328838075,13671.6191602,411.864391616
414108,9.82140662204,13671.6521286,400.395512706
414109,10.1603607631,13671.6881681,375.658643521
414110,11.5326848412,13671.7196574,416.456092306
414111,9.99498943024,13671.7565153,434.523472224
414112,12.0408347511,13671.7874323,392.944667988
414113,9.51734543782,13671.8216534,394.02269885
414114,12.2975103337,13671.8538748,394.671538396
414115,10.1815879671,13671.8892564,407.390768654
414116,11.9359571597,13671.9198318,403.357654855
414117,9.51224176972,13671.9552079,384.511121888
414118,10.9957240016,13671.9907442,415.952412162
414119,10.2298319778,13672.0243231,338.049127827
414120,11.2012800953,13672.0529725,379.688699414
414121,10.0114253707,13672.0844474,394.150210996
414122,10.7782488112,13672.1223769,434.351391658
414123,10.5661301022,13672.1574519,428.807875965
414124,10.8199370259,13672.1905173,390.118377441
414125,10.2880575448,13672.2210584,384.118099669
414126,12.5769812818,13672.2554352,440.014637019
414127,9.6463896557,13672.2861603,354.430987748
414128,10.8482671577,13672.3232127,412.94723703
414129,10.4842954546,13672.3559646,387.209885474
414130,10.6759498213,13672.3894677,369.208859436
414131,9.9644660054,13672.420076,390.01688785
414132,11.5353177113,13672.4539375,406.036629226
414133,11.0183927336,13672.4877649,391.734467131
414134,9.92935546739,13672.5199101,376.923355733
414135,10.2961555122,13672.5541414,396.368556732
414136,10.710369675,13672.5892928,407.416606043
414137,10.9364572672,13672.6209155,409.35087966
414138,10.5932697867,13672.6534907,395.513598368
414139,10.7807816619,13672.6869523,399.034581135
414140,10.9615712419,13672.7199076,375.103622526
414141,9.76043836031,13672.7551862,378.146137935
414142,11.1527349211,13672.786983,397.607122292
414143,9.96516622807,13672.8236159,380.507577238
414144,10.9450968593,13672.856925,438.350787608
414145,10.1426653684,13672.8912946,384.75342475
414146,11.1752483187,13672.9198211,376.325553787
414147,10.8304401235,13672.9520143,403.061198923
414148,9.2158393866,13672.9888787,393.053118924
414149,11.3789415643,13673.0256679,426.065014046
414150,11.4876456503,13673.0542592,405.661934652
414151,10.736136881,13673.0847929,384.707410253
414152,10.590650503,13673.1192193,407.017314028
414153,10.3261723985,13673.1546765,399.930937295
414154,10.5727557872,13673.1882527,405.779006295
414155,10.491953561,13673.2218984,379.889863473
414156,10.467659291,13673.2529954,395.422670701
414157,10.1717887395,13673.2877409,397.351263597
414158,10.4298595195,13673.3251163,385.058209315
414159,11.4428744264,13673.3559329,409.872197525
414160,10.6747207926,13673.3867147,378.313068747
414161,9.52940779725,13673.423231,395.212011839
414162,11.4273942536,13673.4552243,381.065476584
414163,9.63958197278,13673.4867118,367.949296329
414164,11.3740616323,13673.5213981,390.71184786
414165,10.0584500494,13673.5543162,397.531528275
414166,12.1089466537,13673.5886932,460.299273511
414167,10.2175613304,13673.6229181,410.35944797
414168,11.1504426455,13673.6573592,414.070452788
414169,11.7827060969,13673.6874048,437.549486037
414170,10.0833751042,13673.7206309,388.308143783
414171,10.7225419352,13673.7551045,406.891857862
414172,10.6091489416,13673.7911292,407.175763992
414173,12.4872143138,13673.8221415,442.900209776
414174,9.9186442536,13673.8540246,407.630938433
414175,11.4018279455,13673.8898735,407.764821139
414176,10.7325246007,13673.9230553,415.114295247
414177,12.0114325724,13673.955023,438.705139695
414178,10.2385941954,13673.9901998,393.753490924
414179,11.1313479946,13674.0237974,388.003728634
414180,10.7318032561,13674.056555,392.701889365
414181,11.4668406926,13674.0869446,412.806264932
414182,10.0115374768,13674.1215931,394.027457449
414183,10.2197534367,13674.1559523,361.178289802
414184,10.5765956611,13674.1924981,394.891048056
414185,13.7806951518,13674.2198724,421.833358872
414186,9.60505877171,13674.2517522,401.348963993
414187,11.0409738784,13674.2908268,394.396197927
414188,10.316616689,13674.3229264,374.110735717
414189,11.7710609498,13674.3544046,405.888302893
414190,11.5437681023,13674.3842519,405.020140786
414191,9.94314279609,13674.419767,389.690020641
414192,10.6416958643,13674.4565118,408.840604297
414193,11.3179190525,13674.4888186,376.565383286
414194,10.1571138685,13674.5230219,406.411498832
414195,12.2406996575,13674.5573291,393.990835322
414196,9.49883294615,13674.5893785,372.761122036
414197,11.6620039882,13674.6234027,439.303216734
414198,11.3167171232,13674.6549574,416.264484389
414199,11.450335641,13674.6888324,409.019067657
414200,10.8407731896,13674.7215258,415.924174397
414201,11.0075520418,13674.7568262,439.889104798
414202,10.6327173951,13674.792619,420.496751801
414203,11.1111212067,13674.8250178,387.776538258
414204,10.2728726216,13674.8573289,383.000466763
414205,12.3775645717,13674.8885173,432.152523607
414206,10.0976052066,13674.923412,410.911743303
414207,12.3231792778,13674.9565553,416.078420689
414208,10.4920452868,13674.9895373,410.934719798
414209,11.7376241539,13675.019681,375.603972923
414210,9.58579279771,13675.0553121,398.819671259
414211,12.1262069165,13675.0909835,429.753868037
414212,11.1473137424,13675.1219631,400.993527569
414213,11.2025222156,13675.1537422,406.699388075
414214,10.3826604205,13675.1849249,415.954826921
414215,10.6945056411,13675.2237971,414.19642244
414216,11.0821838214,13675.2570977,395.402627928
414217,11.165803587,13675.2912962,391.599870766
414218,10.9832304925,13675.3196012,413.734079526
414219,9.67502496562,13675.3578481,415.688435641
414220,12.2636905833,13675.3915661,393.968077562
414221,11.8751999662,13675.4218571,399.013787374
414222,10.5312611338,13675.4543051,437.015615237
414223,10.4396206021,13675.4921606,430.436584337
414224,12.643384194,13675.5222549,353.110503701
414225,10.4106693332,13675.5530081,405.481872048
414226,11.3414341503,13675.5858309,426.926291303
414227,11.0467180887,13675.6185891,432.235931167
414228,9.96051168965,13675.6552303,421.295499491
414229,11.8377247354,13675.6929062,451.698787229
414230,11.4422059399,13675.7228109,423.825239136
414231,11.0898865212,13675.7553041,383.844667148
414232,10.5580587022,13675.7879378,406.725145131
414233,10.9950052152,13675.8231504,388.109667546
414234,11.0849573559,13675.8529212,397.82489628
414235,10.069747974,13675.8878791,398.614506277
414236,11.4126042656,13675.9240013,410.219230013
414237,11.6014738351,13675.9534053,392.740305594
414238,9.90966224262,13675.9885163,397.746734347
414239,11.7689131566,13676.0224687,418.252006845
414240,10.2282193094,13676.0533693,378.858545066
414241,11.6779542084,13676.0872298,442.839356475
414242,10.1047025721,13676.1209121,398.719835106
414243,10.9147875635,13676.1579988,435.635411758
414244,10.9470498331,13676.1914893,377.316081367
414245,11.5267177323,13676.2228068,429.128415802
414246,10.6334296449,13676.2532668,409.21438431
414247,11.8137497071,13676.289067,438.224831141
414248,10.5679763204,13676.3190918,417.1339694
414249,11.2514523207,13676.3530179,395.564965139
414250,9.97053731047,13676.3876127,391.653061781
414251,11.2504548685,13676.4234848,418.994490533
414252,10.8203784473,13676.4554637,414.436032642
414253,9.99323254942,13676.4900423,387.165222969
414254,11.6834444743,13676.5269757,450.684232784
414255,10.8144530002,13676.5571185,411.66007635
414256,11.069404481,13676.5883167,438.605510038
414257,11.2144031435,13676.6231758,426.589763579
414258,13.5242478205,13676.6506669,444.040415821
414259,9.57825569448,13676.6872746,425.666993957
414260,11.2188147323,13676.7256698,419.619665641
414261,11.7759399284,13676.7564753,420.979558659
414262,10.5360223732,13676.7906582,403.269611192
414263,10.1718231943,13676.8240693,374.013388202
414264,10.3973726615,13676.8574989,427.052384829
414265,11.735486897,13676.8908082,389.752463672
414266,10.7417084851,13676.9243803,396.571308226
414267,10.8942120224,13676.9550642,443.194969511
414268,10.4338202943,13676.9890632,385.204436485
414269,10.9027731111,13677.0224176,381.59705889
414270,10.6071626384,13677.0570387,409.441973743
414271,11.5081259958,13677.0869451,411.405444676
414272,10.7199280377,13677.1227037,432.532823508
414273,11.3763062165,13677.1540695,419.228846779
414274,10.5404060848,13677.1867718,402.196262527
414275,10.6177205394,13677.2186751,399.118971105
414276,10.350710218,13677.2569976,433.742927023
414277,10.115176083,13677.2926404,392.932604743
414278,11.0096439552,13677.3270876,411.50155194
414279,11.4393821696,13677.3570133,427.104312088
414280,10.6038276504,13677.3911675,418.280344108
414281,11.4660317942,13677.4239022,414.366588841
414282,10.9588042418,13677.4523193,434.499659063
414283,11.4564086082,13677.4871408,434.740140091
414284,10.3342735553,13677.520953,422.569443972
414285,11.0661640816,13677.5534695,432.147522161
414286,11.2014342678,13677.5843737,380.354263146
414287,10.4073861547,13677.6220218,435.247788986
414288,10.7328510418,13677.6555172,382.487249704
414289,10.1464157204,13677.6903723,406.743471267
414290,10.4127452465,13677.7229461,360.106394316
414291,9.94590679817,13677.7563778,387.124539376
414292,12.1870955355,13677.7876934,438.566141398
414293,10.0729728675,13677.8221713,388.560929835
414294,10.3842515112,13677.8551471,426.260559834
414295,10.9665814164,13677.8874562,413.252452271
414296,10.2195498757,13677.9232414,382.107316244
414297,10.7248245348,13677.9584703,437.22572372
414298,12.1724425131,13677.9887426,420.434120384
414299,9.78456679709,13678.0233482,415.930414329
414300,11.9258919724,13678.0557568,399.116683761
414301,9.89160485704,13678.0879747,415.447403996
414302,11.7710673425,13678.123131,418.990476534
414303,10.5754642047,13678.1547155,419.967116377
414304,11.9791005934,13678.1888849,428.242374845
414305,10.0134784976,13678.221041,396.134019353
414306,10.5204125024,13678.2562936,391.664657329
414307,12.5168673631,13678.2875658,443.245584982
414308,10.4167756071,13678.3204574,416.931362342
414309,10.8242218521,13678.3556887,403.701394817
414310,11.4052196956,13678.3906544,498.709451902
414311,12.036631909,13678.4219668,425.388944534
414312,10.6191855267,13678.4554253,454.645022619
414313,11.5357121767,13678.4880058,431.009775957
414314,10.4928654138,13678.525559,443.812237095
414315,11.6212146545,13678.5603398,436.376223417
414316,11.5153698741,13678.5864852,413.271849293
414317,10.360192142,13678.6215087,424.894202842
414318,10.9017471408,13678.6552435,394.426356569
414319,10.9436598008,13678.688872,398.50552408
414320,10.9130842163,13678.7199253,454.042013154
414321,10.8756746424,13678.7560633,432.982994815
414322,11.2490727049,13678.786564,432.175260511
414323,11.1250295682,13678.8217733,413.725475697
414324,10.5175196602,13678.8560627,426.446190459
414325,11.0045187155,13678.8919441,450.379338857
414326,12.8413269603,13678.9257827,448.160471179
414327,10.2149492512,13678.9558763,421.544606789
414328,12.4852463631,13678.9878259,441.420118405
414329,10.2602105732,13679.0222751,434.214244955
414330,11.068300567,13679.0568245,434.069340895
414331,10.7728584772,13679.0889543,422.345516618
414332,10.8848916916,13679.1257539,395.467754211
414333,10.3345536208,13679.1572759,398.517325634
414334,11.2027300872,13679.1935848,433.879870597
414335,11.8088618433,13679.2222271,434.045957895
414336,10.6496570345,13679.2553646,415.746024765
414337,11.2804492514,13679.2898037,456.962631348
414338,12.3322389769,13679.3243267,448.391797693
414339,10.3627545464,13679.3547497,422.973062807
414340,10.6701112144,13679.3934621,411.041712748
414341,11.2789945448,13679.4250837,424.875397923
414342,10.9388673831,13679.4569672,396.976907951
414343,11.0238915204,13679.4891446,416.726429806
414344,11.1476843966,13679.5239219,414.867631126
414345,10.7017276364,13679.5545884,393.206581132
414346,11.159436127,13679.5914131,417.100253535
414347,10.8982279446,13679.6211233,417.560025129
414348,11.4974754512,13679.6563708,453.385563755
414349,11.6163018199,13679.6848181,393.756650354
414350,10.8939038766,13679.7202982,357.512631358
414351,10.4134588084,13679.755408,383.888172515
414352,11.0713499941,13679.7874981,423.325340596
414353,10.714823043,13679.8206688,371.01767071
414354,12.4135199766,13679.8539032,447.059095912
414355,11.0507716133,13679.8855614,446.83942257
414356,11.2194648353,13679.9236972,393.001694641
414357,10.3276493707,13679.9566594,420.907148041
414358,11.1889527849,13679.9912657,390.172115786
414359,11.2722254823,13680.02414,400.441744782
414360,10.2746976523,13680.0578187,371.313414611
414361,10.5536954701,13680.0910412,394.318603863
414362,12.0997390185,13680.1261457,410.856967833
414363,11.4412807465,13680.153518,411.886106874
414364,11.4416268876,13680.1892724,451.038161743
414365,11.0112046992,13680.2225114,438.793398696
414366,11.3646329533,13680.2567726,402.92392195
414367,11.0290434731,13680.2889141,369.760916164
414368,11.3105024308,13680.3208482,401.323658329
414369,10.4817218914,13680.3571507,408.787153766
414370,11.498521415,13680.3890229,385.843504632
414371,11.4793322867,13680.4213559,414.211468713
414372,11.2238037055,13680.4554796,431.4965023
414373,10.9114716771,13680.4891152,432.209990651
414374,12.0293577906,13680.5222756,425.131868506
414375,11.5440535163,13680.5551738,402.885813841
414376,11.384433716,13680.5886513,432.608481207
414377,10.8342678714,13680.6232406,390.785298804
414378,11.8074929334,13680.6569959,423.591237659
414379,10.8727942938,13680.6877404,381.633530877
414380,11.2162362627,13680.72186,382.340419989
414381,10.5096470094,13680.7549044,389.708141254
414382,11.6690365629,13680.790964,397.261720003
414383,12.0844572176,13680.8223911,445.324955824
414384,11.3236823835,13680.8562782,427.609595496
414385,11.659835926,13680.890852,396.434421483
414386,10.5251183565,13680.9212992,390.707364181
414387,12.0513384471,13680.9567701,441.480515683
414388,10.9277265439,13680.989822,409.899008095
414389,11.8071679723,13681.0266721,381.683940224
414390,11.3341040389,13681.0553952,372.304184235
414391,10.8912601153,13681.089608,396.447852359
414392,11.921526803,13681.1187197,415.546872925
414393,11.1741395128,13681.1545508,388.532399122
414394,10.5147674021,13681.1880124,393.567055611
414395,11.2528043024,13681.2231523,434.218292282
414396,11.8122678356,13681.2572859,380.751006047
414397,12.4042742233,13681.2882295,418.44895702
414398,11.3034846963,13681.3211507,413.77547875
414399,11.0354465034,13681.3525211,405.768430912
414400,10.9516485739,13681.3901098,422.029419154
414401,11.7314769563,13681.421721,404.353225873
414402,12.5179898472,13681.4526677,424.690216932
414403,10.8095468839,13681.4852659,402.719095305
414404,10.727405436,13681.5210187,396.623965286
414405,11.136282171,13681.5556379,400.751457723
414406,11.6603614193,13681.5879185,368.733004258
414407,10.306385702,13681.6205688,376.853102417
414408,10.860623452,13681.6575214,403.454254702
414409,11.5863359708,13681.6906217,391.885441582
414410,10.660314632,13681.7241243,402.841427737
414411,10.4625184304,13681.7584182,386.405608346
414412,13.952668452,13681.7897709,413.196915804
414413,10.1262134616,13681.8215796,425.180398138
414414,10.7138923656,13681.8565227,361.425183391
414415,11.6561676057,13681.8898838,421.399074431
414416,11.4313195895,13681.9224612,408.179753461
414417,11.3942374623,13681.9588525,431.027602776
414418,11.1277198078,13681.9900396,413.376443941
414419,11.607506957,13682.0254656,435.706911605
414420,12.1572948219,13682.0550031,402.110681557
414421,11.0911197497,13682.0880957,423.791090587
414422,11.4381210045,13682.1221208,410.499486483
414423,11.2021382592,13682.1560495,429.350355091
414424,11.8321623673,13682.1898532,464.176800385
414425,12.1586114003,13682.2242641,462.506929377
414426,11.791597129,13682.2578382,438.514262055
414427,12.0000583503,13682.2895141,432.335307064
414428,10.5387465568,13682.3223862,393.901072664
414429,11.8175161002,13682.3560869,435.327523777
414430,10.7844193569,13682.3901798,376.68357418
414431,11.690754785,13682.4262919,413.330599282
414432,11.3291005952,13682.4569372,412.696603372
414433,11.7928394567,13682.4910994,408.856230314
414434,12.0537750258,13682.524496,424.114776396
414435,11.2125640646,13682.5558482,387.117732403
414436,10.6179864767,13682.5894345,414.781554297
414437,11.2857124905,13682.6215898,373.793974191
414438,10.5499866731,13682.6551327,403.114424764
414439,12.8015756447,13682.6891535,431.661841525
414440,10.3465356187,13682.723011,377.754835149
414441,11.9310897235,13682.7547042,429.519230044
414442,10.3413219565,13682.7890578,367.953477763
414443,11.6945109053,13682.8212364,413.628750484
414444,10.8965220396,13682.8580245,408.001639663
414445,11.89546086,13682.8909548,427.409718996
414446,11.619689707,13682.9234159,435.389633773
414447,12.1357586976,13682.9561151,414.75187106
414448,10.0778097915,13682.9878464,409.858465594
414449,11.8314644085,13683.0228052,438.243574588
414450,11.4670572465,13683.0540503,424.436050067
414451,10.7384764418,13683.091182,384.041308685
414452,11.1547894102,13683.1247845,389.140708097
414453,10.3467374611,13683.1528281,390.306585872
414454,12.495322756,13683.1902665,405.472742102
414455,11.2720775091,13683.2202593,410.309814735
414456,10.675400708,13683.2559639,415.518631493
414457,11.3005121866,13683.2906546,424.93532215
414458,10.7975312004,13683.3250709,433.786700533
414459,12.4588944088,13683.3598896,424.517516625
414460,11.5265686152,13683.387947,414.475918196
414461,11.0712565654,13683.4230458,421.290044228
414462,11.847947042,13683.4549831,423.553750026
414463,10.1275808198,13683.488799,383.245643355
414464,11.4876833568,13683.5217892,425.974699653
414465,10.5577831941,13683.555776,363.285940539
414466,11.6051868942,13683.5896981,404.853061726
414467,10.5676188878,13683.6225318,416.181758914
414468,11.6666197036,13683.6565026,398.889217572
414469,11.1392131443,13683.6883431,433.857694864
414470,11.4863500237,13683.7201236,387.313182472
414471,11.4398300515,13683.754047,426.967807064
414472,11.5777962485,13683.7848852,415.995874341
414473,9.93311406896,13683.8226368,420.136674055
414474,12.3871262842,13683.8560544,413.255029015
414475,11.2551439865,13683.8873539,424.57410748
414476,11.5673856922,13683.9205455,391.757144515
414477,9.93977679229,13683.9558825,360.582442844
414478,12.0685864717,13683.9903035,439.303178613
414479,10.8073602641,13684.0225991,387.561040534
414480,10.9423692478,13684.0561684,388.723721018
414481,11.7234716216,13684.0904496,413.491347984
414482,11.8810807685,13684.1220115,455.682431102
414483,11.1962625859,13684.1563653,456.032997582
414484,11.0791319241,13684.1863377,396.224207995
414485,10.1437161492,13684.2229623,397.032876784
414486,12.2677361795,13684.2567814,421.231975037
414487,10.4741609035,13684.2888607,375.758241446
414488,11.3020969615,13684.3218803,399.589470155
414489,11.4640040218,13684.3559955,425.560135534
414490,10.5137732733,13684.3881757,402.280652332
414491,11.8014921189,13684.4250508,393.540392401
414492,11.4947345252,13684.4562704,450.353078119
414493,11.6208030676,13684.4875712,410.199533964
414494,10.2373398911,13684.5218098,390.631993613
414495,11.5813888453,13684.5571195,432.871353773
414496,10.8083109618,13684.590385,388.798847844
414497,10.5199879817,13684.6252466,412.56597811
414498,11.5819265717,13684.6576186,444.81233019
414499,11.9476667111,13684.6914543,432.597937962
414500,10.7083982528,13684.7218046,406.214022814
414501,10.7033358632,13684.7588547,402.764125037
414502,11.3995349802,13684.7896728,423.780683503
414503,11.4224580192,13684.822804,379.184317996
414504,10.6525528562,13684.855895,448.926433906
414505,11.5873072837,13684.8901244,406.712835041
414506,11.1769732096,13684.9215572,428.531624608
414507,10.9835580232,13684.9565106,415.056435803
414508,11.1781807415,13684.9885653,429.742538145
414509,11.6775198422,13685.0254604,452.720441229
414510,10.7144321326,13685.0566291,416.762488252
414511,12.3860876609,13685.0885342,448.129952484
414512,10.0559496758,13685.121053,388.164867787
414513,10.8513477067,13685.1566038,392.152752953
414514,11.2581224598,13685.1897165,447.501516963
414515,11.5423862776,13685.2236407,432.954893887
414516,11.8722321644,13685.2557157,442.788105218
414517,10.9547176536,13685.2897295,456.16896497
414518,10.451052702,13685.3231164,378.697467496
414519,10.9073595887,13685.3556802,406.948309407
414520,11.2791088832,13685.3883077,425.029389597
414521,10.6128259929,13685.4237166,383.97315909
414522,10.8391603507,13685.4561109,430.16584063
414523,11.4475466422,13685.4897641,421.854131382
414524,11.223246367,13685.5215072,418.282427041
414525,11.7518139784,13685.554581,462.520106733
414526,10.9009774114,13685.5861614,436.17533739
414527,12.2142120641,13685.621245,477.449159448
414528,10.9155230571,13685.6545743,421.768805045
414529,11.2904182487,13685.6907435,424.255400027
414530,10.7931417163,13685.7196082,386.900635719
414531,10.4689231109,13685.7551503,410.029109443
414532,11.2862271418,13685.790631,448.334630209
414533,10.389903428,13685.8249276,406.004670396
414534,11.6041251556,13685.8569517,406.475791666
414535,10.9960733511,13685.8875024,425.876089625
414536,10.9123339897,13685.9249558,459.356121824
414537,11.3641845116,13685.9582016,418.78214921
414538,10.1128343839,13685.9919333,402.866688113
414539,10.8214945262,13686.0251727,424.114237496
414540,12.1666048825,13686.059407,420.056328419
414541,10.8035173365,13686.0890325,424.648324696
414542,11.696240479,13686.1233409,442.142643361
414543,10.5304869347,13686.1545517,402.644841926
414544,11.9167563547,13686.1877713,443.008522886
414545,10.1473675646,13686.2221435,426.189437713
414546,10.6541166045,13686.2593358,410.84019804
414547,11.9323722509,13686.2868697,434.016974861
414548,11.1685814329,13686.3240086,442.253261378
414549,10.9806071528,13686.3556025,400.152368496
414550,10.3729534014,13686.3883758,436.897173099
414551,11.6020924214,13686.4254083,433.489946576
414552,11.7249559046,13686.4561901,442.762652803
414553,11.0788755927,13686.4887216,424.481447295
414554,11.2601344071,13686.5251477,446.304912371
414555,11.2947759316,13686.5584457,413.302381942
414556,11.0576041334,13686.591677,457.656589058
414557,11.3509209614,13686.6220158,427.434147748
414558,10.2957330217,13686.6583167,431.561956299
414559,12.2135968355,13686.6923788,417.590716867
414560,10.3064169485,13686.7251908,428.181701531
414561,11.7585151862,13686.7592364,420.192148396
414562,11.3559309085,13686.791004,415.384989108
414563,11.1937447583,13686.8220338,432.374239747
414564,10.6081950943,13686.8571088,430.776324103
414565,11.2424822215,13686.8897358,436.434260337
414566,11.2465730589,13686.9252819,445.057462719
414567,11.3286434953,13686.9579563,396.826065859
414568,10.3051211234,13686.9923661,422.509966059
414569,12.3911553472,13687.0249681,450.363525872
414570,9.94594531842,13687.0561804,408.752942448
414571,11.4476994607,13687.0925787,410.204793559
414572,10.4114942424,13687.1234441,407.77983246
414573,11.2571515515,13687.1570132,433.071267065
414574,11.7749243449,13687.1905468,433.918343977
414575,10.4421928329,13687.223719,417.557165503
414576,10.9596906113,13687.2588883,473.174408966
414577,12.9273470338,13687.2908977,456.684950555
414578,10.3404094046,13687.3211997,388.006553874
414579,10.9525455257,13687.3547389,423.482690284
414580,10.512845496,13687.3888535,402.38250884
414581,10.9887687888,13687.4219449,425.735025901
414582,10.3473754199,13687.4541424,403.945421306
414583,10.8056430393,13687.4901499,412.17544295
414584,10.1688529584,13687.5241107,395.148594126
414585,10.7242159699,13687.5553875,381.727861112
414586,11.2771476733,13687.5871963,409.719121755
414587,10.121289713,13687.6196706,416.943086949
414588,10.8243077891,13687.6564387,424.086378038
414589,11.1030794819,13687.6925818,448.817182254
414590,11.2517457089,13687.7232093,404.906541117
414591,11.7443131546,13687.7536601,462.821313747
414592,11.1610293557,13687.7918053,466.765936964
414593,11.6100640357,13687.8232176,419.411052456
414594,10.2695114104,13687.8555152,385.346225319
414595,11.259387392,13687.8897385,408.763836775
414596,10.0182364289,13687.9219559,416.329749835
414597,11.1622494734,13687.9577209,442.706691086
414598,11.6776942764,13687.9939869,452.727203789
414599,10.8702251894,13688.0234018,393.586221965
414600,11.969210712,13688.0563506,420.969239101
414601,10.3042576759,13688.0880365,429.206657739
414602,11.9714375208,13688.1224059,435.273302843
414603,11.5027757017,13688.1540749,478.161406642
414604,11.9669104313,13688.1880569,464.402475854
414605,10.8450240667,13688.2219106,427.51959727
414606,11.0539873393,13688.2581482,407.95054402
414607,11.2564120412,13688.2885487,423.277015945
414608,10.240739636,13688.3227292,398.731847753
414609,10.8781672808,13688.3571682,408.47481927
414610,10.6609453843,13688.3890793,412.89663928
414611,13.1293749613,13688.4243389,448.517589601
414612,10.7243327538,13688.4549623,477.323172578
414613,10.9747470792,13688.4904883,426.746940306
414614,11.7963931216,13688.5209018,422.864085166
414615,10.702525326,13688.5537741,430.369290481
414616,10.3557072856,13688.5889888,374.956694576
414617,11.3937500682,13688.6213375,419.871671058
414618,11.0001091869,13688.6564398,451.138604391
414619,10.688971591,13688.6918828,438.899117853
414620,10.6224280297,13688.7250081,399.578412584
414621,11.3316619772,13688.7569599,453.691217409
414622,10.9804157033,13688.7906077,427.390730434
414623,12.5143175498,13688.8227338,434.230589732
414624,10.0471280862,13688.8535844,412.422064136
414625,11.3749033275,13688.88741,429.694407094
414626,10.9234919201,13688.9196708,374.597739792
414627,10.1344875336,13688.9548105,424.561249921
414628,10.9131805113,13688.9922014,433.515707904
414629,11.0947169122,13689.0252437,423.05655514
414630,12.0408877121,13689.0576039,439.121121414
414631,10.6689495927,13689.0889102,425.020743434
414632,11.8394318224,13689.1181958,382.360495018
414633,10.2228996001,13689.1521656,433.479874815
414634,10.6531601165,13689.188629,413.419483846
414635,10.4881460376,13689.2228685,397.167132676
414636,10.754965119,13689.256371,410.383313477
414637,10.9913142873,13689.288215,415.930851631
414638,11.2005874061,13689.3240197,444.085988021
414639,10.297947532,13689.3589603,409.594309498
414640,11.6258035511,13689.3918593,402.897417664
414641,11.201052336,13689.4207968,433.670262501
414642,10.3589557429,13689.4582065,409.408158076
414643,10.2162087834,13689.4904897,381.435532086
414644,11.0473836704,13689.5251551,412.76431726
414645,11.0461850676,13689.5566549,388.976315012
414646,11.2088424248,13689.589737,392.309484869
414647,10.1662308027,13689.6210551,408.424447673
414648,10.0764597639,13689.6580111,389.217524952
414649,11.3546821587,13689.6932569,415.494491508
414650,10.1863440079,13689.7282518,388.552614429
414651,11.3918914196,13689.7594156,432.891873946
414652,11.146350398,13689.7892807,375.683271511
414653,11.6925159836,13689.8228303,441.227900702
414654,10.621371644,13689.8566077,386.915445209
414655,10.036330424,13689.8889119,418.889067938
414656,12.5710276547,13689.9217597,429.811506046
414657,10.7734987212,13689.9520061,420.994365118
414658,10.6527139852,13689.9881126,389.807827166
414659,11.074811553,13690.0224978,425.768533927
414660,10.6428661254,13690.0534939,418.604368365
414661,10.6164900586,13690.0894977,409.526889732
414662,10.387027405,13690.1245363,405.626387116
414663,10.6156730776,13690.158768,409.357752636
414664,10.8416880267,13690.1940585,389.697987491
414665,11.4334536648,13690.2223285,398.862057498
414666,10.4776517724,13690.2535012,386.538736804
414667,10.4975481543,13690.2910662,411.28423746
414668,10.3277517325,13690.3230374,366.889655456
414669,10.9743038389,13690.3607026,424.465871117
414670,11.6442459394,13690.3905817,438.788808159
414671,11.5048436245,13690.4214277,426.300643946
414672,9.73721949289,13690.4556055,402.6549246
414673,10.8487068393,13690.4925079,425.319120673
414674,11.6913372617,13690.5253302,442.420964125
414675,10.9152985567,13690.5586614,447.660334432
414676,11.705481032,13690.5909379,453.351330963
414677,10.1375473181,13690.6241791,384.959928087
414678,11.1127427252,13690.6556029,412.820070018
414679,10.9165063948,13690.6915583,409.187007581
414680,11.5765579347,13690.7215614,433.155135099
414681,11.0936706872,13690.7562568,448.436852746
414682,10.6023707623,13690.7896358,416.876805421
414683,11.7471567667,13690.8199673,433.054437184
414684,10.8514858628,13690.854714,431.064946717
414685,10.3989750924,13690.8927117,441.681088662
414686,11.7046397219,13690.9251236,419.575010527
414687,9.87674539137,13690.9570782,413.999426167
414688,12.2331985528,13690.9947765,422.00102456
414689,10.6425823474,13691.0232445,389.873105261
414690,10.6327958605,13691.0595175,395.562871579
414691,10.3229774047,13691.0913179,381.391757002
414692,11.3049875831,13691.123341,424.652413326
414693,10.9524284904,13691.1562198,431.892460799
414694,12.059352064,13691.1923785,442.103149325
414695,10.9303549059,13691.222941,414.633760558
414696,10.5447801658,13691.2581712,441.623651832
414697,11.4504627379,13691.2900679,455.72266293
414698,10.7840115156,13691.3260389,397.694694384
414699,11.4455265184,13691.3550879,422.400408689
414700,12.0054759982,13691.3894936,437.994252472
414701,11.2937185703,13691.4208327,437.549616383
414702,10.2188897138,13691.4542573,380.850767361
414703,10.2745811178,13691.4896272,414.563751326
414704,10.276330925,13691.5251821,414.888964623
414705,10.8828503302,13691.558331,407.635024413
414706,12.158573833,13691.5919524,430.042414166
414707,10.720592618,13691.6237654,418.515239468
414708,10.9233698147,13691.6578255,435.704180496
414709,13.0436233307,13691.6891839,442.330788021
414710,9.29929767468,13691.7239424,412.0124122
414711,12.1168319711,13691.7590316,441.89074513
414712,11.1794479838,13691.7908866,422.902425962
414713,10.7579614688,13691.8244375,395.565430331
414714,9.90592565955,13691.8579391,345.431431138
414715,11.1579719416,13691.8895204,413.89909988
414716,10.4216866909,13691.9230096,417.908336839
414717,11.7596661824,13691.9590448,444.851245274
414718,11.6849348607,13691.991516,441.560686036
414719,9.92147097086,13692.0253975,386.682887489
414720,10.3467075713,13692.0597496,414.385315299
414721,12.3357547046,13692.0941829,381.013103846
414722,10.326115263,13692.1227201,418.558099318
414723,11.6384503629,13692.1559109,441.494762298
414724,10.7476476093,13692.1903701,394.747504618
414725,10.465030153,13692.2249255,409.475648476
414726,10.1374436458,13692.2596281,404.609747201
414727,11.1077786,13692.2943124,400.650660553
414728,11.0709477347,13692.3251751,441.035211182
414729,9.35269359961,13692.3587309,426.035469127
414730,10.7695026425,13692.3885124,419.31968204
414731,7.88007257154,13692.424238,420.385439167
414732,12.7407968385,13692.4604233,462.018607703
414733,11.3932632552,13692.4894857,408.730838163
414734,10.4838179358,13692.5243245,430.730565675
414735,10.8227026488,13692.5587731,428.830387705
414736,12.747096714,13692.5924983,458.009411208
414737,10.1328545708,13692.6235674,414.82872029
414738,11.0399420094,13692.6595211,429.423943803
414739,10.7936557277,13692.6922904,388.871314386
414740,10.5524253263,13692.7242156,428.641543065
414741,10.6397427547,13692.7565788,409.595549981
414742,11.9615446887,13692.793227,449.633176092
414743,11.4991202043,13692.8235344,426.708784835
414744,10.9287594096,13692.8575421,411.972193909
414745,11.4496240024,13692.8886264,475.538599798
414746,10.9458251468,13692.9246049,449.978598339
414747,10.8935365724,13692.9595376,430.5359395
414748,10.7442140784,13692.9901342,411.378545397
414749,12.0432019401,13693.0221653,452.542442997
414750,11.0211159977,13693.0567475,430.952412327
414751,10.6898518076,13693.0894391,426.255746416
414752,10.6925582752,13693.1199374,417.009772734
414753,12.4239398409,13693.1543491,432.524437204
414754,10.1315170254,13693.1911617,425.282420057
414755,11.8441903048,13693.2223197,468.257633291
414756,10.5539515885,13693.2575415,428.703540128
414757,11.796995033,13693.2912852,477.741886969
414758,12.2615757917,13693.3253187,470.914753773
414759,11.5341123044,13693.3581527,428.628470966
414760,10.7688061942,13693.3912579,433.168452593
414761,10.8555214613,13693.4255184,419.731232534
414762,11.2629170103,13693.4591914,420.968002958
414763,12.3914213778,13693.4919163,453.092453997
414764,10.5388499847,13693.5206244,437.33052969
414765,11.0815136847,13693.5571028,385.789494415
414766,11.5021144618,13693.5897158,452.838699199
414767,11.7891012758,13693.6213216,434.760573293
414768,11.1490450951,13693.6552262,453.150740032
414769,10.5594167621,13693.6906712,438.692618295
414770,11.7936401477,13693.7238344,438.272994943
414771,11.2443644435,13693.7575796,434.620504826
414772,11.8058764702,13693.793746,464.647862456
414773,11.2927069931,13693.8247898,437.218848654
414774,11.3638983974,13693.8584197,457.246896552
414775,11.6239270483,13693.8912101,449.441811179
414776,11.1007923657,13693.9225302,398.238508691
414777,11.3116922724,13693.9587591,439.121001289
414778,11.9896594825,13693.9938094,467.135351458
414779,11.1147466993,13694.0220909,411.545916799
414780,12.0499775636,13694.0556378,471.49146298
414781,10.913877633,13694.088397,417.874687953
414782,10.851695068,13694.1223494,430.799993613
414783,11.6633454595,13694.158755,449.00093059
414784,11.1116683398,13694.1904857,437.325678906
414785,11.7735394248,13694.2250019,421.880599311
414786,10.4529715237,13694.2573826,432.50551281
414787,11.6810923898,13694.2928863,453.310673428
414788,11.8018593109,13694.3257272,435.870642138
414789,11.885319669,13694.3582199,473.328285953
414790,10.9116419635,13694.3913085,420.20448438
414791,10.5977558206,13694.425251,378.267146105
414792,11.0123794252,13694.4594764,402.21575778
414793,12.6553438266,13694.4921017,469.954791489
414794,10.6822906447,13694.5241317,429.289882796
414795,11.9353138654,13694.5577712,454.169666879
414796,10.7139079883,13694.5922588,441.095638527
414797,11.8013371512,13694.6251324,450.928459395
414798,12.2246182861,13694.6579992,448.161909105
414799,10.6505336349,13694.6862292,406.258878132
414800,10.420777574,13694.7217682,437.672658108
414801,11.6175051148,13694.7587081,450.843028326
414802,10.6106514696,13694.7902707,422.431876763
414803,12.2028126569,13694.8262732,438.11326476
414804,12.0535380916,13694.8537767,442.382911478
414805,11.2005491824,13694.8897456,465.867451578
414806,11.9423280514,13694.9218259,462.061620711
414807,12.0248014796,13694.9564454,496.086824823
414808,12.0889177048,13694.9897703,487.619649095
414809,12.0382059533,13695.0252373,452.354710858
414810,11.1287365661,13695.0541102,464.749683227
414811,11.8156035778,13695.0888525,480.097504195
414812,11.2131224362,13695.1231487,444.016995122
414813,12.5158694561,13695.1577109,456.957804755
414814,10.439075609,13695.1903304,441.413692165
414815,11.8457934693,13695.2262593,440.848170849
414816,11.9679574161,13695.2565511,464.288883235
414817,11.5137881118,13695.2909279,427.718244904
414818,10.7340853374,13695.3242517,444.136968409
414819,12.5188620942,13695.3569337,455.521466419
414820,11.4382870235,13695.3879812,438.550547539
414821,11.0277531092,13695.4244954,464.345672322
414822,12.5510847421,13695.4572738,463.031273335
414823,10.8686519279,13695.4903877,464.436204419
414824,11.9327519601,13695.5231735,447.279275091
414825,11.6137166764,13695.5594636,436.867207836
414826,11.597250846,13695.590564,459.959308374
414827,11.2977522384,13695.624468,440.467470507
414828,11.1417165953,13695.6585015,497.898869083
414829,13.1859973786,13695.6886327,470.464855972
414830,10.4951544621,13695.724048,417.438089641
414831,12.091818304,13695.7566435,500.607119209
414832,11.6559762818,13695.7926228,442.313200839
414833,12.3365304023,13695.8232851,505.346208467
414834,12.2434308762,13695.8571261,454.988031792
414835,11.1132774306,13695.8894218,485.943861157
414836,13.019159892,13695.9209657,529.321320802
414837,11.2030040456,13695.9567237,458.913116837
414838,11.254771823,13695.9913041,473.236054605
414839,12.26091825,13696.0253949,467.846822563
414840,11.2860386034,13696.0584499,452.287204966
414841,11.6450655651,13696.0914047,438.974180804
414842,11.2161858993,13696.1237016,471.079807771
414843,12.0155780149,13696.1577589,449.74229861
414844,11.1015265234,13696.1910121,462.415561097
414845,12.1473777918,13696.2256761,474.525773055
414846,11.1375713539,13696.2572968,440.603223677
414847,11.7426011157,13696.2912639,471.608357001
414848,11.865472491,13696.3240952,484.308995132
414849,11.3564738008,13696.3591179,487.535417501
414850,12.5302860326,13696.3923798,469.509667158
414851,11.0674731078,13696.4239101,461.660905998
414852,11.8437099938,13696.4592264,423.733450431
414853,11.8475971186,13696.4901447,509.4466761
414854,10.5572197619,13696.5260287,441.38775034
414855,12.2133766673,13696.5597424,449.246445386
414856,12.8647939281,13696.5931461,503.209173111
414857,11.8720890812,13696.623769,517.219929419
414858,11.1542567326,13696.6578099,460.307403664
414859,13.0310201437,13696.6892748,465.300488537
414860,10.6602386955,13696.7226643,446.459145482
414861,11.9725166552,13696.7575208,478.001884061
414862,12.5568083469,13696.7917151,496.113125587
414863,10.8192843744,13696.8210312,451.567431111
414864,13.4147112749,13696.8570109,506.394245611
414865,10.7676362724,13696.8880156,446.045352374
414866,11.0918055815,13696.9246312,492.805813873
414867,12.4773016479,13696.9570707,496.119856675
414868,11.7994372561,13696.9924554,477.840789469
414869,11.3687584861,13697.0224207,441.482721778
414870,10.5534804519,13697.0586048,472.437724039
414871,11.8670622509,13697.0925162,483.355220484
414872,12.5220707721,13697.1236377,507.723260799
414873,11.3498898598,13697.1583155,483.270793336
414874,11.7160000694,13697.1890041,501.055943783
414875,11.472966669,13697.2242208,463.343113243
414876,10.9112882616,13697.2572783,453.573735483
414877,12.1833768877,13697.2929493,453.575193249
414878,10.5023334191,13697.3236993,456.217302032
414879,12.5403117773,13697.3577077,460.760476047
414880,12.2570695611,13697.3854234,501.642191534
414881,11.6202723032,13697.4230747,518.503790003
414882,12.1327799624,13697.4554582,477.051280793
414883,10.6358932494,13697.4887939,460.301996327
414884,11.7520168587,13697.5239241,454.090388655
414885,11.8128227405,13697.5586313,537.710556376
414886,12.6986722698,13697.5909216,506.197811942
414887,11.1692326304,13697.624969,480.66646959
414888,12.2700587505,13697.6568915,487.570821122
414889,11.6568700431,13697.6894192,521.962308504
414890,12.2733756955,13697.7243534,527.326840089
414891,11.5642808616,13697.7566936,490.767152442
414892,12.4473148101,13697.7918765,500.221019412
414893,11.3600172784,13697.824777,523.054475403
414894,12.4513840093,13697.8605922,500.539442416
414895,12.1111583936,13697.8919068,492.404610629
414896,12.0112603777,13697.9252877,492.608132493
414897,12.6633806039,13697.9608129,514.544803621
414898,10.7987385889,13697.9886459,438.513891658
414899,10.9088405324,13698.0253786,444.995125961
414900,11.8567323839,13698.0586818,451.023616662
414901,10.9777434276,13698.091829,440.616591357
414902,10.8668960328,13698.126391,418.481330269
414903,10.987356956,13698.1589373,425.963831044
414904,11.3751501648,13698.1932647,419.649008304
414905,11.6014954926,13698.2230827,449.77308789
414906,10.8698592666,13698.2590683,476.045235281
414907,12.7856266933,13698.2908734,446.216539842
414908,10.4966323022,13698.3259868,445.210671647
414909,11.0914695649,13698.3590844,386.454559155
414910,11.1078963698,13698.3910323,437.459365076
414911,11.8829002963,13698.4238264,439.506701895
414912,10.7742437325,13698.4576771,437.519207445
414913,11.3994014603,13698.4884175,389.919522177
414914,11.2314872478,13698.522915,446.442788228
414915,10.9692828093,13698.5561594,439.456357773
414916,11.7835675567,13698.5897733,462.12021184
414917,10.0547762804,13698.624853,435.848747211
414918,11.0375333525,13698.660676,409.431493769
414919,14.6846921149,13698.6910099,477.196010807
414920,10.2256419672,13698.7228219,433.596158938
414921,11.8954256621,13698.7560875,418.543218538
414922,10.4320436608,13698.7897196,428.857242042
414923,12.4687013089,13698.8236262,440.305842427
414924,11.0165740433,13698.8564172,452.753047771
414925,11.6827470317,13698.8909661,484.235419358
414926,11.3030224399,13698.923919,452.685695937
414927,10.9086237037,13698.9595742,409.327844304
414928,11.0277411929,13698.99146,429.232780509
414929,11.960963506,13699.0244846,420.679176528
414930,10.3886729183,13699.0566862,412.156769149
414931,11.911231661,13699.0938826,461.012369296
414932,10.7988313214,13699.1277137,411.632412767
414933,13.7585347807,13699.1581897,516.998799215
414934,10.4232728647,13699.1891361,393.33183816
414935,11.6382209094,13699.225833,425.233263309
414936,10.3710748887,13699.2590485,426.098486334
414937,12.961076215,13699.2930624,421.583784622
414938,12.3228301592,13699.3233172,460.088999572
414939,12.2029773063,13699.3563803,482.596511214
414940,11.1139649456,13699.3888262,448.431614598
414941,12.0360219812,13699.4243959,424.002935118
414942,10.7562160772,13699.4589229,445.702084853
414943,13.3730390447,13699.4911648,395.579829656
414944,11.9489562554,13699.5238508,459.685525417
414945,10.8171234965,13699.5567662,437.659266016
414946,12.3524360081,13699.5920141,448.446168552
414947,11.2480399725,13699.6256538,432.574523482
414948,11.6219848803,13699.6596596,424.79904837
414949,12.6154161386,13699.6915186,465.746402338
414950,11.2678773437,13699.7252894,448.31427561
414951,10.7885574915,13699.7620506,413.92083287
414952,13.4058185136,13699.7966548,487.794981837
414953,12.1472268652,13699.8273186,461.754425148
414954,12.7609523638,13699.857496,442.97234203
414955,10.2032113156,13699.8912496,413.198565687
414956,13.7622860749,13699.9255885,435.63668239
414957,10.5944428658,13699.9586854,430.869622137
414958,13.0514900285,13699.987347,431.094489218
414959,10.4822584966,13700.02434,431.940282835
414960,11.9395620175,13700.0592472,403.30278213
414961,11.5311204249,13700.0935801,456.609073041
414962,12.001976579,13700.1264589,480.678787393
414963,12.352194522,13700.1597586,476.48100041
414964,10.9432854347,13700.1909119,423.548973751
414965,11.5951290692,13700.2277256,411.586252014
414966,12.3286494245,13700.2570169,474.132352217
414967,10.7083916654,13700.2910653,407.200585557
414968,11.8108244791,13700.3255294,423.875335966
414969,11.9223341716,13700.3606705,458.041121406
414970,12.5671938803,13700.392167,469.549112859
414971,11.1461857781,13700.4249796,421.791463874
414972,12.4889286334,13700.4555886,463.438547155
414973,11.1086820802,13700.4894234,405.124360355
414974,10.9608424098,13700.5249803,414.487991208
414975,12.0564684699,13700.5567955,454.162542445
414976,11.6800769149,13700.5895425,413.778161465
414977,11.1307344271,13700.6252493,451.172481342
414978,13.1157737297,13700.6591472,449.58607254
414979,12.0631799346,13700.6902683,487.925432193
414980,11.4342032214,13700.7271715,487.397582073
414981,11.8297019707,13700.7577972,382.229368388
414982,12.6942218928,13700.7913193,456.639234719
414983,11.7350508902,13700.8199305,431.013578401
414984,11.2419644152,13700.8540833,423.0325965
414985,11.9721841753,13700.8895493,447.317715636
414986,11.8267906753,13700.9208868,409.862716274
414987,10.1696645626,13700.957744,417.204213932
414988,11.5346228262,13700.9953814,435.575216073
414989,11.8214786355,13701.0285532,436.595230303
414990,13.0667842524,13701.0587405,515.268884017
414991,11.6562389273,13701.0915562,465.958059998
414992,12.1205090139,13701.1254202,460.898192924
414993,11.0949159999,13701.1575932,446.286014313
414994,12.1266760996,13701.1929409,420.779934124
414995,12.8567990873,13701.2228336,497.443496597
414996,11.5187825139,13701.2564567,414.996013333
414997,11.5282474906,13701.2863455,442.450474143
414998,12.1129684244,13701.3221669,446.539943908
414999,11.5215924242,13701.3573278,459.276745732
415000,11.4259169258,13701.3903981,441.342218436
415001,11.2573575674,13701.4244346,412.701545422
415002,11.1842791205,13701.4580372,442.733612718
415003,12.279397309,13701.4907528,471.119365616
415004,11.4698677482,13701.525055,437.962748259
415005,11.6925986297,13701.5584915,484.361576118
415006,13.3809924549,13701.5898935,468.907856352
415007,10.2709326554,13701.623238,435.153126399
415008,12.4336823241,13701.6611269,469.36121484
415009,12.2342961555,13701.6917602,482.440974383
415010,12.5040983785,13701.7247156,475.484679742
415011,12.3524064575,13701.7562066,505.845749468
415012,13.1107995443,13701.7931994,522.626137686
415013,12.2179306188,13701.8251282,494.486686631
415014,12.118124214,13701.858081,490.147790757
415015,12.2783141053,13701.8921201,477.119550924
415016,12.1967253191,13701.9215856,431.736512194
415017,12.326290992,13701.9564884,477.236039061
415018,11.2373939737,13701.99131,485.554257048
415019,11.7713104454,13702.0266207,418.999129768
415020,11.7222387671,13702.0599792,472.538551637
415021,13.6668450887,13702.0933525,488.195316825
415022,11.2003639882,13702.1248524,433.643611793
415023,12.2149255511,13702.1594178,450.298554354
415024,12.2572575726,13702.19194,486.290377943
415025,12.2108446591,13702.2279375,483.21631071
415026,12.3284348103,13702.2607396,491.284646753
415027,13.5056919772,13702.2896195,479.97488792
415028,11.6076593335,13702.3245897,489.039380299
415029,12.9677465994,13702.3592569,528.346165028
415030,11.8165408968,13702.3920956,508.111258563
415031,13.3522346871,13702.4267224,468.280973885
415032,11.5664570474,13702.4568318,471.395210471
415033,12.6934539998,13702.4905169,473.586627798
415034,11.1437734802,13702.5253425,451.97584641
415035,12.4564116257,13702.5602368,468.566430385
415036,12.7036357672,13702.5910595,523.321954264
415037,11.957146823,13702.6245728,505.746321096
415038,11.7152810807,13702.6601458,480.754941094
415039,12.6493806523,13702.6915729,457.481075893
415040,12.1343232989,13702.7246706,431.579516928
415041,11.7311812427,13702.7558665,462.452628001
415042,12.4760487337,13702.7924505,530.342142538
415043,13.3733976659,13702.8236701,547.656554897
415044,11.9755337701,13702.8555061,486.890506384
415045,11.8439440496,13702.8911535,484.589582874
415046,12.0722961455,13702.9243606,501.109365177
415047,11.4308848676,13702.9578556,421.705158106
415048,11.2900685161,13702.9933642,463.030472452
415049,13.429106332,13703.0235028,492.868327338
415050,12.2840495822,13703.0584575,490.439814223
415051,10.5085345471,13703.0916223,446.458154234
415052,12.792070649,13703.1258265,474.859857759
415053,11.8646892711,13703.1584488,500.43115892
415054,12.1291447172,13703.1917937,459.148609061
415055,12.203609079,13703.2243517,437.291261891
415056,11.4849319754,13703.2578535,489.559960298
415057,12.5861908826,13703.2931524,531.757255395
415058,13.4311416131,13703.32403,547.555868458
415059,12.9489725168,13703.3574586,457.815313802
415060,11.658431433,13703.3912342,480.830800735
415061,11.7721873075,13703.4247849,489.360636786
415062,13.2176108262,13703.4540521,495.968721011
415063,13.0691990103,13703.4878444,501.421412784
415064,11.4047881244,13703.5223976,501.940260608
415065,11.1456264673,13703.5589343,463.180911313
415066,12.5550185515,13703.5945817,489.645723509
415067,13.0949145348,13703.6254139,536.891495928
415068,14.1887333947,13703.6575691,553.178665647
415069,11.9428789719,13703.6877116,489.366661423
415070,11.7982665311,13703.72173,477.939025233
415071,12.4344671572,13703.7558041,514.041534004
415072,11.754106661,13703.790595,502.685641127
415073,12.4411546724,13703.825956,485.205032225
415074,12.1143293347,13703.8576765,517.949563878
415075,12.3564471081,13703.8929638,491.780385595
415076,11.8484164862,13703.9259762,512.777783121
415077,13.4077417206,13703.9591465,506.308709439
415078,12.6250231995,13703.9902996,514.53746328
415079,12.4437587917,13704.0237915,517.726169892
415080,12.7501296685,13704.0554332,526.47383619
415081,12.1536351507,13704.0893681,463.753160398
415082,11.312072014,13704.1229621,507.028217418
415083,13.0996288145,13704.1593854,519.545217184
415084,11.9222256925,13704.1924829,514.454745037
415085,13.774711907,13704.2259571,555.959386062
415086,12.7542627127,13704.2554288,542.468646261
415087,12.3046237992,13704.2899903,491.569335779
415088,11.8910170046,13704.3247171,527.376993608
415089,12.4565491741,13704.3583192,484.205790733
415090,11.9751833852,13704.3928542,508.20511195
415091,13.7588845557,13704.4231525,531.278264367
415092,11.5300034515,13704.4578514,540.436242458
415093,12.2589059857,13704.4941133,531.674843858
415094,12.3114364341,13704.527859,504.0176374
415095,13.3515769877,13704.5585092,544.475934455
415096,12.1150009631,13704.5921074,505.06623883
415097,14.452313434,13704.62427,565.305338998
415098,11.6193202808,13704.6569394,533.350849048
415099,13.9058166691,13704.689217,510.932329439
415100,11.8950805859,13704.7240781,525.945531298
415101,12.2113999977,13704.7597719,542.549080055
415102,12.4811108819,13704.7917901,537.702712602
415103,13.6480534689,13704.824533,563.219962379
415104,11.5734048756,13704.8588646,540.863237524
415105,13.5529368881,13704.8925083,556.826168494
415106,12.6543418357,13704.9236948,534.636582755
415107,13.9292477043,13704.9562361,607.80061272
415108,12.4933976573,13704.9916062,632.121476982
415109,13.3322458957,13705.0276339,553.890237643
415110,12.9982948698,13705.0577702,583.187587958
415111,13.0509224813,13705.0922859,584.092573962
415112,13.6856755388,13705.124779,571.202783122
415113,11.84517149,13705.1585006,592.377014374
415114,14.6422911175,13705.1898662,606.551497086
415115,12.7226839278,13705.224849,590.749164807
415116,13.2197942775,13705.2569326,568.297414605
415117,11.6870129562,13705.2909679,538.110487073
415118,13.2661032525,13705.3259131,565.640259201
415119,13.0528952586,13705.3579662,532.295724303
415120,11.5304514996,13705.3890005,486.743502885
415121,11.9081042431,13705.4251261,517.146359755
415122,13.931805301,13705.4568252,567.282857005
415123,11.5833856549,13705.4896815,500.906098425
415124,12.508785924,13705.5228309,507.801247816
415125,12.4879827934,13705.5558183,519.115696373
415126,12.0155218966,13705.5878815,484.06301237
415127,11.6905903375,13705.6235035,521.903358448
415128,12.446593087,13705.6595187,548.639272395
415129,11.8441595922,13705.6936372,551.739551497
415130,15.0878521456,13705.7241037,527.211957158
415131,11.4296517512,13705.7574313,555.720904915
415132,12.3348133608,13705.7947315,539.639273881
415133,14.2112525168,13705.8239171,568.094708263
415134,11.4427283772,13705.8573553,529.960177913
415135,13.4312329143,13705.8929493,618.566241664
415136,13.7383309383,13705.9252472,569.436830664
415137,11.5478226149,13705.9561934,567.490599264
415138,12.5066913034,13705.9918824,522.294762477
415139,12.3798168664,13706.026829,523.916424032
415140,12.6576542759,13706.058941,586.365065856
415141,12.9307724054,13706.0925544,542.013805521
415142,11.6690158072,13706.1273402,509.44309045
415143,13.806080592,13706.1559719,594.463602649
415144,12.2564617301,13706.1897361,546.890958597
415145,12.666668183,13706.2259339,566.470622111
415146,13.2576828638,13706.2585414,585.143119055
415147,12.2995480762,13706.2924767,565.779211506
415148,11.8913319898,13706.3285903,546.095746752
415149,15.2142223005,13706.3584709,555.267008024
415150,11.1218743402,13706.3916503,574.043883924
415151,14.7684615618,13706.4255484,596.250915935
415152,13.2157387079,13706.4605547,603.454420737
415153,12.5735301049,13706.4886079,538.75779203
415154,11.4034081665,13706.5264909,561.436931432
415155,14.389928708,13706.5604437,614.738023882
415156,12.2700612084,13706.5906267,535.964363673
415157,15.286348987,13706.6250752,601.824161442
415158,12.2624763502,13706.6554492,588.726585081
415159,11.5271696816,13706.6941323,580.264486211
415160,14.4577273971,13706.7283991,577.585757144
415161,12.7206737177,13706.7606504,611.915973947
415162,13.6455317528,13706.7948007,576.190556276
415163,12.5376300654,13706.8250457,559.717777225
415164,12.5648399715,13706.8614056,589.87875749
415165,13.9162186875,13706.8952313,661.130243413
415166,14.1805407178,13706.9260057,576.714065871
415167,12.9293940842,13706.9549644,551.28364991
415168,11.660701149,13706.9869064,554.833756825
415169,13.8257897268,13707.0241153,635.986327435
415170,12.7741500215,13707.0585349,596.294258074
415171,13.0083475586,13707.0925069,582.187138065
415172,12.0554592358,13707.125004,553.501831335
415173,14.0468363575,13707.1585392,615.020482213
415174,12.6707372446,13707.1897362,604.6212409
415175,13.767846884,13707.2262394,629.719102111
415176,12.8926621847,13707.2564074,585.304144396
415177,12.9877567143,13707.2860846,608.764296226
415178,13.4952911195,13707.3244709,573.827649543
415179,11.3722024048,13707.3581583,535.218906049
415180,13.8082157757,13707.3890964,539.758191605
415181,11.4211443709,13707.4260746,553.071200975
415182,11.6768409448,13707.4612069,489.592549171
415183,14.1251358628,13707.4910321,513.386025141
415184,11.5154378439,13707.5239021,455.697173001
415185,10.8522190328,13707.5592599,451.118273753
415186,12.3854443581,13707.5889176,434.021032705
415187,9.95110683774,13707.6255437,429.975339365
415188,11.570908138,13707.6589256,433.870483767
415189,11.1815418001,13707.6957501,453.921021038
415190,11.5051519169,13707.729407,441.863743627
415191,11.2063454298,13707.7606645,417.050735978
415192,11.5088028928,13707.7930162,458.189133744
415193,11.8644534054,13707.8267083,440.744882397
415194,11.2378161738,13707.8579647,450.775128398
415195,11.6492090173,13707.890476,461.285142728
415196,10.1906615216,13707.9258031,428.977225204
415197,11.4734646925,13707.9606349,443.624149608
415198,10.9483810392,13707.9934488,418.337052117
415199,11.0222653704,13708.0313465,435.484111318
415200,10.5601424285,13708.0605367,424.775083925
415201,12.1651513055,13708.0945535,435.403664377
415202,10.7838016316,13708.1292217,462.573556138
415203,12.8067374562,13708.1600622,431.455924806
415204,10.3879054544,13708.1909443,444.621769669
415205,12.0758685021,13708.2266764,443.202471008
415206,10.6159148885,13708.2614125,446.49987787
415207,11.1877416694,13708.2920754,399.012026106
415208,11.7914010155,13708.3257903,451.781494141
415209,10.6368518853,13708.3597044,443.825751831
415210,12.1608816419,13708.3900898,422.842091271
415211,11.4722862549,13708.4255753,486.59266342
415212,11.1035971214,13708.4573479,414.716008012
415213,10.0449875757,13708.4912427,436.812611168
415214,12.9040679655,13708.5261505,434.16004665
415215,11.0930500204,13708.556939,427.478422555
415216,10.999325919,13708.5926407,475.394887242
415217,11.7403053644,13708.6275946,479.631349281
415218,11.8867378995,13708.6567409,438.03879104
415219,10.8078403363,13708.6895927,414.660651069
415220,10.8786694554,13708.7220983,417.803228151
415221,10.0561705259,13708.7579486,420.679794952
415222,10.4037120199,13708.7980457,458.354067705
415223,11.7117143961,13708.8351126,449.796926171
415224,13.8272580727,13708.8613722,469.516352088
415225,10.6519736105,13708.8951097,438.157511316
415226,11.8333065769,13708.9269125,439.906255646
415227,11.1870133264,13708.9587003,444.111748383
415228,11.1616082362,13708.9918322,426.192239129
415229,11.4218291991,13709.0241624,447.350926654
415230,10.8313515782,13709.0578149,438.903687214
415231,10.8891328455,13709.0929853,407.870346337
415232,12.1606450947,13709.1239671,448.627277919
415233,10.9901313742,13709.1569357,427.062420857
415234,10.339153166,13709.1896189,421.122224905
415235,11.5081794705,13709.2260412,455.700657593
415236,12.0519402515,13709.2605939,483.73191338
415237,11.8351781742,13709.2886982,454.076164577
415238,11.0177961908,13709.3205756,440.436316598
415239,11.4978628584,13709.3556524,466.195450333
415240,11.7065180834,13709.3911281,488.457886387
415241,11.5840646383,13709.4240159,513.240739426
415242,11.262003758,13709.4606282,483.742063861
415243,11.5911370445,13709.4947247,435.555386461
415244,12.0949714668,13709.5262369,474.332645824
415245,11.0812288766,13709.5554783,422.106102877
415246,10.2900550417,13709.590662,418.110654359
415247,11.7967432441,13709.6269626,480.925313579
415248,11.7336916859,13709.6573009,455.654163851
415249,10.1035121727,13709.6930894,431.976841549
415250,13.4144843951,13709.7294074,424.203243253
415251,11.0887662312,13709.7564206,433.881190683
415252,11.6012119754,13709.7868185,461.868129542
415253,10.912417879,13709.8231588,431.144092676
415254,11.358854233,13709.8590871,460.419075046
415255,10.8156137998,13709.8931158,441.059616835
415256,11.5021753297,13709.9266166,468.210595599
415257,10.6092963089,13709.9605956,417.149112419
415258,13.190473759,13709.9933264,503.143528302
415259,11.1973620629,13710.0297454,468.017587588
415260,13.0482279691,13710.0578218,468.647593125
415261,10.351688569,13710.0912478,446.684657785
415262,13.4628037225,13710.1283771,503.911862116
415263,11.3927257002,13710.1579884,476.455720755
415264,11.1194266459,13710.1948473,463.02766575
415265,11.8312031546,13710.2281538,472.508097388
415266,12.8755981179,13710.2575769,432.052585091
415267,10.1109074134,13710.2878068,430.753136298
415268,11.5127149177,13710.327952,452.817192241
415269,10.3811015723,13710.3612035,439.94319708
415270,13.4937420188,13710.391328,490.066256918
415271,11.2468563429,13710.4256158,463.44690997
415272,11.305529956,13710.4606229,485.216697954
415273,12.5586508258,13710.4927285,484.119293046
415274,12.780915241,13710.5201424,442.743891293
415275,10.2648850413,13710.5545948,454.097909742
415276,12.221994956,13710.5919878,466.201425163
415277,11.5201599609,13710.6206983,464.82096686
415278,10.7219985614,13710.6546154,487.349924601
415279,11.6899751333,13710.6919982,415.282150466
415280,10.970074335,13710.7257987,461.916991799
415281,11.0717430116,13710.7601534,435.472920122
415282,10.7932404903,13710.7941092,447.236254302
415283,13.2178866188,13710.8286909,440.772423881
415284,10.9181740506,13710.8581591,468.464739107
415285,12.7151067035,13710.8931902,489.985508609
415286,10.1906391389,13710.9261758,451.503969477
415287,11.6634984832,13710.9635391,481.746258789
415288,11.4682577008,13710.9965198,453.395214934
415289,13.1724354153,13711.0295069,492.691347217
415290,11.7593236157,13711.0557559,487.976509119
415291,10.4157109955,13711.0901278,427.298117028
415292,12.4826985001,13711.1273114,457.112260429
415293,10.7110316703,13711.1578537,451.390884056
415294,11.6576369349,13711.193128,454.498359004
415295,12.0489060563,13711.2263552,484.360028945
415296,11.2126223632,13711.2571711,444.563155479
415297,11.2463285418,13711.2949989,475.415177956
415298,11.9564168581,13711.3242096,473.449952588
415299,11.0207117865,13711.3610381,443.027130843
415300,11.5067045641,13711.3908081,427.609949774
415301,11.1567197601,13711.42697,454.696216648
415302,11.8540768941,13711.4588032,466.84599667
415303,11.1409534084,13711.4945929,455.282118641
415304,11.4433517019,13711.5257921,498.672854919
415305,12.8686781809,13711.5577129,464.52185115
415306,11.6701993319,13711.5906311,471.886064901
415307,11.2432935317,13711.6237872,457.534360974
415308,10.6238454469,13711.6597458,468.775299349
415309,11.8265017133,13711.6948094,466.809865409
415310,11.9820911918,13711.7279264,492.579090872
415311,11.5694033726,13711.7606687,446.435078771
415312,11.5011302784,13711.7922836,492.135501414
415313,11.3371421197,13711.8274271,419.780555848
415314,11.7079260994,13711.8607209,483.581286067
415315,10.572207262,13711.8956207,462.888855744
415316,11.4276272407,13711.9299387,436.349846597
415317,12.4164316969,13711.9574031,483.7630454
415318,11.3532838752,13711.9939271,453.847434158
415319,11.3931933138,13712.0240758,435.929244359
415320,10.9044187743,13712.0588081,434.538009733
415321,11.4332988857,13712.0903918,485.612462185
415322,11.2453960104,13712.1249312,449.112453214
415323,11.2699980278,13712.1606446,471.996343874
415324,12.0461870316,13712.1930502,457.913582228
415325,11.3196968586,13712.2256565,454.764506829
415326,11.9167964449,13712.2594829,452.681437795
415327,10.8190965529,13712.291448,474.192498121
415328,12.5928152503,13712.3271014,530.694165004
415329,13.0065888998,13712.3548549,477.892591478
415330,10.2968278249,13712.3925343,450.243440978
415331,12.1913279569,13712.4269103,480.591982671
415332,10.6745312815,13712.4605725,460.368167477
415333,12.2412198409,13712.4949792,455.399702526
415334,12.6506894682,13712.5236568,518.523968544
415335,11.0046895632,13712.5571025,451.728767255
415336,10.4728362082,13712.5939665,444.941499898
415337,12.1089252789,13712.6291936,474.725469884
415338,11.5085192934,13712.6627058,493.794609181
415339,11.1954109321,13712.6956778,454.62191497
415340,12.6241319333,13712.7262164,502.751200308
415341,11.1320643586,13712.7598481,449.299826247
415342,11.5107036495,13712.7915216,467.425284125
415343,11.6069087573,13712.827095,462.82321261
415344,12.6887594988,13712.8581935,504.846818046
415345,11.8951270351,13712.8919661,528.497160955
415346,11.9237432376,13712.9254207,517.413523419
415347,11.6782407388,13712.9578023,478.807870289
415348,11.7903396272,13712.989619,453.430158359
415349,11.2926908128,13713.0229556,478.042424374
415350,11.7214329811,13713.0586895,484.422873997
415351,10.6755169395,13713.0956209,474.670507434
415352,14.1549999953,13713.1287169,480.645108861
415353,10.3245363483,13713.1603525,483.823240008
415354,12.8939140253,13713.1938627,488.269217842
415355,12.515457665,13713.2238279,476.245644029
415356,11.4901339344,13713.2603563,519.094698444
415357,11.1303502949,13713.29449,438.908538197
415358,12.350394698,13713.3295316,476.57163056
415359,11.6659326292,13713.3590515,480.574126469
415360,12.460054542,13713.3926516,469.53083184
415361,11.5446314513,13713.4270226,487.615495425
415362,11.6712602418,13713.4614538,480.368428062
415363,11.1833838725,13713.4914565,429.214718105
415364,11.7397982682,13713.5295758,461.450239918
415365,12.5750978283,13713.560214,479.835151201
415366,12.0250228,13713.5909115,453.934656103
415367,11.8395509208,13713.6258274,480.924831872
415368,10.7112564286,13713.6616729,463.563576808
415369,12.3473084528,13713.6977691,522.54066121
415370,13.1351712783,13713.7270297,453.876715712
415371,11.5855214872,13713.7574413,491.258899174
415372,12.1368902881,13713.7918161,488.952516939
415373,11.4220552905,13713.8272871,476.451701522
415374,12.1066672097,13713.863191,474.945650191
415375,12.9017370459,13713.8927203,521.683456457
415376,11.7880633789,13713.9264103,489.73693385
415377,11.5033568294,13713.9601253,439.693149822
415378,12.2839579975,13713.9935447,465.495559792
415379,11.8239124032,13714.0263447,502.06398282
415380,12.2998066701,13714.0610559,549.376066117
415381,12.8886936456,13714.0931285,502.989422935
415382,12.5871787981,13714.1247032,481.613818965
415383,10.6701797938,13714.1590909,505.793534618
415384,13.2820960048,13714.1953806,499.272557787
415385,12.6641012648,13714.2256005,501.472825392
415386,10.8843542383,13714.2606321,479.900053142
415387,12.7523618189,13714.2929632,476.296872849
415388,12.0977523601,13714.3243813,518.935763256
415389,12.9873065195,13714.3556304,494.712400841
415390,12.6473377131,13714.3927185,560.492566423
415391,10.7964191939,13714.4261368,501.539865087
415392,14.1603257815,13714.4444608,516.221080614
415393,11.5522045409,13714.4927273,527.49445593
415394,12.1473029642,13714.5302675,477.158677628
415395,12.090942861,13714.560672,498.96202406
415396,13.0336633996,13714.5952402,521.183589728
415397,11.6830527722,13714.6257472,482.412475111
415398,12.4650284759,13714.6590282,520.554871724
415399,11.8898010743,13714.6929726,526.383932496
415400,12.9344629021,13714.7269733,506.430061073
415401,12.8216760135,13714.7587314,516.858283928
415402,11.8499068548,13714.793619,523.545996926
415403,13.1611999278,13714.8267145,526.44799711
415404,4.77635603771,13714.8711635,504.080966329
415405,4.17083579461,13714.8809673,513.267058987
415406,13.6315662681,13714.9270651,563.03484418
415407,11.7941468957,13714.9588216,551.305408715
415408,13.1399096702,13714.9925061,489.891359727
415409,12.3977025899,13715.0258313,555.134735144
415410,12.9392983365,13715.0590415,560.138623256
415411,12.2447649512,13715.092447,507.825700594
415412,10.2775525606,13715.1322316,518.990964199
415413,17.6143002211,13715.1653284,523.118027552
415414,11.6416908552,13715.1927532,480.563583733
415415,10.90486425,13715.2303696,493.85913771
415416,16.0971779118,13715.2631344,541.592893946
415417,12.3641504902,13715.2893414,545.285670758
415418,12.5762926227,13715.3256697,558.194749331
415419,9.61421676165,13715.3616287,513.798711766
415420,21.2497363485,13715.4058894,514.401651242
415421,11.5312131348,13715.4284534,535.053259782
415422,13.0317687849,13715.4614003,529.994201982
415423,12.2107979829,13715.4959301,574.037392603
415424,12.7524773446,13715.5292847,525.179160485
415425,11.9260685228,13715.5621568,543.389165527
415426,14.7568452197,13715.5930838,534.10810694
415427,12.8827462641,13715.6264178,552.758395281
415428,12.193769993,13715.6619649,575.566610704
415429,12.7021398196,13715.6936392,549.578597131
415430,12.2246855985,13715.7295655,556.189609417
415431,13.1968921845,13715.7623674,495.191288663
415432,11.9239019379,13715.7933631,504.199200829
415433,12.6759412613,13715.8259333,549.761870979
415434,12.7832878976,13715.8584943,499.694129236
415435,11.6924043997,13715.8920269,551.033632509
415436,12.8075026344,13715.9279931,508.927031477
415437,12.8242391019,13715.9585304,539.228374534
415438,12.8322881135,13715.991799,579.729772226
415439,13.0653682829,13716.0231727,570.554325928
415440,12.1582157073,13716.0603799,536.203503221
415441,13.4576741928,13716.0952876,548.802567554
415442,12.1124535082,13716.1257291,504.669412646
415443,11.5241040286,13716.1612035,523.681459105
415444,13.6629164172,13716.1945032,549.921777836
415445,13.727668651,13716.2247701,624.118457173
415446,13.4814332141,13716.2587421,601.247738921
415447,12.3789069298,13716.293691,623.385824402
415448,12.3335381243,13716.3282966,476.879086544
415449,12.4738370396,13716.3610998,518.377609774
415450,12.551041977,13716.3940605,542.896042499
415451,12.5723869149,13716.4240067,509.142864912
415452,12.2433867127,13716.4582253,515.82305086
415453,12.1487710282,13716.4893696,492.737139538
415454,12.4803042824,13716.5249165,566.99603318
415455,13.28686496,13716.5566757,594.652153171
415456,13.6238762962,13716.592226,535.853224544
415457,9.79912067479,13716.6288373,526.97043491
415458,15.2174951136,13716.6646581,510.183403361
415459,11.979737293,13716.6929267,513.733822341
415460,13.5487111638,13716.7248943,549.349699175
415461,11.6719460961,13716.7595542,558.67060072
415462,12.752077841,13716.795335,560.51148539
415463,15.4159070381,13716.8231844,595.461235674
415464,11.7001551733,13716.8567446,521.018301436
415465,11.350897704,13716.8920884,532.767174051
415466,12.3034949823,13716.9298393,562.472947395
415467,11.7920656083,13716.9605482,467.239674852
415468,10.9221258448,13716.9934665,441.367416376
415469,10.5109753774,13717.0282476,413.950982423
415470,11.9141145081,13717.0602497,418.013970189
415471,10.7803918846,13717.0934859,424.287519718
415472,10.2401899305,13717.1287412,390.874904103
415473,11.4479903586,13717.1622981,384.318431282
415474,10.2943580311,13717.1893497,414.978838998
415475,11.7263811683,13717.2243318,447.450187487
415476,10.6023035705,13717.2580981,430.537081807
415477,10.7175680438,13717.2907267,430.70757784
415478,10.4001051754,13717.3292823,405.604101842
415479,12.7098244313,13717.3581635,411.845382308
415480,9.66412707608,13717.3942489,419.472100904
415481,10.5699719894,13717.4303206,393.22568847
415482,11.7689303525,13717.4628825,466.768300277
415483,11.3904732533,13717.4958328,423.137301226
415484,11.7842021979,13717.5248203,464.841594269
415485,10.0622990791,13717.5617071,406.870403949
415486,12.5537017212,13717.5918347,382.012258068
415487,11.1000024233,13717.6225312,410.550062228
415488,9.91198750656,13717.6567373,387.962838914
415489,9.60606560778,13717.6932954,373.650022274
415490,12.4871555783,13717.7261877,407.127234248
415491,9.95257007205,13717.759707,393.095021109
415492,10.1843039328,13717.7942492,364.079963124
415493,10.9610977578,13717.8285169,415.799964618
415494,12.2817142984,13717.85895,438.888740229
415495,10.3881873542,13717.8941744,382.110236179
415496,11.2742875281,13717.9256606,438.539351907
415497,11.0052358901,13717.9572037,423.951626984
415498,10.3740971727,13717.9902024,394.897609165
415499,10.6672489315,13718.0262838,414.241018306
415500,11.0141777095,13718.0635785,428.138527982
415501,11.6712484072,13718.0971348,425.000141437
415502,10.8539324467,13718.1277779,397.170883319
415503,10.2737019241,13718.1617761,435.876257905
415504,12.8291260332,13718.1942144,432.590824936
415505,10.491510365,13718.2245229,456.229935881
415506,11.3324405168,13718.2613942,413.284643714
415507,11.1180658955,13718.2943553,416.445409539
415508,11.6751945041,13718.3256737,434.812834706
415509,10.4141788639,13718.360958,417.477400712
415510,11.4109198126,13718.3936758,423.435849055
415511,10.8553150145,13718.4255802,381.792401505
415512,10.8550576629,13718.4593744,416.047611115
415513,10.5620152081,13718.4902793,393.638811018
415514,11.403234938,13718.5253965,422.68947932
415515,10.1736590372,13718.558684,405.800210801
415516,11.1830664519,13718.5926023,405.067894989
415517,11.4473209138,13718.625132,398.524630604
415518,10.6773981861,13718.6587772,426.428067884
415519,11.2245547442,13718.6939712,407.499262936
415520,11.5673913424,13718.7253318,428.618288
415521,10.269860339,13718.7560586,363.964777715
415522,10.2434070233,13718.7913588,393.538846707
415523,11.4212297009,13718.8262528,420.108786032
415524,10.8860276408,13718.8605792,397.898829672
415525,12.0494930357,13718.8897733,408.618189488
415526,10.5524142495,13718.920874,394.129493767
415527,10.5176897252,13718.9549819,424.763641523
415528,10.8379888486,13718.9943686,414.685870679
415529,11.1008388884,13719.0259452,400.246438128
415530,10.8789699336,13719.059468,431.059879019
415531,13.0709217039,13719.0933396,425.357596438
415532,11.8841111957,13719.1238351,417.976203094
415533,9.91882370617,13719.1592535,396.504900115
415534,12.9541502219,13719.1941159,458.181536047
415535,10.3661093071,13719.2257545,400.807999094
415536,11.5645160322,13719.2627979,390.634219492
415537,11.0961798774,13719.2941495,400.078455098
415538,11.8876547652,13719.3255847,384.285793295
415539,10.0059425544,13719.3642868,384.545959821
415540,11.8323141818,13719.3974955,410.224813968
415541,11.2284894195,13719.4275597,408.568920048
415542,10.8664999399,13719.4597261,393.151109137
415543,11.7745439685,13719.4940569,406.179103283
415544,12.4621466963,13719.5245925,439.721332037
415545,10.7902482096,13719.5591282,399.384971302
415546,11.4883049755,13719.5939321,426.771588405
415547,11.6940086187,13719.6268031,428.709437382
415548,11.5604893814,13719.6576162,410.356665072
415549,10.8008092469,13719.6917369,431.762265209
415550,11.6126884656,13719.7256139,420.46913476
415551,12.7580453813,13719.7594806,460.881630299
415552,10.7472640184,13719.7924388,421.616139982
415553,11.4662965944,13719.8273372,410.230698166
415554,10.8629396213,13719.859797,394.071757041
415555,11.4804429273,13719.8936215,411.378088421
415556,11.2366977056,13719.9238259,385.010652623
415557,10.8467467287,13719.9609717,428.412169261
415558,11.5141819829,13719.9935884,416.106670309
415559,11.9849796365,13720.0288488,434.114425925
415560,10.8503221553,13720.0591799,428.416008421
415561,12.7926456303,13720.0953562,446.827902342
415562,10.6180918993,13720.1286431,409.175579963
415563,11.5171124976,13720.1622445,416.531145787
415564,12.5335249823,13720.1924265,443.127025358
415565,11.6982447928,13720.2273461,403.207800402
415566,12.675046991,13720.2573774,415.772454904
415567,10.1408260366,13720.2926104,388.143345571
415568,11.305600385,13720.328828,452.788942561
415569,12.8887966442,13720.3596702,450.001772465
415570,11.5643606518,13720.3952371,421.107900471
415571,12.0973639586,13720.4291167,471.486903531
415572,12.1555681687,13720.4607939,404.617948136
415573,11.7242252872,13720.493216,416.663857554
415574,12.145975903,13720.5256025,447.097316041
415575,11.4937868885,13720.5592133,439.928352987
415576,11.5114339303,13720.5956519,416.166596748
415577,12.1139437863,13720.6258883,400.493650419
415578,10.8446466913,13720.6621439,415.223947389
415579,12.7437680514,13720.6932544,443.292663169
415580,11.8129464125,13720.7237806,424.116034941
415581,11.4356696143,13720.7611476,449.93220288
415582,11.6701395785,13720.7951024,426.399496528
415583,10.7250432352,13720.8296431,381.757307576
415584,13.5752738102,13720.8599848,429.931300558
415585,10.7226526513,13720.8920964,441.195136915
415586,11.4437401934,13720.925834,410.062921347
415587,11.8710535586,13720.960076,412.935242181
415588,10.3234429231,13720.9931072,398.490245729
415589,12.7417675653,13721.0279653,427.371876442
415590,11.5992857122,13721.0587655,449.3881251
415591,10.9180410913,13721.0934007,408.807383768
415592,11.4299614957,13721.129565,394.623455451
415593,11.6065193197,13721.1592401,409.366395364
415594,11.0778366373,13721.1919661,383.267533298
415595,11.5810723483,13721.2223605,422.193230195
415596,11.2642100681,13721.2611006,423.420442836
415597,10.9929572462,13721.292456,368.878832075
415598,10.0730369756,13721.3277757,388.693946512
415599,12.773355799,13721.3594306,442.113135753
415600,12.1926769813,13721.3939633,466.837842627
415601,11.0115927472,13721.4257717,391.647540731
415602,11.3502259943,13721.4593598,417.497046162
415603,10.2851381159,13721.4944834,374.525929142
415604,11.3671495081,13721.5305887,417.036533613
415605,12.3316128275,13721.5602805,413.98236272
415606,11.6053505028,13721.5926671,421.643322709
415607,11.2923858896,13721.6256153,437.497984681
415608,11.4869714115,13721.6607923,414.168644239
415609,11.4141425192,13721.698096,446.904130216
415610,12.0714658346,13721.7284011,442.876401306
415611,11.042209669,13721.7624576,435.432845857
415612,13.7061763263,13721.7974888,453.13373473
415613,11.3754888345,13721.8248707,430.16798707
415614,12.1124540816,13721.8578746,445.039980493
415615,11.8537373866,13721.89289,426.240354037
415616,11.5660199481,13721.9237912,456.967578746
415617,12.0925728947,13721.960395,444.802902301
415618,11.1691551336,13721.9902765,391.717414049
415619,11.0486656557,13722.0262824,415.611974166
415620,10.7391440489,13722.0599515,422.664114734
415621,12.3533064984,13722.09536,418.191812372
415622,11.6142227705,13722.1261396,447.863465385
415623,11.8010722498,13722.1597382,407.94857637
415624,10.931458448,13722.1931999,436.711422962
415625,11.4335716778,13722.2268079,408.420239745
415626,10.6044277624,13722.2620255,375.073078344
415627,11.1256455112,13722.2926277,426.853771678
415628,11.6858042227,13722.326593,411.997110756
415629,11.1695222163,13722.3615835,427.079064346
415630,11.7419230731,13722.3937232,407.429503076
415631,11.1529978058,13722.4264253,465.362091127
415632,12.3211762782,13722.4605639,431.768897248
415633,11.9628743905,13722.4900747,445.044653195
415634,10.7125235695,13722.5258947,429.837922448
415635,12.5379731951,13722.557187,427.579814365
415636,10.4387520615,13722.5911375,419.892232797
415637,11.9560989925,13722.6262331,431.414754802
415638,12.208594787,13722.6586304,455.987337993
415639,10.9615669989,13722.6889895,445.935083868
415640,12.6650302123,13722.7240604,469.80263369
415641,11.2860639968,13722.7566653,427.084704075
415642,10.5050709533,13722.7925783,455.367865647
415643,11.8696324234,13722.8285868,416.284102333
415644,11.1439019187,13722.8617755,426.972897688
415645,12.2589352949,13722.8938774,453.911807565
415646,10.4552001506,13722.9291155,431.965549314
415647,11.8387075853,13722.9636258,422.22879645
415648,10.7543784786,13722.9949423,396.456045648
415649,11.9305875711,13723.0266718,419.949903706
415650,11.3401542058,13723.0585218,443.137474996
415651,10.9745081623,13723.0939084,436.504078009
415652,11.4248266705,13723.1291488,421.171861584
415653,12.0839194463,13723.1599899,443.497952724
415654,11.1683875821,13723.1908888,429.366042429
415655,11.0634572062,13723.2280405,430.907100755
415656,11.2256226921,13723.2625134,420.024340669
415657,11.3997955051,13723.2934227,408.965181206
415658,10.4196936488,13723.3274184,394.024266386
415659,12.2389069113,13723.358966,410.687823684
415660,11.2020305929,13723.3936958,442.869980851
415661,10.4402927474,13723.4303319,401.238801198
415662,11.3898034621,13723.4632659,414.282083976
415663,11.3796889553,13723.4940683,369.97117185
415664,10.3292356641,13723.524882,374.425888203
415665,11.1133248733,13723.5581348,400.079695438
415666,11.1369702715,13723.592406,412.368789388
415667,12.2078331949,13723.6250973,452.349229772
415668,11.1299532452,13723.6589905,424.837765403
415669,10.2434973902,13723.692681,427.290153739
415670,12.3509383666,13723.7273897,428.561543956
415671,11.1573012792,13723.7623357,429.809599477
415672,11.2927613145,13723.7926473,436.637211962
415673,12.326021302,13723.8254835,430.529415241
415674,10.3562118162,13723.8597747,398.680529443
415675,11.0890286062,13723.894409,426.026567028
415676,11.9312751303,13723.9271189,434.304970339
415677,10.412734497,13723.9609408,402.341377786
415678,12.5460325468,13723.9946769,429.140339771
415679,11.3539772396,13724.0241051,455.009841044
415680,11.1127375185,13724.061287,435.953698465
415681,11.1298726904,13724.0933927,440.017232981
415682,10.7935564034,13724.1286823,399.653198199
415683,11.6290931702,13724.1642155,422.985784552
415684,10.9178880177,13724.1965283,432.601939044
415685,11.8667415812,13724.2271239,442.26503699
415686,11.4807989452,13724.2617712,424.479155699
415687,11.8758747721,13724.2935311,471.15952301
415688,11.0800537848,13724.3269019,399.035796213
415689,11.0265875114,13724.3595144,395.422714244
415690,10.881858438,13724.3922846,440.681679476
415691,10.7490363389,13724.426731,427.265743887
415692,12.592488333,13724.4649781,452.804588984
415693,10.9058569209,13724.4923401,446.874058082
415694,11.2187301667,13724.5265931,390.888637026
415695,10.9693949435,13724.5599869,414.230846098
415696,11.0933773498,13724.5926387,421.84016926
415697,11.4539254574,13724.6266251,451.232332408
415698,11.2011046222,13724.6612628,418.807489392
415699,10.1193957276,13724.6951877,414.030472792
415700,11.6092283843,13724.7315823,434.532658536
415701,11.6818897413,13724.763573,441.600155107
415702,10.3829682131,13724.7966536,382.059371238
415703,12.5272623026,13724.8279614,427.948589238
415704,11.5957365356,13724.8591348,408.657183233
415705,9.81485844675,13724.8940587,409.410205801
415706,12.0061968073,13724.9248487,419.358425891
415707,10.539385128,13724.9605859,431.342926356
415708,11.4348913967,13724.9950021,443.60894444
415709,11.2775690855,13725.0286141,438.086748026
415710,11.5677286927,13725.0617574,433.596987636
415711,10.3805132074,13725.0957557,424.713975691
415712,13.1639815955,13725.1299314,455.062678846
415713,11.1884197937,13725.1606075,455.988163172
415714,10.9867338416,13725.1945157,426.081346741
415715,11.1213877012,13725.2276162,414.486226855
415716,10.3940290211,13725.2629159,414.850686382
415717,10.6338470728,13725.2955106,409.230448507
415718,12.3313015968,13725.3277652,446.488487848
415719,10.5316676477,13725.361345,391.942205519
415720,10.7505762055,13725.3952724,399.076680223
415721,11.0727422874,13725.4256234,431.694967634
415722,11.8889929905,13725.45846,442.136288306
415723,9.92477337643,13725.4948465,390.23421388
415724,10.9057291918,13725.5303116,370.955136222
415725,11.6453069531,13725.5597397,435.416142667
415726,10.5806660618,13725.5925514,431.608181725
415727,11.7342781019,13725.6269057,446.365522731
415728,10.5775057295,13725.6570106,372.472412465
415729,10.3979729973,13725.691432,428.593297108
415730,10.8946870587,13725.7300868,441.066665946
415731,13.0373538282,13725.7612751,449.174209052
415732,9.94444862094,13725.7937016,417.430002343
415733,10.9392122519,13725.8294265,450.238627604
415734,12.1086182723,13725.8619735,462.352648922
415735,11.4276973246,13725.8948282,408.530189988
415736,10.7363832502,13725.9261279,394.0413549
415737,9.84518822018,13725.9604047,411.264988485
415738,11.7275317468,13725.9951181,443.790627717
415739,12.019630877,13726.028527,439.66225941
415740,10.6187995259,13726.0615906,477.373798731
415741,11.9695646461,13726.0949952,377.373627789
415742,10.6424049334,13726.1254909,401.036546373
415743,10.3141664956,13726.1622524,409.330792924
415744,11.0091171149,13726.1960473,411.776301952
415745,10.917562693,13726.2273266,410.099463723
415746,11.2212944839,13726.2616962,420.910741132
415747,11.3393993446,13726.296173,455.697151249
415748,11.1965213866,13726.3307449,441.801738269
415749,11.2021634084,13726.3601283,371.364811293
415750,10.5218264704,13726.3959069,433.187569886
415751,12.0139033666,13726.4279763,411.465228569
415752,10.3628583921,13726.457511,387.465598485
415753,11.5497230211,13726.4907462,457.345698266
415754,10.6640393321,13726.5256419,426.428251959
415755,11.7485741987,13726.560914,444.586911464
415756,11.6435938917,13726.5914877,438.76423712
415757,10.7663309791,13726.6253252,445.21089329
415758,10.8852221683,13726.6602419,417.487650946
415759,10.7239100719,13726.6942104,395.478262657
415760,11.4248986236,13726.7281224,461.967298079
415761,12.1840790188,13726.7616543,404.834246102
415762,9.88657844098,13726.7914207,403.77928958
415763,10.7825868204,13726.8270224,434.124674963
415764,10.9423909482,13726.8600509,386.717162355
415765,10.8422988293,13726.8929219,433.013779257
415766,11.6804715866,13726.9259625,408.482641446
415767,10.8114574088,13726.9601956,459.582325185
415768,11.3909413015,13726.994955,394.593781605
415769,11.3115024553,13727.0277547,464.460814304
415770,10.0470876695,13727.059682,418.735808117
415771,12.4228829157,13727.0942607,435.687347216
415772,10.8267152292,13727.1268878,428.579320638
415773,11.1497719388,13727.1594008,425.302054765
415774,10.4401938631,13727.1938145,428.429736434
415775,10.2794810457,13727.2292113,430.144389975
415776,12.2424531614,13727.2652139,421.43211363
415777,10.9279632617,13727.2949699,411.942182195
415778,11.4158122308,13727.3274841,433.800864769
415779,10.3859529017,13727.3599837,417.76841982
415780,11.1093269418,13727.3957966,418.631515823
415781,10.6642896974,13727.4270062,415.770554054
415782,12.0983334977,13727.4600384,427.740682864
415783,11.1305910748,13727.4912475,414.829230058
415784,10.2731501821,13727.5268564,404.193304622
415785,10.3571674606,13727.5631323,422.871871827
415786,12.5815903529,13727.5943501,407.690123253
415787,10.1618360377,13727.6244151,379.541515201
415788,10.7269756594,13727.6614246,442.934477761
415789,12.2922262277,13727.6921571,427.232233528
415790,10.566655324,13727.7255641,453.259017248
415791,11.6026243771,13727.7624051,445.60724449
415792,11.7753983185,13727.7962762,459.089542955
415793,12.0701850429,13727.8244664,447.574440272
415794,10.3763971704,13727.8617543,423.021164376
415795,11.6923705815,13727.8951134,427.851304103
415796,10.2833061994,13727.9276022,406.288209473
415797,11.4159540768,13727.9603919,434.856453165
415798,11.3818841239,13727.9950853,445.78642537
415799,12.1888272231,13728.0276466,448.674687046
415800,10.1532837518,13728.0618868,414.29876855
415801,11.2049324419,13728.0955616,407.403700988
415802,10.9653160833,13728.1301619,391.693615069
415803,11.4970428849,13728.1615303,427.869212737
415804,9.79300709533,13728.1921218,395.254307253
415805,12.3608162564,13728.226176,401.869127827
415806,11.3340438582,13728.2565468,444.491086721
415807,9.97939352679,13728.2931226,402.158415732
415808,11.0404369144,13728.3285021,427.594283045
415809,11.7911936796,13728.3624383,451.157635026
415810,11.8364522078,13728.3938936,439.863968516
415811,11.7717895765,13728.4238778,462.108343328
415812,10.9477822267,13728.4585703,483.564916551
415813,11.536821486,13728.4935876,471.318341729
415814,11.5593921038,13728.5285061,391.486422553
415815,9.95535434488,13728.5608152,400.324096919
415816,10.9587842737,13728.5953975,427.673488831
415817,11.8648689471,13728.6279488,453.200720407
415818,10.8796234944,13728.6630324,405.621779814
415819,10.9782078781,13728.6943751,462.650388122
415820,10.5308819006,13728.7287506,427.377389466
415821,13.0986902948,13728.7639541,448.044143253
415822,9.77390847159,13728.7956682,397.138329206
415823,12.0577079565,13728.830245,438.244192497
415824,10.7145155058,13728.8601134,416.490183621
415825,9.95870694745,13728.8971562,373.816484773
415826,11.5191449828,13728.9306442,428.691755312
415827,10.886184084,13728.9626779,394.764917568
415828,10.9714317388,13728.9939391,423.787084611
415829,12.0549437336,13729.0286068,472.147688076
415830,11.7658823805,13729.0605027,459.623017243
415831,10.5947986375,13729.0923914,413.061293776
415832,10.9662262397,13729.1284513,432.853494559
415833,11.5631337356,13729.1604626,445.443369792
415834,11.3189143154,13729.1930528,425.928203965
415835,10.7536676969,13729.2274894,446.115227199
415836,11.6413427727,13729.2606293,447.094252689
415837,10.4476448655,13729.2949762,408.261023734
415838,11.7186974744,13729.3278929,433.75013842
415839,11.2582516603,13729.3616059,436.030211876
415840,11.8635263658,13729.3928413,442.145208193
415841,10.6563302988,13729.4278103,448.832690458
415842,11.6155554517,13729.4616769,408.035136367
415843,10.8406033868,13729.4941838,412.797878623
415844,10.818714235,13729.5271171,417.748088382
415845,10.255415689,13729.5627572,431.459366788
415846,12.8238825715,13729.5960044,414.352326691
415847,10.5501815471,13729.6273509,443.735167603
415848,11.9741927501,13729.6605796,443.691913311
415849,10.0869011318,13729.696033,441.409985228
415850,12.9627581932,13729.7310171,457.3851872
415851,10.7267530926,13729.7616976,431.343535939
415852,12.0451909696,13729.7936017,412.008922023
415853,10.6418523858,13729.828015,421.395855239
415854,10.9338183741,13729.8609914,436.257982971
415855,10.772097859,13729.8954939,411.037057169
415856,11.6985637714,13729.9307916,456.843519522
415857,12.3565516162,13729.9595938,447.743872074
415858,10.5789441477,13729.9966585,441.916319506
415859,10.575026996,13730.0287405,394.832479892
415860,11.7415318895,13730.0627687,404.52942898
415861,9.92705218004,13730.0946615,388.932732297
415862,11.4021934221,13730.1298343,419.71844146
415863,10.8840828348,13730.1641774,440.771760683
415864,11.4345149732,13730.1961988,424.927254035
415865,11.325509735,13730.2276072,445.166012653
415866,11.1088618596,13730.262373,431.676135363
415867,11.6734595772,13730.2948974,455.564144655
415868,11.208391657,13730.3284513,471.152579245
415869,10.6894899386,13730.3619259,437.486230496
415870,11.9041393873,13730.3975427,413.914989188
415871,11.1181576334,13730.4260661,423.804568843
415872,9.91585325861,13730.463421,397.253387756
415873,12.0095870352,13730.4959205,393.94374534
415874,10.4957036814,13730.5247242,412.148523076
415875,11.5266502913,13730.5594521,442.839443138
415876,11.4569984239,13730.5945605,423.599179903
415877,10.8031335944,13730.6254145,424.770640673
415878,11.4761369399,13730.6609654,464.889794448
415879,11.1423223867,13730.6940613,426.766947837
415880,10.7360826553,13730.7291258,430.247758943
415881,11.0806568605,13730.7624719,434.553921898
415882,11.5946213095,13730.7958365,422.209820622
415883,10.5481161136,13730.8278995,437.07910936
415884,11.6668028038,13730.8610662,438.709018319
415885,11.7563954756,13730.8945177,447.670202425
415886,10.3096293288,13730.9284386,439.461177104
415887,12.6666009529,13730.9623135,422.768561491
415888,10.9269229538,13730.9935037,482.272343105
415889,10.8249213915,13731.0304521,413.902869789
415890,11.3474738719,13731.0613479,403.114916681
415891,10.5986147047,13731.094422,430.126206637
415892,10.5246259125,13731.130611,425.434489054
415893,11.9274011692,13731.1621731,416.947553238
415894,11.3570333394,13731.1950626,442.341504851
415895,10.8674701426,13731.2254795,439.696284099
415896,11.0997019681,13731.2626434,450.461955204
415897,11.3484348235,13731.2943266,403.149054142
415898,10.8053159131,13731.3275569,425.131169016
415899,11.5042697636,13731.3615126,427.828928573
415900,11.2098625813,13731.3927417,417.93398586
415901,104.775509911,13731.4132939,554.419885431
